:020000040800F2
:1000000000000220296500087D5A0008835A000874
:10001000895A00088F5A0008955A0008000000000D
:1000200000000000000000000000000001030108C3
:100030009B5A00080000000051050108B90501089D
:100040007965000879650008796500087965000818
:100050007965000879650008796500087965000808
:1000600079650008796500087965000879650008F8
:10007000A95A0008796500087965000879650008C3
:1000800079650008796500087965000879650008D8
:10009000BD5A0008D15A0008796500087965000842
:1000A00079650008796500087965000879650008B8
:1000B000E55A000879650008796500087965000847
:1000C0007965000879650008796500087965000898
:1000D00079650008F95A0008796500080D5B000889
:1000E0007965000879650008796500087965000878
:1000F0007965000879650008796500087965000868
:100100007965000879650008796500087965000857
:100110007965000879650008796500087965000847
:10012000215B0008355B0008495B00085D5B000847
:100130007965000879650008796500087965000827
:10014000715B0008855B000879650008995B000811
:10015000796500087965000879650008AD5B0008DD
:1001600079650008796500087965000879650008F7
:1001700079650008796500087965000800000000CD
:080180007965000879650008AB
:1001900010B5054C237833B9044B13B10448AFF3C1
:1001A00000800123237010BD18070020000000000C
:1001B000A88A010808B5034B1BB103490348AFF3F4
:1001C000008008BD000000001C070020A88A01086C
:1001D00081F0004102E000BF83F0004330B54FEAF8
:1001E00041044FEA430594EA050F08BF90EA020F65
:1001F0001FBF54EA000C55EA020C7FEA645C7FEAF8
:10020000655C00F0E2804FEA5454D4EB5555B8BF1A
:100210006D420CDD2C4480EA020281EA030382EA8B
:10022000000083EA010180EA020281EA0303362D1D
:1002300088BF30BD11F0004F4FEA01314FF4801CF0
:100240004CEA113102D0404261EB410113F0004F02
:100250004FEA03334CEA133302D0524263EB4303B9
:1002600094EA050F00F0A780A4F10104D5F1200E57
:100270000DDB02FA0EFC22FA05F2801841F10001B2
:1002800003FA0EF2801843FA05F359410EE0A5F186
:1002900020050EF1200E012A03FA0EFC28BF4CF0B7
:1002A000020C43FA05F3C01851EBE37101F000456D
:1002B00007D54FF0000EDCF1000C7EEB00006EEB7A
:1002C0000101B1F5801F1BD3B1F5001F0CD3490804
:1002D0005FEA30004FEA3C0C04F101044FEA44525B
:1002E00012F5800F80F09A80BCF1004F08BF5FEAE2
:1002F000500C50F1000041EB045141EA050130BDC2
:100300005FEA4C0C404141EB0101013C28BFB1F5D3
:10031000801FE9D291F0000F04BF01460020B1FA1E
:1003200081F308BF2033A3F10B03B3F120020CDAF1
:100330000C3208DD02F1140CC2F10C0201FA0CF0CF
:1003400021FA02F10CE002F11402D8BFC2F1200C34
:1003500001FA02F120FA0CFCDCBF41EA0C019040EA
:10036000E41AA2BF01EB0451294330BD6FEA040433
:100370001F3C1CDA0C340EDC04F11404C4F120021E
:1003800020FA04F001FA02F340EA030021FA04F330
:1003900045EA030130BDC4F10C04C4F1200220FA87
:1003A00002F001FA04F340EA0300294630BD21FAC5
:1003B00004F0294630BD94F0000F83F4801306BF8B
:1003C00081F480110134013D4EE77FEA645C18BF7F
:1003D0007FEA655C29D094EA050F08BF90EA020F16
:1003E00005D054EA000C04BF1946104630BD91EA0E
:1003F000030F1EBF0021002030BD5FEA545C05D111
:100400004000494128BF41F0004130BD14F580044F
:100410003CBF01F5801130BD01F0004545F0FE41C3
:1004200041F470014FF0000030BD7FEA645C1ABFF8
:10043000194610467FEA655C1CBF0B46024650EA2F
:10044000013406BF52EA033591EA030F41F400215B
:1004500030BD00BF90F0000F04BF0021704730B5E1
:100460004FF4806404F132044FF000054FF00001B6
:1004700050E700BF90F0000F04BF0021704730B577
:100480004FF4806404F1320410F0004548BF40424C
:100490004FF000013EE700BF42004FEAE2014FEAA1
:1004A00031014FEA02701FBF12F07F4393F07F4F7C
:1004B00081F06051704732F07F4208BF704793F07F
:1004C0007F4F04BF41F40021704730B54FF4607492
:1004D00001F0004521F000411CE700BF50EA010295
:1004E00008BF704730B54FF000050AE050EA01023E
:1004F00008BF704730B511F0004502D5404261EBAE
:1005000041014FF4806404F132045FEA915C3FF4EE
:10051000D8AE4FF003025FEADC0C18BF03325FEA8B
:10052000DC0C18BF033202EBDC02C2F1200300FA3C
:1005300003FC20FA02F001FA03FE40EA0E0021FA61
:1005400002F11444BDE600BF70B54FF0FF0C4CF44F
:10055000E06C1CEA11541DBF1CEA135594EA0C0F01
:1005600095EA0C0F00F0DEF82C4481EA030621EA3C
:100570004C5123EA4C5350EA013518BF52EA033577
:1005800041F4801143F4801338D0A0FB02CE4FF029
:100590000005E1FB02E506F00042E0FB03E54FF059
:1005A0000006E1FB03569CF0000F18BF4EF0010E51
:1005B000A4F1FF04B6F5007F64F5407404D25FEA4D
:1005C0004E0E6D4146EB060642EAC62141EA555100
:1005D0004FEAC52040EA5E504FEACE2EB4F1FD0C42
:1005E00088BFBCF5E06F1ED8BEF1004F08BF5FEAC0
:1005F000500E50F1000041EB045170BD06F0004672
:1006000046EA010140EA020081EA0301B4EB5C041E
:10061000C2BFD4EB0C0541EA045170BD41F4801116
:100620004FF0000E013C00F3AB8014F1360FDEBF3B
:10063000002001F0004170BDC4F10004203C35DA17
:100640000C341BDC04F11404C4F1200500FA05F39A
:1006500020FA04F001FA05F240EA020001F000423B
:1006600021F0004110EBD37021FA04F642EB0601B1
:100670005EEA430E08BF20EAD37070BDC4F10C04DB
:10068000C4F1200500FA04F320FA05F001FA04F29F
:1006900040EA020001F0004110EBD37041F100018B
:1006A0005EEA430E08BF20EAD37070BDC4F1200596
:1006B00000FA05F24EEA020E20FA04F301FA05F2FE
:1006C00043EA020321FA04F001F0004121FA04F2A6
:1006D00020EA020000EBD3705EEA430E08BF20EA76
:1006E000D37070BD94F0000F0FD101F000464000B0
:1006F00041EB010111F4801F08BF013CF7D041EA32
:10070000060195F0000F18BF704703F00046520035
:1007100043EB030313F4801F08BF013DF7D043EA06
:100720000603704794EA0C0F0CEA135518BF95EABC
:100730000C0F0CD050EA410618BF52EA4306D1D143
:1007400081EA030101F000414FF0000070BD50EA62
:10075000410606BF1046194652EA430619D094EAEC
:100760000C0F02D150EA013613D195EA0C0F05D1D6
:1007700052EA03361CBF104619460AD181EA03012A
:1007800001F0004141F0FE4141F470014FF00000E2
:1007900070BD41F0FE4141F4780170BD70B54FF07D
:1007A000FF0C4CF4E06C1CEA11541DBF1CEA1355FD
:1007B00094EA0C0F95EA0C0F00F0A7F8A4EB0504DF
:1007C00081EA030E52EA03354FEA013100F08880D6
:1007D0004FEA03334FF0805545EA131343EA12639F
:1007E0004FEA022245EA111545EA10654FEA002654
:1007F0000EF000419D4208BF964244F1FD0404F50D
:10080000407402D25B084FEA3202B61A65EB030568
:100810005B084FEA32024FF480104FF4002CB6EB25
:10082000020E75EB030E22BFB61A754640EA0C00A5
:100830005B084FEA3202B6EB020E75EB030E22BFE5
:10084000B61A754640EA5C005B084FEA3202B6EB26
:10085000020E75EB030E22BFB61A754640EA9C00E5
:100860005B084FEA3202B6EB020E75EB030E22BFB5
:10087000B61A754640EADC0055EA060E18D04FEA73
:10088000051545EA16754FEA06164FEAC30343EA13
:1008900052734FEAC2025FEA1C1CC0D111F4801FE0
:1008A0000BD141EA00014FF000004FF0004CB6E7D9
:1008B00011F4801F04BF01430020B4F1FD0C88BF78
:1008C000BCF5E06F3FF6AFAEB5EB030C04BFB6EB83
:1008D000020C5FEA500C50F1000041EB045170BD76
:1008E0000EF0004E4EEA113114EB5C04C2BFD4EBA3
:1008F0000C0541EA045170BD41F480114FF0000E27
:10090000013C90E645EA060E8DE60CEA135594EAA2
:100910000C0F08BF95EA0C0F3FF43BAF94EA0C0FA5
:100920000AD150EA01347FF434AF95EA0C0F7FF41A
:1009300025AF104619462CE795EA0C0F06D152EA6E
:1009400003353FF4FDAE1046194622E750EA410652
:1009500018BF52EA43067FF4C5AE50EA41047FF463
:100960000DAF52EA43057FF4EBAE12E74FF0FF3CC8
:1009700006E000BF4FF0010C02E000BF4FF0010C99
:100980004DF804CD4FEA410C7FEA6C5C4FEA430C12
:1009900018BF7FEA6C5C1BD001B050EA410C0CBF61
:1009A00052EA430C91EA030F02BF90EA020F0020C3
:1009B000704710F1000F91EA030F58BF994208BF2A
:1009C00090422CBFD8176FEAE37040F001007047E7
:1009D0004FEA410C7FEA6C5C02D150EA013C07D13E
:1009E0004FEA430C7FEA6C5CD6D152EA033CD3D089
:1009F0005DF8040B704700BF8446104662468C4683
:100A00001946634600E000BF01B5FFF7B7FF0028B5
:100A100048BF10F1000F01BD4DF808EDFFF7F4FFDE
:100A20000CBF012000205DF808FB00BF4DF808ED69
:100A3000FFF7EAFF34BF012000205DF808FB00BF8C
:100A40004DF808EDFFF7E0FF94BF012000205DF8AE
:100A500008FB00BF4DF808EDFFF7CEFF94BF012063
:100A600000205DF808FB00BF4DF808EDFFF7C4FF5C
:100A700034BF012000205DF808FB00BF4FEA4102AF
:100A800012F5001215D211D56FF47873B3EB6252E0
:100A900012D94FEAC12343F0004343EA505311F007
:100AA000004F23FA02F018BF404270474FF0000099
:100AB000704750EA013005D111F0004008BF6FF0D7
:100AC000004070474FF00000704700BF4FEA4102FE
:100AD000B2F1E04324BFB3F5001CDCF1FE5C0DD99C
:100AE00001F0004C4FEAC0024CEA5070B2F1004FE6
:100AF00040EB830008BF20F00100704711F0804FE9
:100B000021D113F13872BCBF01F00040704741F4AD
:100B100080114FEA5252C2F11802C2F1200C10FAB1
:100B20000CF320FA02F018BF40F001004FEAC12395
:100B30004FEAD32303FA0CFC40EA0C0023FA02F339
:100B40004FEA4303CCE77FEA625307D150EA01330F
:100B50001EBF4FF0FE4040F44000704701F00040DF
:100B600040F0FE4040F40000704700BF53B94AB95E
:100B7000002908BF00281CBF4FF0FF314FF0FF30A5
:100B800001F0F6B8ADF1080C6DE904CE00F006F8FE
:100B9000DDF804E0DDE9022304B070472DE9F047F9
:100BA000089D0C46002B4ED194468C458646B2FAE1
:100BB00082F262D94AB1C2F12003914020FA03F3D4
:100BC0000CFA02FC194300FA02FE4FEA1C471FFA16
:100BD0008CF6B1FBF7F44FEA1E4307FB141143EA0E
:100BE000014304FB06F199420AD91CEB030304F10B
:100BF000FF3080F01281994240F20F81023C634441
:100C0000591A1FFA8EF3B1FBF7F007FB101143EAF4
:100C1000014300FB06F69E420AD91CEB030300F1D8
:100C2000FF3180F0FC809E4240F2F980634402383C
:100C30009B1B40EA044000211DB1D3400022C5E9BE
:100C40000032BDE8F0878B4205D90DB1C5E900013E
:100C500000210846F5E7B3FA83F1002946D1A34203
:100C600002D39042C0F0F080861A64EB03030120A7
:100C7000002DE6D0C5E90063E3E7002A40F090804C
:100C8000A1EB0C044FEA1C481FFA8CF70121B4FBBE
:100C9000F8F64FEA1E4308FB164443EA044307FBF9
:100CA00006F0984208D91CEB030306F1FF3402D288
:100CB000984200F2CD8026461C1A1FFA8EF3B4FB30
:100CC000F8F008FB104443EA044300FB07F79F4297
:100CD00008D91CEB030300F1FF3402D29F4200F25B
:100CE000B0802046DB1B40EA0640A5E7C1F12006A4
:100CF0008B4022FA06F71F4320FA06FC04FA01F3A0
:100D000043EA0C03F44000FA01F8380C4FEA1349A7
:100D1000B4FBF0FE1FFA87FC00FB1E4449EA0444C2
:100D20000EFB0CF9A14502FA01F20AD93C190EF1A9
:100D3000FF3A80F08480A14540F28180AEF1020E3E
:100D40003C44A4EB09041FFA83F9B4FBF0F300FB65
:100D5000134449EA044403FB0CFCA44507D93C199D
:100D600003F1FF3067D2A44565D9023B3C4443EA16
:100D70000E40A0FB0293A4EB0C049C42CE469C4682
:100D800051D34ED055B1B8EB0E0364EB0C0404FA0A
:100D900006F6CB401E43CC40C5E90064002150E775
:100DA000C2F1200320FA03F10CFA02FC24FA03F347
:100DB00094400C434FEA1C4800FA02FE1FFA8CF7DD
:100DC000B3FBF8F008FB1031230C43EA014300FBAE
:100DD00007F1994208D91CEB030300F1FF362CD22E
:100DE00099422AD9023863445B1AA4B2B3FBF8F1E2
:100DF00008FB113344EA034401FB07F3A34208D97B
:100E00001CEB040401F1FF3613D2A34211D90239BD
:100E10006444E41A41EA004139E70446F0E6084632
:100E200006E7C845AED2B9EB020E63EB070C0138FA
:100E3000A8E73146EDE7034699E73046D4E7D646C2
:100E40007FE7634402384DE70646234608460FE72E
:100E5000023E634430E700BF03685A004CBF43F0D2
:100E6000004323F000431844704700BF2DE9F843C6
:100E700049B34F1E044615463E464FF0000909EBA4
:100E8000060101EBD171491004EBC1084046FFF7A0
:100E9000E3FF8F4203464FEAC1000FD00830AB4258
:100EA000204407D8FFF7D8FF0138A84208D201F143
:100EB0000109E4E7894506D04E1EE0E7AB42F9D8C8
:100EC0004046BDE8F8834FF000084046BDE8F8838F
:100ED000012807D0022807D0044B00280CBF184671
:100EE0000020704702487047024870479915000873
:100EF0009D150008A115000830B5214B83B00446AC
:100F00008D1E1BB301A92846AFF3008088B3019959
:100F10002A46FFF7ABFF014658B3FFF79DFF4B682A
:100F2000A064012B28D0002B01F104001FDBFFF788
:100F300093FF002323650368E064002B0DDBFFF7BC
:100F40008BFF03460020236103B030BD0D4B0E49DB
:100F5000C91AC91018460191DAE7C3F30360FFF715
:100F6000B7FF034628B10020236103B030BD012341
:100F7000E0E700230920E6E700230520E3E700BFC0
:100F800000000000F09A0108C89D01080368DA0714
:100F900010B5044606D49B0700F1480009D500F0BF
:100FA00069FC2368590709D51A070ED5DB0613D546
:100FB00010BD00F057FC23685907F5D404F1D000A8
:100FC00000F060FC23681A07F0D404F5A87000F064
:100FD00061FC2368DB06EBD404F5E870BDE8104043
:100FE00000F09CBC092070470346006800B118441B
:100FF000704700BF704700BF70B504460E46316CA5
:101000002046FFF779FF054688B9326C6261236993
:1010100032462146012098470828F0D0072806D1FB
:101020002846316CFFF7E6FF301D00F00FFC17F08B
:1010300093F800BF2DE9F0470D1DD0F80C80D0F8D3
:101040001890074614460FCDADF5727D0DF10C0CCE
:10105000ACE80F000FCDACE80F000FCDACE80F00EF
:1010600095E80F0002AE4FF0000E8CE80F00C6F8B6
:1010700000E020E0336C7B614FF4F07231467AA8D7
:1010800017F08AFB3B697AAA394650469847889BF5
:1010900073642146CDE9006905463B463A46012086
:1010A000C047044618BB4FF4F0727AA9304617F0D7
:1010B00073FB082D19D1316C3846FFF71DFF093439
:1010C0005FFA84FA05460028D4D0B36B73643A46BD
:1010D000CDE900693B464AF010010120C04730B914
:1010E00028460DF5727DBDE8F087072D05D009254E
:1010F00028460DF5727DBDE8F0872046316CFFF77C
:1011000079FF03A800F0A2FB406C7047F0B5CB6BF1
:101110000B6401F1040C0E460546BCE80F00F9B063
:1011200001AC0FC4BCE80F000FC4BCE80F000FC433
:101130009CE80F004FF0FF3784E80F00009706E0AF
:101140002B696A46294698470828044608D1109911
:101150002846FFF7D1FE0028F2D0092079B0F0BD73
:101160006846FFF713FF062CF7D131462846FFF7F4
:1011700043FF00BFC160D96B826119640022194628
:1011800058E700BF70B5C66843690B64AEB9036920
:101190000A4604460D46014602209847072805D016
:1011A00008280FD129462046FFF726FF3046296C34
:1011B000FFF720FF281D00F049FB0122FFF73AFF4F
:1011C00016F0CAFF16F0C8FFC2681AB1CA6B0A64EB
:1011D00000222FE79AE700BF704700BF83680146EF
:1011E0000BB1012018477047012910D009D883B9E5
:1011F0000F2A0ED800EB820218465368009A13603B
:101200007047033901298CBF02200120704708462E
:1012100070470220704700BF00B585B00A46002322
:1012200003A900911946FFF7DFFF039805B05DF8A9
:1012300004FB00BF012910D009D883B90F2A0ED8AA
:10124000009900EB82020968516018467047033923
:1012500001298CBF022001207047084670470220F8
:10126000704700BF10B584B0002303AC0392009414
:101270000A461946FFF7DEFF04B010BD70B5D36B08
:10128000136402F1040C05460C46BCE80F00ADF5F2
:101290000E7D0DF15C0EAEE80F00BCE80F00AEE86D
:1012A0000F00BCE80F00AEE80F009CE80F004FF005
:1012B000FF368EE80F00169610E0FFF7D3FF2146A9
:1012C00016A8A847034616AA6946082083B9049BB6
:1012D0009847052806460CD0092809D02699684663
:1012E000FFF70AFE03466A460C2116A8002BE4D03D
:1012F000092616A8FFF74AFE30460DF50E7D70BD93
:101300002DE9F04F9346CA6C89B00D4652F8041B84
:10131000069200F0030C002B79D00C0C8DF81D40C8
:101320000904E4B2059102EB840202212F6D8DF8CD
:101330001C10BCF1020F08BFAA6B17F001070CD0FC
:1013400005A9584600F084FB18B9082009B0BDE88B
:10135000F08F092009B0BDE8F08F1668002EEFD09D
:1013600000F008010191B246029764469946B9F12E
:10137000020F48D0B2F800A0568802F10408AA6C07
:1013800026F001030F2158469F18FFF745FF8742BB
:1013900037D82AF001023A44824294BF0022012247
:1013A000730003F002030AF0010A43EA0A03012B67
:1013B00047D0022B31D0002BCBD114B1002A40F002
:1013C000C98008F10402D2F800A0BAF1000FCED112
:1013D00005A95846029F00F03BFB0028B9D1002F19
:1013E000B3D00F215846FFF717FF0E21024658468B
:1013F000FFF738FF674A0F215846FFF733FF0720F2
:10140000A8E70022CCE7566802F10808B7E709020E
:1014100005918DF81D30032188E7D8F8006026F08B
:101420000043002C44D122B1019A002A5AD0002B4B
:1014300058D0002E01DA08F10408013308EB8302CA
:10144000C1E7ECB9CAB1D8F80430D8F80020991C2B
:101450004FEAD2723FF47DAF05F158010133049198
:1014600000F08B8008F10400FFF7BEFD04AB0146DD
:101470002846AFF30080002857D108F10802A2E700
:101480000D215846FFF7C8FE2B6A8342F5D1AB6A9F
:101490009845F2D14046FFF7DFFC0F21024658463F
:1014A000FFF7E0FE2A4600215846FFF7DBFEA6E7DD
:1014B0000D2158460393FFF7AFFE2A6A039B824231
:1014C000B7D1AA6A9045B4D100270422C5E90B72AE
:1014D0004244AB626A63D8F80020BA4255DB01226D
:1014E0000292AAE7039408F1040A002605F15807BE
:1014F0001C460DE050460497FFF776FD002201469A
:1015000004AB284601360AF1040AAFF30080E0B9C3
:10151000A642EFD10D215846FFF77EFE049BC5F889
:101520002880C5E90803062014E704460D21584623
:10153000FFF772FE049E2862022C04BFEE6205F1E2
:101540002C06C5E90968062004E72346D8F80060A0
:10155000039C6EE74046FFF77FFC08F10402044657
:10156000AA632846AFF3008000283FF4F2AE22467B
:101570000F215846FFF776FE41E70C4658460D21ED
:10158000FFF74AFE26462862DBE7581C08EB80007E
:1015900081E700BF000000000023B1E60123AFE6B1
:1015A0000223ADE62DE9F0430646C3B015461C46BE
:1015B000042900F2D180DFE801F0AC51CF2A03000A
:1015C000002C40F0C980102A00F2C6800368DC06B7
:1015D00000F1E78020AF384600F0AAF9B46B394635
:1015E00000234FF0010C0CFA03F22A42204603F1CB
:1015F000010303D050F8042B0A600446042B01F1C8
:101600000401F0D1B463384600F088F999E0032C66
:1016100040F0A28094B204EB1243102B4FEA124523
:1016200000F29A8003681F0700F1C38020AF38469C
:1016300000F052F9B26B07EBC50154B10B46D01A5A
:1016400001EBC401E4001D5843F8045B8B42FAD15E
:101650002244B263384600F01DF972E0012C4FEAD3
:10166000124895B271D0052C76D108EB0509B9F175
:10167000200F71D8B8F10F0F72D8B9F1100F0368AD
:1016800000F29F80D90708D523F00103304643F0CC
:10169000020340F8483B00F0F1F820AF384600F074
:1016A000EDF8B36B002D00F0B9806D006A1E07EBFA
:1016B000C80100250132043903EB820253F8040B00
:1016C00041F8040F9342F9D1002D00F0A18041466A
:1016D000102938BF10216B0010396F46013B07EB12
:1016E000C1010133043902EB830352F8040B41F8C2
:1016F000040F9A42F9D1012C00F08880B8F10F0F45
:10170000B26302D820A800F0B5F8384600F0BAF865
:1017100017E00CBB806B23461FFA82FC0124371DA7
:1017200004FA03F111EA0C0F024604D052F8041B2C
:1017300047F8231010460133102BF1D1AC0400D42C
:10174000B063002043B0BDE8F08308EB0503102B25
:1017500002D8B8F1100F14D1022043B0BDE8F083D5
:10176000002DEED003685A075CD46F46384600F06F
:101770008DF8B26B6B00A8F11001013B07EBC101C2
:10178000AFE70368DA0759D420AF384600F06EF8A7
:10179000B36B002D89D10433B363384600F062F88F
:1017A000CFE723F01003036000F5E87000F0C0F805
:1017B00010E723F00803036000F5A87000F08CF830
:1017C00034E7D90708D523F0010343F0020340F8BA
:1017D000483B00F053F83368580706D5304623F0ED
:1017E000040340F8D03B00F051F820AF384600F039
:1017F00045F8684600F04AF8C8F110025200B36B91
:10180000A9F11005013A07EBC80153E720AFC2E781
:10181000012CC0D0B8F10F0FB36392D8384600F056
:1018200029F88EE723F0040340F8D03B6F4600F020
:101830002DF8384600F02AF8B26B9BE7304623F0CB
:10184000030340F8483B00F011F89DE700F1340134
:1018500091E838009C46A6464CF8045D90E8FF0FDE
:10186000E54600BD90EC210B704700BF80EC210BDA
:10187000704700BF90EC200B704700BF80EC200B3E
:10188000704700BFD0EC200B704700BFC0EC200BAE
:10189000704700BFF0EC0201F0EC0211F0EC022105
:1018A000F0EC0231F0EC0241F0EC0251F0EC02619C
:1018B000F0EC0271F0EC0281F0EC0291F0EC02A18C
:1018C000F0EC02B1F0EC02C1F0EC02D1F0EC02E17C
:1018D000F0EC02F1704700BFE0EC0201E0EC021115
:1018E000E0EC0221E0EC0231E0EC0241E0EC0251DC
:1018F000E0EC0261E0EC0271E0EC0281E0EC0291CC
:10190000E0EC02A1E0EC02B1E0EC02C1E0EC02D1BB
:10191000E0EC02E1E0EC02F1704700BFB0FC0181B5
:10192000B0FC0191B0FC01A1B0FC01B1704700BF57
:10193000A0FC0181A0FC0191A0FC01A1A0FC01B1CF
:10194000704700BFEC4600B52DE900502DE9FF1FA0
:101950004FF000032DE90C0001A9FFF7D7FBDDF8DC
:1019600040E012B0704700BFEC4600B52DE90050D2
:101970002DE9FF1F4FF000032DE90C0001A9FFF72F
:1019800001FCDDF840E012B0704700BFEC4600B546
:101990002DE900502DE9FF1F4FF000032DE90C0049
:1019A00001A9FFF711FCDDF840E012B0704700BF5D
:1019B000EC4600B52DE900502DE9FF1F4FF0000364
:1019C0002DE90C0001ABFFF7D5FBDDF840E012B0CC
:1019D000704700BFEC4600B52DE900502DE9FF1F10
:1019E0004FF000032DE90C0001AAFFF747FCDDF8DA
:1019F00040E012B0704700BF027A03467AB9427ADB
:101A0000A2B14168013A10B44272086803220C1D69
:101A10001A7202025C60000E10BC1A607047006807
:101A2000013A1A7202021A60000E7047B020704725
:101A300000B585B0002303AA009219460C22FFF7D7
:101A4000D3FB039805B05DF804FB00BFF0E700BFCF
:101A50002DE9F043064685B00D464FF000082846B4
:101A6000FFF7CAFFB028044600F0DA80070646D523
:101A700000F0F003802B5ED0B02B73D01BD8902BDE
:101A800000F09B80A02B12D1C34303F007034FF457
:101A90007F621A41010702F47F6201D542F480425D
:101AA000002319463046FFF77DFD0028D7D00920D6
:101AB00005B0BDE8F083C02B6DD1C62800F093803F
:101AC000C72800F0B28000F0F803C02B00F0D280ED
:101AD000C82800F0DD80C928E9D12846FFF78CFF2F
:101AE000020300F00F0002F47022013002430121D2
:101AF00005233046FFF756FD0028B0D0D7E7830016
:101B0000DBB21F1D0DF10C0900231946CDF8009022
:101B10000D223046FFF768FB039BCDF8009060066E
:101B20004CBFDF1BFF1800230D22194630460397D8
:101B3000FFF780FB93E72846FFF75EFF2402204370
:101B4000B0F5004FB3D004010023A2B219463046CD
:101B5000FFF728FD0028AAD114F4004F18BF4FF05A
:101B600001087CE7B12851D0B22800F0AD80B3283D
:101B70006DD000F0FC03B42B99D000F007020132C5
:101B8000012342F4002219463046FFF70BFD0028DE
:101B90003FF465AF8BE700F0F803D02B87D100F05E
:101BA00007020132052342F4002201213046FFF7EB
:101BB000F9FC00283FF453AF79E700F00D030D2B3B
:101BC0003FF475AF03AF002300F00F0219460097F2
:101BD0003046FFF709FB002300970D2219463046D7
:101BE000FFF728FB3BE72846FFF706FF020300F05C
:101BF0000F00013002F470220323024319463046DD
:101C0000FFF7D0FC00283FF42AAF50E72846FFF743
:101C1000F3FE431EDBB20E2B02467FF641AF46E7D2
:101C2000B8F1000F40D0002042E72846FFF7E4FE5D
:101C3000431EDBB20E2B02463FF639AF00230421D0
:101C40003046FFF7AFFC00283FF409AF2FE72846E6
:101C5000FFF7D2FE020300F00F00013002F4702201
:101C60000123024319463046FFF79CFC00283FF44D
:101C7000F6AE1CE700F00F020132032342F42022EB
:101C800019463046FFF78EFC00283FF4E8AE0EE719
:101C90002846FFF7B1FE00F0F00200F00F0310320B
:101CA000013343EA023222E703AC434641460E22A7
:101CB00000943046FFF798FA009443460F224146BD
:101CC0003046FFF7B7FAAEE700230DF10C090D22FD
:101CD0001946CDF800903046FFF786FA2846FFF700
:101CE0008BFE0206039C4FF002070BD500F07F002D
:101CF000B840044428460394FFF77EFE030607F12C
:101D00000707F3D400FA07F204F501742244002314
:101D10000392CDF800900D2219463046FFF78AFA5B
:101D20009DE600BF10B5C26C536884B04FF0030C41
:101D300008321C0208461B0E01A9019402928DF87C
:101D40000CC08DF80D30FFF783FE04B010BD00BF4E
:101D500008B5FFF77BFE806C08BD00BF08B5FFF734
:101D600075FEC06CC379023300EB830008BD00BF71
:101D7000704700BF10F8012B11F8013B012A28BF62
:101D80009A42F7D0D01A704780B483B000AF786021
:101D90007B681A6B7B685A637B68DA6A7B681A63B4
:101DA0007B6893ED087A7B68D3ED097A77EE677AE2
:101DB0007B68C3ED0B7A7B6893ED0B7A7B68D3ED80
:101DC000137AB4EEE77AF1EE10FA10D87B6893ED4F
:101DD0000B7A7B68D3ED137AF1EE677AB4EEE77A8B
:101DE000F1EE10FA03DD7B684FF00002DA627B68E7
:101DF00093F85530002B40F0B8807B6893ED007A63
:101E00007B68D3ED0B7A67EE277A7B68C3ED0E7A99
:101E10007B6893ED0E7A7B68D3ED047AF1EE677AF6
:101E2000B4EEE77AF1EE10FA08D87B68D3ED047AC5
:101E3000F1EE677A7B68C3ED0E7A0EE07B6893ED76
:101E40000E7A7B68D3ED047AB4EEE77AF1EE10FAFD
:101E500003DB7B681A697B689A637B6893ED0F7A72
:101E60007B68D3ED016A7B68D3ED0B7A66EEA77AC7
:101E700077EE277A7B68C3ED0F7A7B6893ED0F7A54
:101E80007B68D3ED057AF1EE677AB4EEE77AF1EE8E
:101E900010FA08D87B68D3ED057AF1EE677A7B6893
:101EA000C3ED0F7A0EE07B6893ED0F7A7B68D3ED7C
:101EB000057AB4EEE77AF1EE10FA03DB7B685A6933
:101EC0007B68DA637B6893ED027A7B68D3ED0B6AFB
:101ED0007B68D3ED0C7A76EEE77A67EE277A9FED92
:101EE000BA7A27EE877A7B68D3ED107ADFEDB76A8E
:101EF00067EEA67A77EE277A7B68C3ED107A7B6867
:101F000093ED107A7B68D3ED067AF1EE677AB4EE42
:101F1000E77AF1EE10FA08D87B68D3ED067AF1EE95
:101F2000677A7B68C3ED107A0EE07B6893ED107AD8
:101F30007B68D3ED067AB4EEE77AF1EE10FA03DBB4
:101F40007B689A697B681A647B6893ED0E7A7B687C
:101F5000D3ED0F7A37EE277A7B68D3ED107A77EEE0
:101F6000277A7B68C3ED117A18E17B6893F85530C6
:101F7000012B47D17B6893ED007A7B68D3ED0B6A28
:101F80007B68D3ED0C7A76EEE77A67EE277A7B688A
:101F9000C3ED0E7A7B6893ED017A7B68D3ED0B7A03
:101FA00067EE277A7B68C3ED0F7A7B6893ED027A40
:101FB0007B68D3ED0B6A7B68D3ED0C7A77EEA77A5A
:101FC00076EEE76A7B68D3ED0D7A76EEA77A67EE58
:101FD000277A7B68C3ED107A7B6893ED117A7B6872
:101FE000D3ED0E6A7B68D3ED0F7A76EEA76A7B6835
:101FF000D3ED107A76EEA77A77EE277A7B68C3ED79
:10200000117ACBE07B6893F85530022B40F0C68004
:102010007B6893ED007A7B68D3ED0B7A67EE277AC5
:102020007B68C3ED0E7A7B6893ED0E7A7B68D3ED07
:10203000047AF1EE677AB4EEE77AF1EE10FA08D896
:102040007B68D3ED047AF1EE677A7B68C3ED0E7A94
:102050000EE07B6893ED0E7A7B68D3ED047AB4EEE4
:10206000E77AF1EE10FA03DB7B681A697B689A6302
:102070007B6893ED0F7A7B68D3ED016A7B68D3EDC3
:102080000B7A66EEA77A77EE277A7B68C3ED0F7A34
:102090007B6893ED0F7A7B68D3ED057AF1EE677A72
:1020A000B4EEE77AF1EE10FA08D87B68D3ED057A42
:1020B000F1EE677A7B68C3ED0F7A0EE07B6893EDF3
:1020C0000F7A7B68D3ED057AB4EEE77AF1EE10FA79
:1020D00003DB7B685A697B68DA637B6893ED027A7D
:1020E0007B68D3ED0B6A7B68D3ED0C7A76EEE77AEA
:1020F00067EE277A9FED347A27EE877A7B68D3EDF7
:10210000107ADFED326A67EEA67A77EE277A7B687F
:10211000C3ED107A7B6893ED107A7B68D3ED067A75
:10212000F1EE677AB4EEE77AF1EE10FA08D87B6840
:10213000D3ED067AF1EE677A7B68C3ED107A0EE094
:102140007B6893ED107A7B68D3ED067AB4EEE77A7C
:10215000F1EE10FA03DB7B689A697B681A647B688E
:1021600093ED0E7A7B68D3ED0F7A37EE277A7B6892
:10217000D3ED107A37EE277A7B68D3ED036A7B685C
:1021800093ED086A7B68D3ED0A7A76EE677A66EE9D
:10219000A77A77EE277A7B68C3ED117A7B6893ED97
:1021A000117A7B68D3ED077AF1EE677AB4EEE77ABD
:1021B000F1EE10FA0ED87B68D3ED077AF1EE677A6C
:1021C0007B68C3ED117A14E03333333F9A99993E1B
:1021D0006666663F7B6893ED117A7B68D3ED077A7C
:1021E000B4EEE77AF1EE10FA03DB7B68DA697B681C
:1021F0005A647B68D3ED117AFDEEE77A17EE903AD8
:10220000002BB8BF5B4207EE903AB8EEE77A7B68E6
:10221000D3ED077A5FED136A67EEA67AB4EEE77A3C
:10222000F1EE10FA0AD57B68002283F854207B680F
:1022300000221A657B6893F8543032E07B68D3ED56
:102240000B7AFDEEE77A17EE903A83EAE372A2EB9F
:10225000E3727B68D3ED097A1FED237A67EE877A04
:10226000FDEEE77A17EE903A002BB8BF5B429A4238
:1022700005DD7B681B6D5A1C7B681A6506E07B6870
:1022800000221A657B68002283F854207B681B6D4E
:10229000642B03DD7B68012283F854207B6893F86C
:1022A000543018460C37BD465DF8047B704700BFBC
:1022B00080B48BB000AF78620B4687ED070AC7ED9C
:1022C000060A87ED051AC7ED041A87ED032AC7ED44
:1022D000022A87ED013A87F823307B6A97F823209A
:1022E00083F855207B6AFA691A607B6ABA695A607A
:1022F0007B6A7A699A607B6A3A691A617B6AFA68D2
:102300005A617B6ABA689A617B6A7A68DA6100BF4F
:102310002C37BD465DF8047B704780B584B000AFB4
:10232000F86087ED020AC7ED010AFB68BA681A6215
:10233000FB687A685A62F868FFF726FD034618467C
:102340001037BD4680BD000080B582B000AF786018
:10235000084611461A460346FB700B46BB701346EF
:102360007B70BA4B04221A80B94B08221A807B6812
:10237000FA781A737B68BA785A737B687A789A739A
:102380007B6800221A747B78184615F0EDFE034630
:102390001A467B685A617B685B697A780021184627
:1023A00016F038F9A94B1B881A467B7802FB03F319
:1023B000184615F0D9FE03461A467B689A617B6879
:1023C0009869A24B1B881A467B7802FB03F31A46D6
:1023D000002116F01FF99D4B1B881A467B7802FBE3
:1023E00003F3184615F0C0FE03461A467B68DA610F
:1023F0007B68D869954B1B881A467B7802FB03F3F0
:102400001A46002116F006F9904B1B881A46FB78F5
:1024100002FB03F3184615F0A7FE03461A467B6835
:102420001A627B68186A894B1B881A46FB7802FB84
:1024300003F31A46002116F0EDF87B78184615F0E4
:1024400093FE03461A467B685A627B685B6A7A7819
:102450000021184616F0DEF87C4B1B881A46FB78E4
:1024600002FB03F3184615F07FFE03461A467B680D
:102470001A607B681868754B1B881A46FB7802FB4C
:1024800003F31A46002116F0C5F8704B1B881A4654
:102490007B7802FB03F3184615F066FE03461A46E6
:1024A0007B685A607B685868684B1B881A467B7843
:1024B00002FB03F31A46002116F0ACF8634B1B88AD
:1024C0001A46BB7802FB03F3184615F04DFE03468F
:1024D0001A467B689A607B6898685C4B1B881A4632
:1024E000BB7802FB03F31A46002116F093F8574B12
:1024F0001B881A46FB7802FB03F3184615F034FEDE
:1025000003461A467B68C3F8E8207B68D3F8E800E6
:102510004E4B1B881A46FB7802FB03F31A46002138
:1025200016F078F87B6803F130007B681B7B194656
:102530007B68D3F8E830012215F00AF8434B1B887A
:102540001A46FB7802FB03F3184615F00DFE03460E
:102550001A467B68C3F8EC207B68D3F8EC003B4B51
:102560001B881A46FB7802FB03F31A46002116F07B
:1025700051F87B6803F138007B681B7B19467B6848
:10258000D3F8EC30012214F0E3FFBB78002B26D007
:102590002E4B1B881A46BB7802FB03F3184615F036
:1025A000E3FD03461A467B68C3F8F0207B68D3F846
:1025B000F000264B1B881A46BB7802FB03F31A4631
:1025C000002116F027F87B6803F140007B685B7BF5
:1025D00019467B68D3F8F030012214F0B9FF1B4B89
:1025E0001B881A467B7802FB03F3184615F0BCFDE6
:1025F00003461A467B68C3F8F4207B68D3F8F400DE
:10260000124B1B881A467B7802FB03F31A46002103
:1026100016F000F87B6803F148007B689B7B194645
:102620007B68D3F8F430012214F092FF074B1B882B
:102630001A46FB7802FB03F3FA7802FB03F3184611
:1026400015F092FD03461A467B6803E0340700202C
:1026500036070020C3F8F8207B68D3F8F800BD4B9C
:102660001B881A46FB7802FB03F3FA7802FB03F39C
:102670001A46002115F0CEFF7B6803F150007B68FD
:102680001B7B19467B681B7B1A467B68D3F8F830A6
:1026900014F05EFFAF4B1B881A46FB7802FB03F376
:1026A000FA7802FB03F3184615F05EFD03461A465E
:1026B0007B68C3F8FC207B68D3F8FC00A54B1B8823
:1026C0001A46FB7802FB03F3FA7802FB03F31A467F
:1026D000002115F09FFF7B6803F158007B681B7B8E
:1026E00019467B681B7B1A467B68D3F8FC3014F0D4
:1026F0002FFF984B1B881A46FB7802FB03F3FA78EE
:1027000002FB03F3184615F02FFD03461A467B68BB
:10271000C3F800218F4B1B881A46FB7802FB03F39A
:10272000FA7802FB03F3184615F01EFD03461A461D
:102730007B68C3F804217B68D3F80001854B1B88B4
:102740001A46FB7802FB03F3FA7802FB03F31A46FE
:10275000002115F05FFF7B68D3F804017D4B1B88D7
:102760001A46FB7802FB03F3FA7802FB03F31A46DE
:10277000002115F04FFF7B6803F160007B681B7B35
:1027800019467B681B7B1A467B68D3F8003114F02E
:10279000DFFE7B6803F168007B681B7B19467B6862
:1027A0001B7B1A467B68D3F8043114F0D1FEBB784A
:1027B000002B2ED0674B1B881A46FB7802FB03F3D5
:1027C000BA7802FB03F3184615F0CEFC03461A460E
:1027D0007B68C3F808217B68D3F808015D4B1B8830
:1027E0001A46FB7802FB03F3BA7802FB03F31A469E
:1027F000002115F00FFF7B6803F170007B681B7BE5
:1028000019467B685B7B1A467B68D3F8083114F065
:102810009FFE504B1B881A467B7802FB03F3FA7825
:1028200002FB03F3184615F09FFC03461A467B682B
:10283000C3F80C21474B1B881A46FB7802FB03F3B5
:102840007A7802FB03F3184615F08EFC03461A460D
:102850007B68C3F810217B68D3F80C013D4B1B88C3
:102860001A467B7802FB03F3FA7802FB03F31A465D
:10287000002115F0CFFE7B68D3F81001354B1B8883
:102880001A46FB7802FB03F37A7802FB03F31A463D
:10289000002115F0BFFE7B6803F178007B689B7B0D
:1028A00019467B681B7B1A467B68D3F80C3114F001
:1028B0004FFE7B6803F180007B681B7B19467B68B9
:1028C0009B7B1A467B68D3F8103114F041FE214BF4
:1028D0001B881A46FB7802FB03F3FA7802FB03F32A
:1028E000184615F041FC03461A467B68C3F81421CC
:1028F0007B68D3F81401174B1B881A46FB7802FB40
:1029000003F3FA7802FB03F31A46002115F082FE66
:102910007B6803F188007B681B7B19467B681B7B07
:102920001A467B68D3F8143114F012FE094B1B8849
:102930001A467B7802FB03F37A7802FB03F318460E
:1029400015F012FC03461A467B68C3F818217B6811
:1029500002E000BF34070020D3F818017D4B1B882C
:102960001A467B7802FB03F37A7802FB03F31A46DC
:10297000002115F04FFE7B6803F190007B689B7B84
:1029800019467B689B7B1A467B68D3F8183114F094
:10299000DFFD704B1B881A46FB7802FB03F37A7845
:1029A00002FB03F3184615F0DFFB03461A467B686B
:1029B000C3F81C217B68D3F81C01664B1B881A46A0
:1029C000FB7802FB03F37A7802FB03F31A4600213B
:1029D00015F020FE7B6803F198007B681B7B19468D
:1029E0007B689B7B1A467B68D3F81C3114F0B0FDE2
:1029F000584B1B881A467B681B7B02FB03F37A68E3
:102A0000127B02FB03F3184615F0AEFB03461A4691
:102A10007B68C3F820214F4B1B881A467B681B7BC1
:102A200002FB03F37A68127B02FB03F3184615F0EE
:102A30009BFB03461A467B68C3F82421454B1B8841
:102A40001A467B681B7B02FB03F37A68127B02FB4E
:102A500003F3184615F088FB03461A467B68C3F853
:102A600028213C4B1B881A467B681B7B02FB03F327
:102A7000184615F079FB03461A467B68C3F82C21EB
:102A8000344B1B881A467B681B7B02FB03F31846FA
:102A900015F06AFB03461A467B68C3F830217B6851
:102AA00003F1A0007B681B7B19467B681B7B1A46E1
:102AB0007B68D3F8203114F04BFD7B6803F1A8004C
:102AC0007B681B7B19467B681B7B1A467B68D3F8A7
:102AD000243114F03DFD7B6803F1B0007B681B7B63
:102AE00019467B681B7B1A467B68D3F8283114F0A3
:102AF0002FFD7B6803F1B8007B681B7B19467B6860
:102B0000D3F82C31012214F023FD7B6803F1C000BF
:102B10007B681B7B19467B68D3F83031012214F0A7
:102B200017FD7B68002283F828207B68002283F849
:102B300029207B68002283F82A207B68002283F802
:102B40002B207B68002283F82C2000BF0837BD466D
:102B500080BD00BF3407002080B582B000AF786030
:102B60007B68DB7B002B03D0786800F033FB1BE035
:102B70007B68D3F8F4007B685968154B1B881A46AC
:102B80007B689B7B02FB03F31A4615F005FE7B680E
:102B900058680F4B1B881A467B689B7B02FB03F32C
:102BA0001A46002115F036FD7B68D3F8F0007B68EB
:102BB0009968074B1B881A467B685B7B02FB03F313
:102BC0001A4615F0E9FD00BF0837BD4680BD00BFBD
:102BD0003407002080B582B000AF78607B6893F83E
:102BE0002830002B58D17B685B7B002B44D07B685E
:102BF0001B7B1A467B68A3F8B8207B680122A3F8E8
:102C0000BA207B6803F160007B6803F130017B68C8
:102C1000B8331A4614F0F6FA03461A467B6883F86E
:102C2000C8207B681B7B1A467B68A3F8C0207B68A2
:102C30000122A3F8C2207B6803F170007B6803F1D6
:102C400040017B68C0331A4614F0DCFA03461A468A
:102C50007B6883F8C8207B6803F1B8007B6803F1C8
:102C6000C0017B6838331A4614F076FC03461A46D6
:102C70007B6883F8C8200FE07B6803F160007B6805
:102C800003F130017B6838331A4614F0BBFA03466F
:102C90001A467B6883F8C82000BF0837BD4680BD50
:102CA00080B582B000AF78607B6893F82930002B44
:102CB00049D17B6803F160027B686833194610468E
:102CC00014F0DAF903461A467B6883F8C8207B685B
:102CD00003F160007B6803F150017B6858331A46AA
:102CE00014F090FA03461A467B6883F8C8207B6884
:102CF000B3F858207B68A3F8A8207B68B3F86A2053
:102D00007B68A3F8AA207B6803F158007B6803F175
:102D100068017B68A8331A4614F074FA03461A4611
:102D20007B6883F8C8207B6803F1A8007B6803F107
:102D300088017B6858331A4614F00EFC03461A4685
:102D40007B6883F8C82000BF0837BD4680BD80B5CA
:102D500082B000AF78607B6893F82A30002B40F097
:102D60009C807B6803F178027B68803319461046AB
:102D700014F082F903461A467B6883F8C8207B6802
:102D8000B3F878207B68A3F8A8207B68B3F85A20B2
:102D90007B68A3F8AA207B6803F178007B6803F1C5
:102DA00058017B68A8331A4614F02CFA03461A46D9
:102DB0007B6883F8C8207B68B3F8A8207B68A3F8F9
:102DC000B0207B68B3F882207B68A3F8B2207B68D0
:102DD00003F1A8007B6803F180017B68B0331A46D9
:102DE00014F010FA03461A467B6883F8C8207B6803
:102DF000B3F890207B68A3F8A0207B68B3F89220FA
:102E00007B68A3F8A2207B6803F1B0007B6803F124
:102E100090017B68A0331A4614F09EFB03461A46C5
:102E20007B6883F8C8207B6803F1A0027B68B0331D
:102E30001946104614F086FA03461A467B6883F852
:102E4000C8207B68B3F858207B68A3F8A8207B686B
:102E5000B3F882207B68A3F8AA207B6803F15800AE
:102E60007B6803F180017B68A8331A4614F0CAF925
:102E700003461A467B6883F8C8207B6803F1A800E4
:102E80007B6803F1B0017B6898331A4614F0BAF9F5
:102E900003461A467B6883F8C82000BF0837BD4642
:102EA00080BD80B582B000AF78607B6893F82B302E
:102EB000002B5DD17B68B3F878207B68A3F8B8203D
:102EC0007B680122A3F8BA207B6803F178007B6855
:102ED00003F138017B68B8331A4614F093F90346BE
:102EE0001A467B6883F8C8207B68B3F848207B6863
:102EF000A3F8C0207B680122A3F8C2207B6803F1FD
:102F000048007B6803F1B8017B68C0331A4614F0AF
:102F10000FF903461A467B6883F8C8207B68B3F82C
:102F200098207B68A3F8B8207B680122A3F8BA2018
:102F30007B6803F198007B6803F1C0017B68B833BC
:102F40001A4614F05FF903461A467B6883F8C820D6
:102F50007B6803F138007B6803F1B8017B6830338C
:102F60001A4614F0F9FA03461A467B6883F8C8201B
:102F700000BF0837BD4680BD80B582B000AF786025
:102F80007B6893F82C30002B47D17B68B3F89820EE
:102F90007B68A3F8A8207B68B3F87A207B68A3F845
:102FA000AA207B68B3F8A8207B68A3F8B0207B68D0
:102FB000B3F85A207B68A3F8B2207B6803F198002D
:102FC0007B6803F178017B68A8331A4614F01AF97C
:102FD00003461A467B6883F8C8207B6803F1A80083
:102FE0007B6803F158017B68B0331A4614F00AF984
:102FF00003461A467B6883F8C8207B6803F15800B3
:103000007B6803F1B0017B6850331A4614F090F8E6
:1030100003461A467B6883F8C82000BF0837BD46C0
:1030200080BD000080B584B000AF78607868FFF79D
:1030300093FD7B68D3F8CC30002B04D07B68D3F8A9
:10304000CC30786898477868FFF7C4FD7B68D3F880
:10305000D030002B04D07B68D3F8D0307868984704
:103060007868FFF71DFE7B68D3F8D430002B04D0BE
:103070007B68D3F8D430786898477B681B7C002B3A
:1030800003D17B68DB7B002B1DD17868FFF75FFEE7
:103090007B68D3F8D830002B04D07B68D3F8D830C5
:1030A000786898477868FFF7FCFE7B68D3F8DC30D7
:1030B000002B04D07B68D3F8DC30786898477868B8
:1030C000FFF75AFF23E07B68D3F8E8007B68D3F86A
:1030D000EC103F4B1B881A467B681B7B02FB03F3FB
:1030E0001A4615F059FB7B68D3F8F8007B68D3F8D3
:1030F000FC10374B1B881A467B681B7B02FB03F3D3
:103100007A68127B02FB03F31A4615F045FB7B68D5
:10311000D3F8E030002B04D07B68D3F8E030786837
:1031200098470023FB732FE07B68D3F8F820FB7BE4
:103130007968097B03FB01F1FB7B0B449B00134483
:1031400093ED007A7B681A6AFB7B9B001344D3EDF6
:10315000007AB4EEE77AF1EE10FA12D57B681A6ABB
:10316000FB7B9B001A447B68D3F8F810FB7B7868E4
:10317000007B03FB00F0FB7B03449B000B441268C5
:103180001A60FB7B0133FB737B681B7BFA7B9A42E3
:10319000CAD37B6818687B68D3F8E8100C4B1B888F
:1031A0001A467B681B7B02FB03F31A4615F0F4FA00
:1031B0007B68D3F8E430002B04D07B68D3F8E4308C
:1031C000786898477B681B6818461037BD4680BDF5
:1031D0003407002090B585B000AF78607B6800228E
:1031E0001A747B68D3F8F4007B685968734B1B88AA
:1031F0001A467B689B7B02FB03F31A4615F0CCFA58
:103200007B6858686D4B1B881A467B689B7B02FB6A
:1032100003F31A46002115F0FDF97B68D3F8180175
:10322000664B1B881A467B689B7B02FB03F37A681C
:10323000927B02FB03F31A46002115F0EBF97B6841
:10324000D3F80C015D4B1B881A467B681B7B02FB85
:1032500003F37A68927B02FB03F31A46002115F010
:10326000D9F90023FB7347E07B68D3F8F420FB7B9C
:103270009B001344D3ED007AF5EE407AF1EE10FA9C
:1032800037D07B68D3F8F420FB7B9B001A447B6823
:10329000D3F8F4107B681B7C9B000B4412681A6007
:1032A0007B685B6A7A68127C1344FA7B1A707B68CD
:1032B0009A69FB7B9B001A447B68D3F80C117B68EE
:1032C0001B7B18467B681B7C00FB03F37868446912
:1032D000F87B20440078034403F18043013B9B00CA
:1032E0000B4412681A607B681B7C0133DAB27B687E
:1032F0001A74FB7B0133FB737B689B7BFA7B9A42DE
:10330000B2D30023BB7319E07B68DA697B68596A22
:10331000BB7B0B441B789B001A447B68D3F81811C5
:10332000BB7B7868007C03FB00F0BB7B03449B0005
:103330000B4412681A60BB7B0133BB737B681B7C38
:10334000BA7B9A42E0D37B681B7C1A467B68A3F861
:1033500078207B681B7B1A467B68A3F87A207B6801
:103360001B7B1A467B68A3F880207B681B7C1A466F
:103370007B68A3F882207B681B7C1A467B68A3F8D5
:1033800090207B681B7C1A467B68A3F892207B68A0
:103390001B7B1A467B68A3F898207B681B7C1A4627
:1033A0007B68A3F89A207B681B7C1A467B68A3F88D
:1033B000482000BF1437BD4690BD00BF3407002031
:1033C00080B483B000AF786087ED000A7B683A680C
:1033D0001A607B684FF000025A6000BF0C37BD4690
:1033E0005DF8047B70470000B0B584B000AF786032
:1033F00087ED000A7B681B681846FDF74DF802460A
:103400000B464FF000001D49FCF7E6FE02460B4656
:1034100014461D467B685B681846FDF73DF802467A
:103420000B4620462946FDF78FF802460B46144608
:103430001D467B6893ED007AD7ED007A67EE277A18
:1034400017EE900AFDF728F802460B46204629465B
:10345000FCF7C4FE02460B4610461946FDF736FB44
:103460000346FB607B68FA685A60FB6807EE903A97
:10347000B0EE670A1037BD46B0BD00BF0000F03F98
:1034800080B586B000AF87ED050AC7ED040A87ED69
:10349000031AC7ED021A87ED012A464B01221A7062
:1034A000444A7B69C2F8B031424A3B69C2F8B43140
:1034B000404AFB68C2F8B8313E4B3F4AC3F8CC21C2
:1034C0003C4B002283F838213A494FF000024FF07C
:1034D0000003C1E9502337494FF000024FF00003C9
:1034E000C1E95223D7ED027AB7EE007AF4EEC77A3B
:1034F000F1EE10FA02DD4FF07E53BB602D4ABB683F
:10350000C2F8D0312B4A7B68C2F8903103230022E5
:1035100006212A48FEF718FF294B012201212948DC
:1035200014F016F8234BD3F8EC304FF07E521A60AB
:10353000204BD3F8EC3004334FF000021A601D4BDF
:10354000D3F8EC3008334FF000021A60194BD3F86F
:10355000EC300C334FF000021A60164B1A4AC3F8D5
:10356000D020144B194AC3F8D420124B184AC3F880
:10357000D820104B174AC3F8DC200E4B012283F8E9
:103580002E200C4B012283F82F200A4BD3F8043154
:1035900090221149184615F0FFF8064BD3F8FC307D
:1035A00090220E49184615F0F7F800BF1837BD46AF
:1035B00080BD00BF4007002077CC2B32440700209D
:1035C000080900200009002015480008593D00089E
:1035D0001540000879410008808C01080000002097
:1035E000B0B58AB000AF87ED070AC7ED060A87EDD0
:1035F000051AC7ED041A87ED032AC7ED022A87EDE5
:10360000013AC14B1B78002B0BD19FEDC02AF7EE7E
:10361000001A9FEDBF1ADFEDBF0AB2EE040AFFF7F2
:103620002FFFB94A7B68C2F8BC31B74BD3ED587A4B
:1036300097ED077A77EE677AB34BC3ED5B7AB24BBF
:10364000D3ED597A97ED067A77EE677AAE4BC3EDF4
:103650005C7AAD4BD3ED5A7A97ED057A77EE677ABF
:10366000A94BC3ED5D7AA84BD3ED5B7AB6EE007A39
:1036700027EE877AD7ED017A67EE277AA64BC3ED5E
:10368000007AA14BD3ED5C7AB6EE007A27EE877A0A
:10369000D7ED017A67EE277AA04BC3ED007A9A4BFB
:1036A000D3ED5D7AB6EE007A27EE877AD7ED017A10
:1036B00067EE277A9A4BC3ED007A934BD3F8043127
:1036C00090229849184615F067F8934BD3ED007A8D
:1036D0008D4BD3F804310433F1EE677AC3ED007AF1
:1036E0008E4BD3ED007A884BD3F804310833F1EEDA
:1036F000677AC3ED007A8A4BD3ED007A824BD3F818
:1037000004310C33F1EE677AC3ED007A7E4BD3F8C7
:1037100004311833804A12681A607B4BD3F80431A5
:1037200020337F4A12681A607C4BD3ED007A764BC7
:10373000D3F804312433F1EE677AC3ED007A724B8B
:10374000D3F804313033754A12681A60744BD3EDE4
:10375000007A6D4BD3F804313433F1EE677AC3ED60
:10376000007A694BD3F804313C336B4A12681A6013
:10377000654BD3F804314833694A12681A60624BCA
:10378000D3F804314C33654A12681A60624BD3EDAA
:10379000007A5D4BD3F804315033F1EE677AC3ED14
:1037A000007A594BD3E9522313430BD1564A3B6954
:1037B000C2F87831544AFB68C2F87C31524ABB687F
:1037C000C2F88031504B93ED5E7A4F4BD3ED647A63
:1037D00067EE276A4C4B93ED6F7A4B4BD3ED647ACF
:1037E00077EE277A86EEA77A474BD3ED6F6AD7ED4F
:1037F000047A26EEA76A444BD3ED6F6A424BD3EDB1
:10380000647A76EEA76AC6EE267A77EE277A3E4B82
:10381000C3ED5E7A3C4B93ED5F7A3B4BD3ED647A1C
:1038200067EE276A384B93ED6F7A374BD3ED647AA6
:1038300077EE277A86EEA77A334BD3ED6F6AD7ED12
:10384000037A26EEA76A304BD3ED6F6A2E4BD3ED89
:10385000647A76EEA76AC6EE267A77EE277A2A4B46
:10386000C3ED5F7A284B93ED607A274BD3ED647AF2
:1038700067EE276A244B93ED6F7A234BD3ED647A7E
:1038800077EE277A86EEA77A1F4BD3ED6F6AD7EDD6
:10389000027A26EEA76A1C4BD3ED6F6A1A4BD3ED62
:1038A000647A76EEA76AC6EE267A77EE277A164B0A
:1038B000C3ED607A144B93ED5E7A134BD3ED5E7AD1
:1038C00027EE277A104BD3ED5F6A0F4BD3ED5F7A6B
:1038D00066EEA77A37EE277A0B4BD3ED606A0A4B78
:1038E000D3ED607A66EEA77A77EE277AB0EE670AB4
:1038F00000F0B6FFF0EE407A0B4BC3ED007A0023E8
:1039000087F827302CE000BF4007002000000000AF
:103910008096184B6F12833AB0090020B40900203A
:10392000B8090020808C0108BC09002097F82730D6
:10393000384A5E339B00134493ED007A364BD3ED47
:10394000007A344B9A6897F827309B00134467EE4F
:10395000277AC3ED007A97F82730013387F82730AC
:1039600097F82730022BE1D92A4B93ED5B7A294B4C
:10397000D3ED5B7A27EE277A264BD3ED5C6A254B95
:10398000D3ED5C7A66EEA77A37EE277A214BD3ED3A
:103990005D6A204BD3ED5D7A66EEA77A77EE277AE3
:1039A000B0EE670A00F05CFFB0EE407AF7EE006A16
:1039B000C6EE877A174BC3ED657A174B93ED007A05
:1039C000F7EE006AC6EE877A124BC3ED667A114BAA
:1039D000D3ED657A9FED117AF4EEC77AF1EE10FA25
:1039E00022D50C4BD3ED667A9FED0D7AF4EEC77AB3
:1039F000F1EE10FA18DD074BD3ED667A9FED097AE8
:103A0000F4EEC77AF1EE10FA0ED5024B012283F8DC
:103A100039210DE040070020BC0900209A99993E09
:103A2000CDCC1441CDCC2441C54B002283F83921A3
:103A3000C34B93ED6C7AC24BD3ED6F7AC04BD3F886
:103A4000183167EE277AC3ED007ABD4B93ED6C7A9F
:103A5000BB4BD3ED6F7ABA4BD3F818311C3367EEFA
:103A6000277AC3ED007AB64B93ED6C7AB44BD3ED65
:103A70006F7AB34BD3F81831383367EE277AC3ED3A
:103A8000007AAF4B93ED6C7AAD4BD3ED6F7AAC4BC4
:103A9000D3F81831543367EE277AC3ED007AA84B78
:103AA00093ED6D7AA64BD3ED6F7AA54BD3F8183111
:103AB000703367EE277AC3ED007AA14B93ED6D7AF0
:103AC0009F4BD3ED6F7A9E4BD3F818318C3367EE52
:103AD000277AC3ED007A9A4BD3F81C31984AD2F872
:103AE000B8211A60964BD3F81C311033944AD2F89F
:103AF000B8211A60924BD3F81C312033904AD2F887
:103B0000B8211A608F48FFF78DFA8D4B5B681B68F0
:103B10008B4AC2F850318A4B5B685B68884AC2F8AE
:103B20005431874B5B689B68854AC2F85831844B97
:103B30005B68DB68824AC2F85C31814B5B681B6959
:103B40007F4AC2F860317E4B5B685B697C4AC2F891
:103B500064317B4B4FF00002C3F86821784B93ED42
:103B6000547A774BD3ED577A27EE277A744BD3EDFF
:103B7000556A734BD3ED567A66EEA77A77EE277ABD
:103B800037EEA76A6E4B93ED547A6D4BD3ED547AB2
:103B900027EE277A6A4BD3ED556A694BD3ED557AF8
:103BA00066EEA77A77EE277A77EEA77AB7EE007AF5
:103BB00077EEC77AF0EE670AB0EE460A13F048FFD8
:103BC000F0EE407A9FED607A67EE877A5C4BC3ED4A
:103BD0006A7A5B4B93ED547A594BD3ED557A27EEC5
:103BE000277A574BD3ED566A554BD3ED577A66EE8D
:103BF000A77A77EE277A37EEA76A514B93ED547A7E
:103C00004F4BD3ED547A27EE277A4D4BD3ED576ABD
:103C10004B4BD3ED577A66EEA77A77EE277A77EE9D
:103C2000A77AB7EE007A77EEC77AF0EE670AB0EEC1
:103C3000460A13F00DFFF0EE407A9FED437A67EEEF
:103C4000877A3F4BC3ED697A3D4B93ED557A3C4BF8
:103C5000D3ED577A27EE277A394BD3ED546A384B98
:103C6000D3ED567A66EEA77A77EE677AB8EE007AE9
:103C700067EE877AB0EE670A13F0BEFEF0EE407A88
:103C80009FED317A67EE877A2D4BC3ED687A2C4B26
:103C900093ED6A7A2A4BD3ED767A77EE677A9FEDC9
:103CA0002B7AF4EEC77AF1EE10FA0ADD244BB3F961
:103CB000D4319BB2013B9BB21AB2214BA3F8D42161
:103CC00018E01F4B93ED6A7A1D4BD3ED767A77EEB1
:103CD000677A9FED1F7AF4EEC77AF1EE10FA09D5F4
:103CE000174BB3F9D4319BB201339BB21AB2144BC8
:103CF000A3F8D421124BB3F9D43107EE903AF8EE81
:103D0000E77A9FED147A27EE877A0D4BD3ED6A7A26
:103D100077EE277A0A4BC3ED6B7A094BD3F8A831BB
:103D2000074AC2F8D831064BD3E95223541C43F159
:103D30000005034BC3E9524500BF2837BD46B0BD5F
:103D40004007002044070020E12E65420000344374
:103D5000000034C30000B44380B584B000AF786085
:103D60007B68D3F8EC301B68A24A13607B68D3F8F9
:103D7000EC305B68A04A13607B68D3F8EC309B683A
:103D80009E4A13607B68D3F8EC30DB689C4A136072
:103D9000984B93ED007A974BD3ED007A27EE277A74
:103DA000954BD3ED006A944BD3ED007A66EEA77A7B
:103DB00037EE277A914BD3ED006A904BD3ED007A22
:103DC00066EEA77A37EE277A8D4BD3ED006A8C4BDF
:103DD000D3ED007A66EEA77A77EE277AB0EE670A1F
:103DE00000F03EFDF0EE407A864BC3ED007A0023F2
:103DF000FB7317E07B68D3F8EC20FB7B9B0013443C
:103E000093ED007A7F4BD3ED007A7B68D3F8EC20FA
:103E1000FB7B9B00134467EE277AC3ED007AFB7BA4
:103E20000133FB73FB7B032BE4D9774B93ED6F7A64
:103E3000714BD3ED007A27EE277A7B68D3F80031F7
:103E40001033F0EE006AC7EE267AC3ED007A6E4BAF
:103E500093ED6F7A694BD3ED007A27EE277A7B6872
:103E6000D3F800311433F0EE006AC7EE267AC3EDC2
:103E7000007A604BD3ED007AB1EE677A624BD3EDF6
:103E80006F7A27EE277A7B68D3F800312833F0EE7B
:103E9000006AC7EE267AC3ED007A5B4B93ED6F7A2A
:103EA000574BD3ED007A27EE277A7B68D3F80031A1
:103EB0002C33F0EE006AC7EE267AC3ED007A504B41
:103EC000D3ED007AB1EE677A4F4BD3ED6F7A27EEE0
:103ED000277A7B68D3F800314033F0EE006AC7EEF2
:103EE000267AC3ED007A434BD3ED007AB1EE677AC0
:103EF000454BD3ED6F7A27EE277A7B68D3F80031F4
:103F00004433F0EE006AC7EE267AC3ED007A3E4BEA
:103F100093ED6F7A394BD3ED007A27EE277A7B68E1
:103F2000D3F800315833F0EE006AC7EE267AC3EDBD
:103F3000007A314BD3ED007AB1EE677A324BD3ED94
:103F40006F7A27EE277A7B68D3F800315C33F0EE86
:103F5000006AC7EE267AC3ED007A7B68D3F8F830A2
:103F60007033D3ED006A284B93ED747A7B68D3F8F5
:103F7000F8307033C6EE877AC3ED007A7B68D3F8E9
:103F8000F8308C33D3ED006A1F4B93ED747A7B6865
:103F9000D3F8F8308C33C6EE877AC3ED007A7B68AD
:103FA000D3F8F8307033D3ED007A9FED187AF4EE41
:103FB000C77AF1EE10FA05DD7B68D3F8F83070337C
:103FC000134A1A607B68D3F8F8308C33D3ED007A4B
:103FD0009FED0E7AF4EEC77AF1EE10FA00DC05E000
:103FE0007B68D3F8F8308C33094A1A6000BF103769
:103FF000BD4680BDC0090020C4090020C8090020BA
:10400000CC090020D00900204007002000401C46B9
:1040100000401C4680B582B000AF78607B68D3F862
:10402000EC30D3ED007A77EEA77A4E4BC3ED007AF1
:104030007B68D3F8EC300433D3ED007A77EEA77ABF
:10404000494BC3ED007A7B68D3F8EC300833D3EDED
:10405000007A77EEA77A454BC3ED007A7B68D3F8F8
:10406000EC300C33D3ED007A77EEA77A404BC3EDFA
:10407000007A7B68D3F80C013E4B1B881A467B689C
:104080009B7B02FB03F37A68127B02FB03F31A4665
:10409000002114F0BFFA354BD3ED007A7B68D3F8DA
:1040A0000C31F1EE677AC3ED007A7B68D3F80C31FE
:1040B00004332F4A12681A602A4BD3ED007A7B68CA
:1040C000D3F80C310833F1EE677AC3ED007A7B68E0
:1040D000D3F80C310C33244A12681A607B68D3F889
:1040E0000C311833204A12681A607B68D3F80C31FF
:1040F0001C331C4A12681A607B68D3F80C312033D9
:104100001B4A12681A607B68D3F80C312433174AB3
:1041100012681A607B68D3F80C313033114A126888
:104120001A60114BD3ED007A7B68D3F80C3134332D
:10413000F1EE677AC3ED007A0C4BD3ED007A7B6821
:10414000D3F80C313833F1EE677AC3ED007A7B682F
:10415000D3F80C313C33064A12681A6000BF0837A6
:10416000BD4680BDD4090020D8090020DC0900200C
:10417000E009002034070020F0B585B000AF78607A
:104180007B6803F178027B6880331946104612F091
:1041900073FF03461A467B6883F8C8207B68B3F830
:1041A00078207B68A3F8A8207B68B3F85A207B6846
:1041B000A3F8AA207B6803F178007B6803F158011B
:1041C0007B68A8331A4613F01DF803461A467B682D
:1041D00083F8C8207B68B3F8A8207B68A3F8B020D8
:1041E0007B68B3F882207B68A3F8B2207B6803F178
:1041F000A8007B6803F180017B68B0331A4613F096
:1042000001F803461A467B6883F8C8207B68B3F838
:1042100090207B68A3F8A0207B68B3F892207B688D
:10422000A3F8A2207B6803F1B0007B6803F1900142
:104230007B68A0331A4613F08FF903461A467B6851
:1042400083F8C8207B6803F1A0027B68B03319466D
:10425000104613F077F803461A467B6883F8C820A7
:104260007B68D3F8EC301B68B54A13607B68D3F8E1
:10427000EC305B68B34A13607B68D3F8EC309B6822
:10428000B14A13607B68D3F8EC30DB68AF4A136047
:104290007B68B3F878207B68A3F8B8207B6801229C
:1042A000A3F8BA20A74B93ED007AA84BD3ED007A80
:1042B00027EE277AA24BD3ED006AA34BD3ED007A09
:1042C00066EEA77A77EE677A7B68D3F82C3177EEC3
:1042D000A77AC3ED007A9A4B93ED007A994BD3ED10
:1042E000007A27EE277A984BD3ED006A974BD3EDEF
:1042F000007A66EEA77A77EE277A7B68D3F82C31BE
:10430000043377EEA77AC3ED007A8D4B93ED007AF4
:104310008B4BD3ED007A27EE277A8A4BD3ED006AD8
:10432000884BD3ED007A66EEA77A37EE677A864B34
:10433000D3ED006A844BD3ED007A66EEA77A37EEB0
:10434000677A824BD3ED006A804BD3ED007A66EE3C
:10435000A77A7B68D3F82C31083377EE277AC3ED40
:10436000007A0023FB731BE07B68D3F82C21FB7BD6
:104370009B001344D3ED007AF0EEE77AFE7BB0EEBB
:10438000670A13F00DFBF0EE407A714A06F1600304
:104390009B0013440433C3ED007AFB7B0133FB73B2
:1043A000FB7B022BE0D97B68B3F848207B68A3F83D
:1043B000C0207B680122A3F8C2207B6803F148007B
:1043C0007B6803F1B8017B68C0331A4612F0B0FE77
:1043D00003461A467B6883F8C8207B68B3F8C02080
:1043E0007B68A3F8A8207B680122A3F8AA207B6839
:1043F00003F1B0007B6803F1C0017B68A8331A4663
:1044000012F000FF03461A467B6883F8C8207B68D9
:104410000122A3F8B8207B68B3F8C0207B68A3F81A
:10442000BA207B6803F1C0027B68B8331946104696
:1044300012F022FE03461A467B6883F8C8207B6888
:1044400003F1B8007B68A833424A194612F0DAFE3D
:1044500003461A467B6883F8C8203D4B93ED727A79
:104460003B4BD3ED737AF6EE006A67EEA67AB4EEB4
:10447000E77AF1EE10FA03D5354B012283F83821A3
:10448000334B93ED727A324BD3ED737AB4EEE77A15
:10449000F1EE10FA62DD2E4B93F83831002B5DD02F
:1044A0002B4B93F83931002B09D0294BD3E95023FA
:1044B000541C43F10005264BC3E9504506E024494E
:1044C0004FF000024FF00003C1E95023204BD3E925
:1044D0005023332A73F1000308D31D4B002283F8C5
:1044E00038217B68002283F82C2070E07B68D3F8A9
:1044F000E8007B68D3F8EC10174B1B881A467B68E2
:104500001B7B02FB03F31A4614F046F97B68D3F8D1
:10451000F8007B68D3F8FC100F4B1B881A467B68A9
:104520001B7B02FB03F37A68127B02FB03F31A4640
:1045300014F032F97B68012283F82C205AE100BF85
:10454000E4090020E8090020EC090020F00900201F
:10455000400700200009002034070020A74B93EDFE
:10456000727AA64BD3ED737ADFEDA56A67EEA67A71
:10457000B4EEE77AF1EE10FA19DDA04B93F838317A
:10458000002B14D09D4B93ED737A9C4BD3ED727A34
:1045900077EE676A994BD3ED737A9FED9A7A27EE9F
:1045A000877AC6EE877A954BC3ED677A04E0934B22
:1045B0004FF07E52C3F89C2190494FF000024FF01B
:1045C0000003C1E950237B68002283F82C207B681C
:1045D000B3F858207B68A3F8A8207B68B3F8822042
:1045E0007B68A3F8AA207B6803F158007B6803F17D
:1045F00080017B68A8331A4612F004FE03461A466F
:104600007B6883F8C8207B6803F1A8007B6803F10E
:10461000B0017B6898331A4612F0F4FD03461A463F
:104620007B6883F8C8200023BB7317E07B68D3F84E
:104630001C21BB7B9B00134493ED007A6F4BD3EDA1
:10464000677A7B68D3F81C21BB7B9B00134467EE21
:10465000277AC3ED007ABB7B0133BB73BA7B7B68DF
:10466000B3F8983019467B68B3F89A3001FB03F32E
:104670009A42DBDB04237B7334E000233B732BE0A3
:104680007B68D3F81C117A7B13465B001A443B7B92
:1046900013449B000B4493ED007A7B7B043B574A09
:1046A00060339B0013440433D3ED006A9FED566AD8
:1046B000C6EE867A7B68D3F81C117A7B13465B00C2
:1046C0001A443B7B13449B000B4467EE277AC3EDEF
:1046D000007A3B7B01333B733B7B022BD0D97B7B46
:1046E00001337B737B7B052BC7D97B68B3F898209C
:1046F0007B68A3F8B8207B680122A3F8BA207B6806
:1047000003F198007B6803F1C0017B68B8331A4657
:1047100012F078FD03461A467B6883F8C820374BB1
:1047200093F83831002B4ED00423FB7248E07B68AD
:10473000D3F8BC20FB7A9B00134493ED007A2F4BF7
:10474000D3ED6F7ADFED316A67EEA67AB4EEE77AE1
:10475000F1EE10FA0EDD294BD3ED6F7A7B68D3F8BA
:10476000BC20FB7A9B0013449FED287A67EE877A82
:10477000C3ED007A7B68D3F8BC20FB7A9B0013441E
:1047800093ED007A1D4BD3ED6F7ADFED216A67EE72
:10479000A67AB4EEE77AF1EE10FA0ED5174BD3ED08
:1047A0006F7A7B68D3F8BC20FB7A9B0013449FEDA3
:1047B000187A67EE877AC3ED007AFB7A0133FB72D1
:1047C000FB7A052BB3D97B68D3F8BC300C334FF0A0
:1047D00000021A607B6803F138007B6803F1B801BE
:1047E0007B6830331A4612F0B7FE03461A467B68E0
:1047F00083F8C8201437BD46F0BD00BF4007002035
:10480000CDCCCC3D6666663FDA0FC93F0AD7233C64
:104810000AD723BC80B582B000AF78607B68D3F83C
:10482000F830902219460B4813F0B6FF7B68D3F896
:104830001C3148221946084813F0AEFF7B68D3F8B4
:104840000C3148221946054813F0A6FF00BF08376F
:10485000BD4680BD0000002020090020680900201E
:1048600080B487B000AF87ED010AD7ED017AB6EECC
:10487000007A67EE877AC7ED057A7B683B6107F1BE
:1048800010031B68FB60FB685A10124B9B1AFB60FD
:1048900007F10C031B683B6197ED047AD7ED057AAD
:1048A00027EE277AD7ED047A67EE277AB7EE087AF3
:1048B00037EE677AD7ED047A67EE277AC7ED047A88
:1048C0003B6907EE903AB0EE670A1C37BD465DF8CB
:1048D000047B7047865A375F80B485B000AF87EDA0
:1048E000030AC7ED020A87ED011A97ED037AD7EDA7
:1048F000027AB4EEE77AF1EE10FA01D5BB680BE06C
:1049000097ED037AD7ED017AB4EEE77AF1EE10FA7B
:1049100001DD7B6800E0FB6807EE903AB0EE670AC5
:104920001437BD465DF8047B7047000080B483B047
:1049300000AF87ED010AD7ED017AFDEEE77A17EEB9
:10494000902A134B1A60124B1B6807EE903AF8EE50
:10495000E77A97ED017A77EE677A0E4BC3ED007A2E
:104960000C4BD3ED007AB6EE007AF4EEC77AF1EE96
:1049700010FA04DD064B1B680133054A1360044B33
:104980001B6818460C37BD465DF8047B704700BFB6
:10499000F4090020F809002080B58AB000AF002398
:1049A0007B610123BB610023FB614FF410733B600B
:1049B00044F2C0037B6044F2E003BB6000233B6130
:1049C00001233B623B461946274801F039FF034665
:1049D000002B01D000F0A1FE0E237B610023BB6100
:1049E0004FF400533B604FF47E43BB6042F2E01350
:1049F0007B604FF47E43FB6001233B613B461946DD
:104A00001A4801F01DFF0346002B01D000F085FE7F
:104A10000F237B610123BB610023FB614FF4007313
:104A20003B6044F240037B6001233B6101233B6216
:104A30003B4619460D4801F003FF0346002B01D009
:104A400000F06BFE084801F0DBFF0221064802F08F
:104A50000DFA064801F0D4FF1021044802F006FACE
:104A600000BF2837BD4680BD580A0020800A0020BC
:104A700080B487B000AFF860B9601346FB80FB6874
:104A8000002B13D14FF6FF7316E0FB685A1CFA6037
:104A90001B78FB75FB881B0A9AB2F988FB7D4B409B
:104AA000DBB2084931F813305340FB80BB685A1E13
:104AB000BA60002BE9D1FB8818461C37BD465DF86B
:104AC000047B7047108D010880B584B000AF78601A
:104AD00039600023FB817B68002B02D03B68022BEE
:104AE00001D8002320E03B68023B114A1288194696
:104AF0007868FFF7BDFF0346FB81FB89DBB23A68AC
:104B0000023A79680A44127893420CD1FB891B0A55
:104B10009BB2DBB23A68013A79680A441278934250
:104B200001D1012300E0002318461037BD4680BDA7
:104B30009000002080B483B000AF114B1B78DBB233
:104B4000002B16D10E4B01221A700E4B5B687B6056
:104B50007A680D4B1B689A4204D20C4B1B680133D8
:104B60000A4A1360074B5B68074A1360044B002234
:104B70001A7000BF0C37BD465DF8047B704700BF5C
:104B8000200A0020001000E0140A0020100A002073
:104B900080B582B000AF7860164BDB68154A43F0F1
:104BA0008073D360144B00225A60134B1B68124A67
:104BB00043F0010313607B68104A02FB03F3104AC1
:104BC00013600F4B1B680F4AA2FB03239B090E4A7D
:104BD00013600B4B1B680D4AA2FB03239B0C0C4A72
:104BE00013600C4B00221A60FFF7A4FF00BF0837C8
:104BF000BD4680BDF0ED00E0001000E040420F0037
:104C0000040A0020D34D6210080A002083DE1B43F3
:104C10000C0A0020100A002080B584B000AF786034
:104C2000104B5B68BB60BA687B681B68D31A07EEE1
:104C3000903AF8EE676A0C4B1B6807EE903AB8EEB4
:104C4000677AC6EE877AC7ED037ABA687B681A601E
:104C5000FFF770FFFB6807EE903AB0EE670A103777
:104C6000BD4680BD001000E0040A00202DE9B04FD1
:104C700098B000AF5E4B5B68FB65FFF75BFF5D4B79
:104C80001B6800229846914642464B464FF0000072
:104C90004FF00001D90741EA5201D00702460B4606
:104CA000B2EB080463EB090523193B6045EB0503F0
:104CB0007B60D7E9004514EB080A45EB090BFB6D57
:104CC0000022BB64FA64D7E912120B461AEB030305
:104CD0003B6413464BEB03037B64474BD7E910124D
:104CE000C3E90012444BD3E90001444B1B68002286
:104CF000BB63FA63D7E90E23FBF738FF02460B4686
:104D0000104619463E4BC3E900013B4BD3E9004531
:104D10003A4B1B6800223B637A63394BD3E900238B
:104D2000D7E90C89494602FB01F0414601FB03F13A
:104D300001444046A0FB02237B6513463B657B6D27
:104D4000CB187B65D7E914120B46E31ABB621346F6
:104D500065EB0303FB622B4BD7E90A12C3E9001290
:104D6000274BD3E90023284B1A60264BD3E90001D7
:104D7000264B1B6800223B627A62D7E90823FBF7C7
:104D8000F5FE02460B4692B21F4B9A801D4BD3E9AB
:104D900000231D49898808461C49096800FB01F168
:104DA0000020B961F861D7E906452146511A3961F9
:104DB000294663EB01037B61154BD7E90412C3E974
:104DC0000012134BD3E90001124B1B680022BB6099
:104DD000FA60D7E90223FBF7C9FE02460B4692B2FE
:104DE000094BDA8000BF6037BD46BDE8B08F00BF19
:104DF000001000E0100A0020180A0020040A002019
:104E0000280A0020300A0020FC090020080A00209F
:104E1000380A00200C0A002080B582B000AFFFF7EE
:104E200025FF144B1B6807EE903AB8EE677A114BDA
:104E30009B8807EE903AF8EEE77ADFED0F6A67EEAF
:104E4000A67A37EE277A0B4BDB8807EE903AF8EE1E
:104E5000E77ADFED0A6A67EEA67A77EE277AC7ED82
:104E6000017A7B6807EE903AB0EE670A0837BD46D4
:104E700080BD00BFFC0900206F12833ABD37863524
:104E800080B485B000AF87ED010A124B5B68FB6010
:104E90007B68BB6000BF0F4B5A68FB68D31A07EEF4
:104EA000903AB8EE677A0C4B1B6807EE903AF8EE32
:104EB000676AD7ED027A66EEA77AB4EEE77AF1EE8A
:104EC00010FAE8D400BF00BF1437BD465DF8047B7C
:104ED000704700BF001000E0040A002080B582B0D7
:104EE00000AF78600B467B807B681B680D4A93425D
:104EF00003D10D4B1B68984710E07B681B680B4A79
:104F0000934203D1084B9B68984707E07B681B6876
:104F1000074A934202D1044B5B69984700BF0837A8
:104F2000BD4680BD00100140400A002000480040FE
:104F30000014014080B500AF174B184A1A60164B99
:104F400003225A60144B00229A60134B0022DA604D
:104F5000114B4FF4A0221A610F4B4FF4C0025A615B
:104F60000D4B00221A760C4B01225A760A4B002276
:104F70009A76094B0122DA76074B00221A77064B04
:104F800000225A77044801F05FFB0346002B01D052
:104F900000F0C3FB00BF80BD580A00200064004041
:104FA00080B500AF174B184A1A60164B03225A609F
:104FB000144B00229A60134B0022DA60114B4FF41D
:104FC000A0221A610F4B4FF4C0025A610D4B002210
:104FD0001A760C4B01225A760A4B00229A76094B1C
:104FE0000122DA76074B00221A77064B00225A7705
:104FF000044801F029FB0346002B01D000F08DFB93
:1050000000BF80BD800A00200068004080B58CB0E1
:1050100000AF786007F11C0300221A605A609A60A2
:10502000DA601A617B681B68524A934245D1524B41
:105030001B680133504A13604F4B1B68012B0DD185
:105040000023BB614D4B1B6C4C4A43F0007313644F
:105050004A4B1B6C03F00073BB61BB6900237B618F
:10506000464B1B6B454A43F008031363434B1B6BD2
:1050700003F008037B617B690323FB6102233B622E
:1050800000237B620323BB620923FB6207F11C033D
:1050900019463B4802F01AFE00220521142002F0B6
:1050A000E9F9142002F002FA00220521152002F08D
:1050B000E1F9152002F0FAF957E07B681B68314AE4
:1050C000934252D100233B612C4B1B6C2B4A43F083
:1050D00080631364294B1B6C03F080633B613B6965
:1050E000254B1B680133244A1360234B1B68012B9B
:1050F0000DD10023FB60214B1B6C204A43F0007351
:1051000013641E4B1B6C03F00073FB60FB680023F1
:10511000BB601A4B1B6B194A43F002031363174B16
:105120001B6B03F00203BB60BB686023FB610223BF
:105130003B6200237B620323BB620923FB6207F10E
:105140001C031946104802F0C1FD00220521402031
:1051500002F090F9402002F0A9F900220521412037
:1051600002F088F9412002F0A1F900BF3037BD46B6
:1051700080BD00BF00640040A80A00200038024043
:10518000000C0240006800400004024080B582B07C
:1051900000AF00237B60234B1B6B224A43F40013B8
:1051A0001363204B1B6B03F400137B607B680023AD
:1051B0003B601C4B1B6B1B4A43F480031363194B6E
:1051C0001B6B03F480033B603B68002205210C202D
:1051D00002F050F90C2002F069F900220521382074
:1051E00002F048F9382002F061F900220521392047
:1051F00002F040F9392002F059F9002205213A2045
:1052000002F038F93A2002F051F9002205213B2042
:1052100002F030F93B2002F049F900BF0837BD46E3
:1052200080BD00BF0038024080B485B000AFF86098
:10523000B9607A60FB68074A1A60BB68064A1A6060
:105240007B6880221A6000BF1437BD465DF8047B7E
:10525000704700BFD00A0020480C0020B0B5C0B095
:1052600000AF574B07F1E4041D460FCD0FC495E87E
:10527000070084E8070007F1E403002118460AF05C
:1052800038FE03464F4A13604F4B07F1C8041D46D2
:105290000FCD0FC495E8070084E8070007F1C803A5
:1052A000002118460AF025FE0346484A1360484B81
:1052B00007F1AC041D460FCD0FC495E8070084E844
:1052C000070007F1AC03002118460AF012FE03465E
:1052D000404A1360404B07F190041D460FCD0FC4A8
:1052E00095E8070084E8070007F1900300211846BD
:1052F0000AF0FFFD0346394A1360394B07F1740485
:105300001D460FCD0FC495E8070084E8070007F19C
:105310007403002118460AF0ECFD0346314A13607D
:10532000314B07F158041D460FCD0FC495E8070017
:1053300084E8070007F15803002118460AF0D9FD58
:1053400003462A4A13602A4B07F13C041D460FCD41
:105350000FC495E8070084E8070007F13C0300212B
:1053600018460AF0C6FD0346224A1360224B07F195
:1053700020041D460FCD0FC495E8070084E8070000
:1053800007F12003002118460AF0B3FD03461B4A2B
:1053900013601B4B3C1D1D460FCD0FC495E8070045
:1053A00084E807003B1D002118460AF0A2FD0346D1
:1053B000144A136000BF07F58077BD46B0BD00BF3B
:1053C000CC8A0108AC0A0020F08A0108B00A00204B
:1053D000188B0108B40A0020408B0108B80A00208D
:1053E000688B0108BC0A0020948B0108C00A0020C9
:1053F000BC8B0108C40A0020E48B0108C80A002005
:105400000C8C0108CC0A002080B582B000AF786017
:1054100001200AF0BAFDFBE780B58CB000AF07F1C0
:105420001C0300221A605A609A60DA601A61002335
:10543000BB61554B1B6B544A43F002031363524B41
:105440001B6B03F00203BB61BB6900237B614E4B06
:105450001B6B4D4A43F0400313634B4B1B6B03F034
:1054600040037B617B6900233B61474B1B6B464AD2
:1054700043F001031363444B1B6B03F001033B61D7
:105480003B690023FB60404B1B6B3F4A43F0080322
:1054900013633D4B1B6B03F00803FB60FB680023A9
:1054A000BB60394B1B6B384A43F004031363364B24
:1054B0001B6B03F00403BB60BB6800237B60324BB3
:1054C0001B6B314A43F0800313632F4B1B6B03F0BC
:1054D00080037B607B6800233B602B4B1B6B2A4A5D
:1054E00043F010031363284B1B6B03F010033B6066
:1054F0003B6800224FF4E051244802F083FD012272
:105500001021234802F07EFD01220121214802F0F2
:1055100079FD4FF4E053FB6101233B6200237B6282
:105520000023BB6207F11C031946184802F0CEFBAA
:105530000123FB6100233B6200237B6207F11C0314
:105540001946134802F0C2FB1023FB6101233B62A2
:1055500000237B620223BB6207F11C0319460C483F
:1055600002F0B4FB0123FB6101233B6200237B6259
:105570000223BB6207F11C031946064802F0A6FB92
:1055800000BF3037BD4680BD00380240001C0240DD
:10559000000002400004024080B500AF094B0A4AF7
:1055A0001A60084B02225A60064B4FF4FA629A6066
:1055B000044802F05AFD0346002B01D000F0ADF87C
:1055C00000BF80BD480E00200030004080B500AF15
:1055D00000F0D4FF00F026F8FFF71EFFFFF7D6FD1E
:1055E000FFF7A8FCFFF7DCFC00F0BCFD00F09AF828
:1055F00000F066FC00F0EEFB00F08AFD00F0DEFD3E
:1056000000F048FB10F08EFBFFF7C6FF00210448B6
:1056100005F082F8FFF722FE0AF064FCFEE700BF07
:10562000B80F002080B594B000AF07F120033022FE
:105630000021184612F0EEFF07F10C0300221A6059
:105640005A609A60DA601A610023BB60294B1B6CB8
:10565000284A43F080531364264B1B6C03F080539D
:10566000BB60BB6800237B60234B1B68224A43F46A
:1056700080431360204B1B6803F480437B607B688E
:1056800009233B624FF480337B6201237B63022357
:10569000BB634FF48003FB6306233B64A8237B6456
:1056A0000223BB640723FB6407F12003184603F0C1
:1056B00081FF0346002B01D000F02FF80F23FB6081
:1056C00002233B6100237B614FF4A053BB614FF485
:1056D0008053FB6107F10C030521184604F0E2F941
:1056E0000346002B01D000F018F800BF5037BD462C
:1056F00080BD00BF003802400070004080B582B01D
:1057000000AF78607B681B68B3F1804F01D100F077
:1057100057FF00BF0837BD4680BD80B400AF72B6EA
:1057200000BFFEE780B500AF174B184A1A60164B52
:105730004FF482725A60144B00229A60124B00227E
:10574000DA60114B02221A610F4B01225A610E4B93
:105750004FF400729A610C4B1022DA610A4B00225E
:105760001A62094B00225A62074B00229A62064BCA
:105770000A22DA62044804F0A7FB0346002B01D09A
:10578000FFF7CBFF00BF80BD540E0020003001406A
:1057900080B58AB000AF786007F1140300221A6068
:1057A0005A609A60DA601A617B681B68574A9342B4
:1057B00040F0A88000233B61554B5B6C544A43F496
:1057C00080535364524B5B6C03F480533B613B69E1
:1057D0000023FB604E4B1B6B4D4A43F002031363E7
:1057E0004B4B1B6B03F00203FB60FB680023BB60A9
:1057F000474B1B6B464A43F001031363444B1B6B3F
:1058000003F00103BB60BB6818237B610223BB610B
:105810000023FB6103233B6205237B6207F1140332
:1058200019463C4802F052FA80237B610223BB6197
:105830000023FB6103233B6205237B6207F1140312
:105840001946354802F042FA344B354A1A60334B58
:105850004FF0C0625A60314B00229A602F4B0022F9
:10586000DA602E4B4FF480621A612C4B00225A6191
:105870002A4B00229A61294B0022DA61274B4FF410
:1058800040321A62254B00225A62244801F01CFE65
:105890000346002B01D0FFF740FF7B681F4ADA6404
:1058A0001E4A7B6893631F4B1F4A1A601D4B4FF0C3
:1058B000C0625A601B4B40229A601A4B0022DA6089
:1058C000184B4FF480621A61164B00225A61154B37
:1058D00000229A61134B0022DA61124B4FF400321E
:1058E0001A62104B00225A620E4801F0EDFD034689
:1058F000002B01D0FFF711FF7B680A4A9A64094A1E
:105900007B68936300BF2837BD4680BD00300140EF
:10591000003802400004024000000240AC0E0020AB
:10592000106402400C0F00205864024080B582B021
:1059300000AF00237B60124B5B6C114A43F4804341
:1059400053640F4B5B6C03F480437B607B680023E4
:105950003B600B4B1B6C0A4A43F080531364084BAB
:105960001B6C03F080533B603B6800220F216FF0FB
:10597000010001F07FFD00BF0837BD4680BD00BFBC
:105980000038024080B58EB000AF78600023FB6223
:105990000023BB620023FB60344B1B6C334A43F093
:1059A00001031364314B1B6C03F00103FB60FB68C4
:1059B00007F1100207F114031146184604F052FAD9
:1059C0003B6AFB62FB6A002B03D104F023FA786385
:1059D00004E004F01FFA03465B007B637B6B244A00
:1059E000A2FB03239B0C013BBB62224B4FF0804286
:1059F0001A60204B40F2E732DA601E4ABB6A5360FD
:105A00001C4B00221A611B4B00229A60194B00228A
:105A10009A61184804F066FD034687F8333097F81A
:105A20003330002B1BD1134804F0ACFD034687F83C
:105A3000333097F83330002B11D11C2001F036FDA4
:105A40007B680F2B08D8002279681C2001F012FD1A
:105A5000094A7B68136002E0012387F8333097F826
:105A6000333018463837BD4680BD00BF003802408D
:105A700083DE1B436C0F00209800002080B400AF31
:105A8000FEE780B400AFFEE780B400AFFEE780B46D
:105A900000AFFEE780B400AFFEE780B400AF00BF08
:105AA000BD465DF8047B704780B500AF024801F049
:105AB000A3FE00BF80BD00BFC811002080B500AFAD
:105AC000024801F0F9F900BF80BD00BF580A00206C
:105AD00080B500AF024801F0EFF900BF80BD00BF04
:105AE000580A002080B500AF024804F0DDFE00BF78
:105AF00080BD00BF6C0F002080B500AF024805F0EC
:105B000021FE00BF80BD00BF9010002080B500AF17
:105B1000024805F017FE00BF80BD00BFD81000206E
:105B200080B500AF024801F067FE00BF80BD00BF36
:105B3000AC0E002080B500AF024801F05DFE00BF52
:105B400080BD00BF2812002080B500AF024801F0E0
:105B500053FE00BF80BD00BF6811002080B500AFBC
:105B6000024801F049FE00BF80BD00BF0C0F0020BD
:105B700080B500AF024801F09FF900BF80BD00BFB3
:105B8000800A002080B500AF024801F095F900BFFF
:105B900080BD00BF800A002080B500AF024802F03F
:105BA000FAFB00BF80BD00BF5CB9012080B500AF2B
:105BB000024805F0C7FD00BF80BD00BF20110020D6
:105BC00080B400AF01231846BD465DF8047B7047E2
:105BD00080B582B000AF7860396012F0A5FD034651
:105BE00016221A604FF0FF3318460837BD4680BDB5
:105BF00080B582B000AF78604FF0FF317868FFF772
:105C0000E7FFFEE780B586B000AF7860144A154B19
:105C1000D31A7B617B693B61134B1B68002B02D15C
:105C2000114B124A1A60104B1A687B6813443A6988
:105C30009A4207D212F078FD03460C221A604FF008
:105C4000FF3309E0084B1B68FB60074B1A687B6851
:105C50001344054A1360FB6818461837BD4680BDDB
:105C60000000022000040000B40F002038CD012005
:105C700080B400AF064BD3F88830054A43F4700374
:105C8000C2F8883000BFBD465DF8047B704700BF96
:105C900000ED00E080B596B000AF07F148030022A8
:105CA0001A605A609A60DA6007F1400300221A60B5
:105CB0005A6007F1240300221A605A609A60DA6081
:105CC0001A615A619A613B1D20220021184612F088
:105CD000A1FC3E4B3E4A1A603C4BA7225A603B4B0C
:105CE00000229A60394B44F61F62DA60374B00227B
:105CF0001A61364B00225A61344B80229A61334834
:105D000004F0F0FB0346002B01D0FFF706FD4FF433
:105D10008053BB6407F1480319462C4804F076FF12
:105D20000346002B01D0FFF7F8FC284804F09AFC4A
:105D30000346002B01D0FFF7F0FC00233B64002357
:105D40007B6407F140031946204805F06BFB0346CE
:105D5000002B01D0FFF7E1FC60237B620023BB62D4
:105D60000023FB6200233B6300237B630023BB63B0
:105D70000023FB6307F1240300221946134804F0B3
:105D800083FE0346002B01D0FFF7C7FC00237B6096
:105D90000023BB600023FB6000233B6100237B6189
:105DA0004FF40053BB6100233B623B1D194607487B
:105DB00005F0B4FB0346002B01D0FFF7AEFC03480F
:105DC00000F01AF900BF5837BD4680BDB80F00205B
:105DD0000000014080B58EB000AF07F1280300221B
:105DE0001A605A609A60DA6007F1200300221A6094
:105DF0005A603B1D00221A605A609A60DA601A618C
:105E00005A619A612C4B2D4A1A602B4B29225A60F9
:105E1000294B00229A60284B4FF47A72DA60264BA5
:105E200000221A61244B00229A61234804F05AFB95
:105E30000346002B01D0FFF770FC4FF48053BB6288
:105E400007F1280319461C4804F0E0FE0346002B26
:105E500001D0FFF762FC184804F004FC0346002B55
:105E600001D0FFF75AFC00233B6200237B6207F15D
:105E700020031946104805F0D5FA0346002B01D03F
:105E8000FFF74BFC60237B600023BB600023FB60BB
:105E900000237B613B1D08221946074804F0F4FDEE
:105EA0000346002B01D0FFF738FC034800F0A4F8AC
:105EB00000BF3837BD4680BD0010002000080040FC
:105EC00080B588B000AF3B1D00221A605A609A600E
:105ED000DA601A615A619A611E4B1F4A1A601D4BA3
:105EE00053225A601B4B00229A601A4B40F2CF7229
:105EF000DA60184B00221A61164B00229A6115488D
:105F000004F0F0FA0346002B01D0FFF706FC11481D
:105F100004F0A8FB0346002B01D0FFF7FEFB602333
:105F20007B600023BB600023FB6000237B613B1D83
:105F300000221946074804F0A7FD0346002B01D0B4
:105F4000FFF7EBFB034800F057F800BF2037BD46D2
:105F500080BD00BF481000200044014080B487B0DD
:105F600000AF78607B681B681F4A93420ED1002304
:105F70007B611E4B5B6C1D4A43F0010353641B4B5A
:105F80005B6C03F001037B617B6926E07B681B6827
:105F9000174A93420ED100233B61144B1B6C134AEA
:105FA00043F004031364114B1B6C03F004033B61C7
:105FB0003B6912E07B681B680E4A93420DD10023B7
:105FC000FB600A4B5B6C094A43F400335364074B94
:105FD0005B6C03F40033FB60FB6800BF1C37BD46FD
:105FE0005DF8047B704700BF0000014000380240AC
:105FF000000800400044014080B58AB000AF7860DE
:1060000007F1140300221A605A609A60DA601A617C
:106010007B681B68374A93421FD100233B61364B94
:106020001B6B354A43F010031363334B1B6B03F0B8
:1060300010033B613B694FF400737B610223BB613A
:106040000023FB6100233B6201237B6207F1140301
:1060500019462A4801F03AFE48E07B681B68284A46
:1060600093421FD10023FB60234B1B6B224A43F05A
:1060700008031363204B1B6B03F00803FB60FB68F2
:106080004FF480437B610223BB610023FB6100234B
:106090003B6202237B6207F114031946194801F0A1
:1060A00015FE23E07B681B68174A93421ED100232C
:1060B000BB60114B1B6B104A43F0020313630E4B82
:1060C0001B6B03F00203BB60BB684FF480737B6102
:1060D0000223BB610023FB6100233B6203237B623D
:1060E00007F114031946094801F0F0FD00BF2837F5
:1060F000BD4680BD00000140003802400010024053
:1061000000080040000C024000440140000402402E
:1061100080B500AF114B124A1A60104B4FF4E132B8
:106120005A600E4B00229A600C4B0022DA600B4B37
:1061300000221A61094B0C225A61084B00229A6115
:10614000064B0022DA61054805F04EFA0346002BA3
:1061500001D0FFF7E2FA00BF80BD00BF9010002021
:106160000010014080B500AF114B124A1A60104B6D
:10617000114A5A600E4B4FF480529A600C4B002229
:10618000DA600B4B4FF480621A61094B04225A61AA
:10619000074B00229A61064B0022DA61044805F0A1
:1061A00023FA0346002B01D0FFF7B7FA00BF80BDEA
:1061B000D810002000480040A086010080B500AF44
:1061C000114B124A1A60104B4FF461225A600E4B69
:1061D00000229A600C4B0022DA600B4B00221A61FD
:1061E000094B0C225A61084B00229A61064B00228F
:1061F000DA61054805F0F8F90346002B01D0FFF7F6
:106200008CFA00BF80BD00BF2011002000140140A7
:1062100080B58EB000AF786007F1240300221A60C9
:106220005A609A60DA601A617B681B68784A934208
:1062300040F0838000233B62764B5B6C754A43F0F1
:1062400010035364734B5B6C03F010033B623B6AB7
:106250000023FB616F4B1B6B6E4A43F00203136319
:106260006C4B1B6B03F00203FB61FB690023BB61FA
:10627000684B1B6B674A43F001031363654B1B6B51
:1062800003F00103BB61BB6980237B620223BB6215
:106290000023FB6203233B6307237B6307F1240393
:1062A00019465D4801F012FD4FF400737B62022332
:1062B000BB620023FB6203233B6307237B6307F17D
:1062C00024031946554801F001FD554B554A1A6003
:1062D000534B4FF000625A60514B00229A60504B72
:1062E0000022DA604E4B4FF480621A614C4B002260
:1062F0005A614B4B00229A61494B0022DA61484BAC
:106300004FF400321A62464B00225A62444801F0B0
:10631000DBF80346002B01D0FFF7FFF97B68404A0A
:10632000DA633F4A7B68936300220521252001F050
:10633000A1F8252001F0BAF8E7E07B681B683A4A2B
:10634000934279D100237B61324B1B6C314A43F479
:10635000802313642F4B1B6C03F480237B617B69C8
:1063600000233B612B4B1B6B2A4A43F0040313634E
:10637000284B1B6B03F004033B613B694FF4406304
:106380007B620223BB620023FB6203233B63072380
:106390007B6307F124031946244801F097FC244B42
:1063A000244A1A60224B4FF000625A60204B0022B0
:1063B0009A601F4B0022DA601D4B4FF480621A6115
:1063C0001B4B00225A611A4B00229A61184B002283
:1063D000DA61174B4FF440321A62154B00225A62B1
:1063E000134801F071F80346002B01D0FFF795F92F
:1063F0007B680F4ADA630E4A7B68936300220521AB
:10640000272001F037F8272001F050F87DE000BF89
:106410000010014000380240000402400000024029
:10642000681100204064024000480040000802401B
:10643000C8110020286002407B681B68354A9342DF
:1064400063D10023FB60344B5B6C334A43F0200381
:106450005364314B5B6C03F02003FB60FB6800234B
:10646000BB602D4B1B6B2C4A43F0400313632A4B3C
:106470001B6B03F04003BB60BB684FF484437B623B
:106480000223BB620023FB6203233B6308237B637D
:1064900007F124031946214801F018FC204B214A3A
:1064A0001A601F4B4FF020625A601D4B00229A6009
:1064B0001B4B0022DA601A4B4FF480621A61184BB2
:1064C00000225A61164B00229A61154B0022DA61B4
:1064D000134B4FF400321A62114B00225A621048DB
:1064E00000F0F2FF0346002B01D0FFF716F97B689E
:1064F0000B4ADA630A4A7B6893630022052147202E
:1065000000F0B8FF472000F0D1FF00BF3837BD468C
:1065100080BD00BF00140140003802400018024056
:106520002812002028640240DFF834D0FFF7A0FBD7
:106530000C480D490D4A002302E0D458C4500433DE
:10654000C4188C42F9D30A4A0A4C002301E01360B4
:106550000432A242FBD312F0EDF8FFF737F8704790
:10656000000002200000002014070020DC9D01082C
:106570001807002038CD0120FEE7000080B500AFED
:106580000E4B1B680D4A43F4007313600B4B1B68E2
:106590000A4A43F480631360084B1B68074A43F4BC
:1065A00080731360032000F05AFF0F20FFF7EAF911
:1065B000FFF7BCF90023184680BD00BF003C024035
:1065C00080B400AF064B1B781A46064B1B68134479
:1065D000044A136000BFBD465DF8047B704700BFEE
:1065E0009C0000208812002080B400AF034B1B6881
:1065F0001846BD465DF8047B704700BF8812002036
:1066000080B584B000AF7860FFF7EEFFB8607B68BC
:10661000FB60FB68B3F1FF3F05D00A4B1B781A46BD
:10662000FB681344FB6000BFFFF7DEFF0246BB6858
:10663000D31AFA689A42F7D800BF00BF1037BD4698
:1066400080BD00BF9C00002080B584B000AF7860A2
:106650007B68002B01D10123EDE07B6893F82030AB
:10666000DBB2002B02D17868FEF7D0FC7B681B6898
:106670001A687B681B6842F001021A60FFF7B4FFDA
:10668000F86012E0FFF7B0FF0246FB68D31A0A2B4E
:106690000BD97B685B6A43F400327B685A627B6883
:1066A000052283F820200123C5E07B681B685B6816
:1066B00003F00103002BE5D07B681B681A687B6838
:1066C0001B6822F002021A60FFF78EFFF86012E0EA
:1066D000FFF78AFF0246FB68D31A0A2B0BD97B68A7
:1066E0005B6A43F400327B685A627B68052283F858
:1066F000202001239FE07B681B685B6803F0020396
:10670000002BE5D17B681B7E012B08D17B681B68C1
:106710001A687B681B6842F080021A6007E07B6899
:106720001B681A687B681B6822F080021A607B680D
:106730005B7E012B08D17B681B681A687B681B682D
:1067400042F040021A6007E07B681B681A687B68A9
:106750001B6822F040021A607B689B7E012B08D1E7
:106760007B681B681A687B681B6842F020021A600D
:1067700007E07B681B681A687B681B6822F02002B0
:106780001A607B68DB7E012B08D17B681B681A6866
:106790007B681B6822F010021A6007E07B681B68A8
:1067A0001A687B681B6842F010021A607B681B7FC6
:1067B000012B08D17B681B681A687B681B6842F054
:1067C00008021A6007E07B681B681A687B681B6810
:1067D00022F008021A607B685B7F012B08D17B687E
:1067E0001B681A687B681B6842F004021A6007E0A5
:1067F0007B681B681A687B681B6822F004021A60B9
:106800007B689A687B68DB681A437B681B691A435C
:106810007B685B6942EA03017B685B685A1E7B68A0
:106820001B680A43DA617B6800225A627B68012296
:1068300083F82020002318461037BD4680BD000095
:1068400080B487B000AF786039607B681B687B617B
:106850007B6893F82030FB74FB7C012B03D0FB7C1E
:10686000022B40F0BE80654B7B617B69D3F8003220
:1068700043F001027B69C3F800227B69D3F8003240
:1068800023F47C527B69C3F800227B69D3F8002291
:106890003B685B6A1B021A437B69C3F800223B68B2
:1068A0005B6903F01F03012202FA03F3FB607B69BB
:1068B000D3F81C22FB68DB431A407B69C3F81C2217
:1068C0003B68DB69002B23D17B69D3F80C22FB6882
:1068D000DB431A407B69C3F80C223B68DB68190470
:1068E0003B685B689BB23A68526919437B694832DE
:1068F00043F832103B689B6819043B681B689AB2E6
:106900003B685B690A4379694833DB000B445A6092
:106910003B68DB69012B22D17B69D3F80C22FB6831
:106920001A437B69C3F80C223B681B6819043B6857
:106930005B689BB23A68526919437B69483243F8F5
:1069400032103B689B6819043B68DB689AB23B686D
:106950005B690A4379694833DB000B445A603B6842
:106960009B69002B09D17B69D3F80422FB68DB43C8
:106970001A407B69C3F8042207E07B69D3F804223C
:10698000FB681A437B69C3F804223B681B69002B30
:1069900009D17B69D3F81422FB68DB431A407B6979
:1069A000C3F8142207E07B69D3F81422FB681A436A
:1069B0007B69C3F814223B681B6A012B07D17B69F2
:1069C000D3F81C22FB681A437B69C3F81C227B693D
:1069D000D3F8003223F001027B69C3F800220023C0
:1069E00006E07B685B6A43F480227B685A6201237D
:1069F00018461C37BD465DF8047B704700640040B4
:106A000080B584B000AF78607B6893F82030DBB24B
:106A1000012B2ED17B68022283F820207B681B6823
:106A20001A687B681B6822F001021A60FFF7DCFD20
:106A3000F86012E0FFF7D8FD0246FB68D31A0A2B74
:106A40000BD97B685B6A43F400327B685A627B68CF
:106A5000052283F82020012312E07B681B685B6815
:106A600003F00103002BE5D17B6800225A6200236A
:106A700006E07B685B6A43F400227B685A6201236C
:106A800018461037BD4680BD80B489B000AFF860AD
:106A9000B9607A603B60FB6893F82030FB77FB6855
:106AA0001B689B68BB61FB7F012B03D0FB7F022B24
:106AB00040F0AD80BB6903F08063002B0AD1BB6955
:106AC00003F00063002B05D1BB6903F08053002B5A
:106AD00000F09580BB691B0E03F003037B6101226C
:106AE0007B699A403B681A60BB689B68002B0DD19C
:106AF000BB681B685A05BB68DB68F96809681A43FC
:106B00007B6918331B010B441A600FE0BB685B689C
:106B1000DA00BB689B681A43BB68DB68F9680968E0
:106B20001A437B6918331B010B441A60FB68196810
:106B3000BB681A697B6918331B010B4404331A6064
:106B4000BB681B7D012B11D1FB681A687B69183368
:106B50001B01134404331B68FA68116843F4807204
:106B60007B6918331B010B4404331A607B680733BD
:106B70001B781A067B6806331B781B041A437B6854
:106B800005331B781B0213437A68043212781046CF
:106B9000FA68116843EA00027B691B010B4403F5A4
:106BA000C6731A607B6803331B781A067B6802334E
:106BB0001B781B041A437B6801331B781B021343A9
:106BC0007A6812781046FA68116843EA00027B6915
:106BD0001B010B4403F5C4731A60FB681A687B69D8
:106BE00018331B0113441B68FA68116843F0010253
:106BF0007B6918331B010B441A6000230EE0FB680D
:106C00005B6A43F40012FB685A62012306E0FB68EA
:106C10005B6A43F48022FB685A62012318462437DA
:106C2000BD465DF8047B704780B487B000AFF86064
:106C3000B9607A603B60FB6893F82030FB75FB7DA0
:106C4000012B03D0FB7D022B40F00381BB68002B9E
:106C50000ED1FB681B68DB6803F00303002B16D121
:106C6000FB685B6A43F40012FB685A620123F7E099
:106C7000FB681B681B6903F00303002B07D1FB684B
:106C80005B6A43F40012FB685A620123E8E0FB6888
:106C90001A68BB681B331B0113441B6803F0040212
:106CA0007B689A607B689B68002B0CD1FB681A6834
:106CB000BB681B331B0113441B685B0DC3F30A0243
:106CC0007B681A600BE0FB681A68BB681B331B010A
:106CD00013441B68DB0823F060427B685A60FB6842
:106CE0001A68BB681B331B0113441B6803F00202C4
:106CF0007B68DA60FB681A68BB681B331B011344AE
:106D000004331B6803F00803002B03D07B680822C0
:106D10001A610BE0FB681A68BB681B331B01134444
:106D200004331B6803F00F027B681A61FB681A6862
:106D3000BB681B331B01134404331B681B0ADAB204
:106D40007B689A61FB681A68BB681B331B0113449C
:106D500004331B681B0C9AB27B685A61FB681A6883
:106D6000BB681B01134403F5DC731B68DAB23B6894
:106D70001A70FB681A68BB681B01134403F5DC73C7
:106D80001B681A0A3B680133D2B21A70FB681A6892
:106D9000BB681B01134403F5DC731B681A0C3B68CA
:106DA0000233D2B21A70FB681A68BB681B01134425
:106DB00003F5DC731B681A0E3B680333D2B21A70FA
:106DC000FB681A68BB681B01134403F5DE731A687D
:106DD0003B680433D2B21A70FB681A68BB681B01A7
:106DE000134403F5DE731B681A0A3B680533D2B2FD
:106DF0001A70FB681A68BB681B01134403F5DE7345
:106E00001B681A0C3B680633D2B21A70FB681A680A
:106E1000BB681B01134403F5DE731B681A0E3B6845
:106E20000733D2B21A70BB68002B08D1FB681B680D
:106E3000DA68FB681B6842F02002DA6007E0FB6852
:106E40001B681A69FB681B6842F020021A61002364
:106E500006E0FB685B6A43F48022FB685A62012308
:106E600018461C37BD465DF8047B704780B485B07A
:106E700000AF786039607B6893F82030FB73FB7B50
:106E8000012B02D0FB7B022B09D17B681B6859695F
:106E90007B681B683A680A435A61002306E07B68F6
:106EA0005B6A43F480227B685A62012318461437D8
:106EB000BD465DF8047B704780B58AB000AF78604E
:106EC00000237B627B681B685B693B627B681B6895
:106ED0005B68FB617B681B689B68BB617B681B68A8
:106EE000DB687B617B681B681B693B617B681B6897
:106EF0009B69FB603B6A03F00103002B7CD0BB69FC
:106F000003F00103002B23D07B681B6801229A60E9
:106F1000BB6903F00203002B03D0786800F083F90B
:106F200016E0BB6903F00403002B04D07B6A43F432
:106F300000637B620CE0BB6903F00803002B04D004
:106F40007B6A43F480537B6202E0786800F089F941
:106F5000BB6903F48073002B24D07B681B684FF45B
:106F600080729A60BB6903F40073002B03D07868C9
:106F700000F063F916E0BB6903F48063002B04D0D2
:106F80007B6A43F400537B620CE0BB6903F400634B
:106F9000002B04D07B6A43F480437B6202E0786874
:106FA00000F069F9BB6903F48033002B24D07B68BF
:106FB0001B684FF480329A60BB6903F40033002BE6
:106FC00003D0786800F043F916E0BB6903F480232E
:106FD000002B04D07B6A43F400437B620CE0BB6966
:106FE00003F40023002B04D07B6A43F480337B62DC
:106FF00002E0786800F049F93B6A03F00803002BCF
:107000000CD07B6903F01003002B07D07B6A43F49C
:1070100000737B627B681B681022DA603B6A03F0B6
:107020000403002B0BD07B6903F00803002B06D070
:107030007B681B680822DA60786800F030F93B6AE8
:1070400003F00203002B09D07B681B68DB6803F0A8
:107050000303002B02D078680EF040FD3B6A03F07A
:107060004003002B0CD03B6903F01003002B07D02A
:107070007B6A43F480637B627B681B6810221A6121
:107080003B6A03F02003002B0BD03B6903F008039D
:10709000002B06D07B681B6808221A61786800F014
:1070A00008F93B6A03F01003002B09D07B681B68CA
:1070B0001B6903F00303002B02D078680EF08EFDED
:1070C0003B6A03F40033002B0BD0FB6903F0100381
:1070D000002B06D07B681B6810225A60786800F08D
:1070E000F2F83B6A03F48033002B0BD0FB6903F00A
:1070F0000803002B06D07B681B6808225A6078685A
:1071000000F0EBF83B6A03F40043002B7BD0FB69F3
:1071100003F00403002B72D03B6A03F48073002B4E
:1071200008D0FB6803F00103002B03D07B6A43F017
:1071300001037B623B6A03F40073002B08D0FB68F9
:1071400003F00203002B03D07B6A43F002037B624F
:107150003B6A03F48063002B08D0FB6803F0040350
:10716000002B03D07B6A43F004037B623B6A03F489
:107170000063002B43D0FB6803F07003002B3ED06C
:10718000FB6803F07003602B2BD0602B2ED8502BA4
:1071900022D0502B2AD8402B19D0402B26D8302B68
:1071A00010D0302B22D8102B02D0202B05D01DE080
:1071B0007B6A43F008037B6219E07B6A43F01003AB
:1071C0007B6214E07B6A43F020037B620FE07B6A02
:1071D00043F040037B620AE07B6A43F080037B62FA
:1071E00005E07B6A43F480737B6200E000BF7B684C
:1071F0001B689A697B681B6822F070029A617B6841
:107200001B6804225A607B6A002B08D07B685A6A8C
:107210007B6A1A437B685A62786800F068F800BF9E
:107220002837BD4680BD80B483B000AF786000BF12
:107230000C37BD465DF8047B704780B483B000AF67
:10724000786000BF0C37BD465DF8047B704780B4A2
:1072500083B000AF786000BF0C37BD465DF8047B9B
:10726000704780B483B000AF786000BF0C37BD4674
:107270005DF8047B704780B483B000AF786000BFD6
:107280000C37BD465DF8047B704780B483B000AF17
:10729000786000BF0C37BD465DF8047B704780B452
:1072A00083B000AF786000BF0C37BD465DF8047B4B
:1072B000704780B483B000AF786000BF0C37BD4624
:1072C0005DF8047B704780B483B000AF786000BF86
:1072D0000C37BD465DF8047B704780B483B000AFC7
:1072E000786000BF0C37BD465DF8047B704780B402
:1072F00083B000AF786000BF0C37BD465DF8047BFB
:107300007047000080B485B000AF78607B6803F000
:107310000703FB600C4BDB68BB60BA684FF6FF03EA
:107320001340BB60FB681A02BB68134343F0BF63A2
:1073300043F40033BB60044ABB68D36000BF14371A
:10734000BD465DF8047B704700ED00E080B400AFFF
:10735000044BDB681B0A03F007031846BD465DF8C3
:10736000047B704700ED00E080B483B000AF0346BB
:10737000FB7197F90730002B0BDBFB7903F01F0241
:10738000074997F907305B09012000FA02F241F83A
:10739000232000BF0C37BD465DF8047B704700BF5B
:1073A00000E100E080B483B000AF03463960FB71B8
:1073B00097F90730002B0ADB3B68DAB20C4997F9E2
:1073C00007301201D2B20B4483F800230AE03B6875
:1073D000DAB20849FB7903F00F03043B1201D2B281
:1073E0000B441A7600BF0C37BD465DF8047B70472E
:1073F00000E100E000ED00E080B489B000AFF8608B
:10740000B9607A60FB6803F00703FB61FB69C3F1B5
:107410000703042B28BF0423BB61FB690433062B3D
:1074200002D9FB69033B00E000237B614FF0FF3290
:10743000BB6902FA03F3DA43BB681A407B699A40DE
:107440004FF0FF317B6901FA03F3D9437B680B40AE
:10745000134318462437BD465DF8047B704780B55A
:1074600082B000AF78607868FFF74CFF00BF083744
:10747000BD4680BD80B586B000AF0346B9607A6076
:10748000FB7300237B61FFF761FF78617A68B9685D
:107490007869FFF7B1FF024697F90F301146184699
:1074A000FFF780FF00BF1837BD4680BD80B582B0B2
:1074B00000AF0346FB7197F907301846FFF754FFFA
:1074C00000BF0837BD4680BD80B586B000AF78608C
:1074D00000237B61FFF788F838617B68002B01D1BE
:1074E000012399E07B68022283F835207B68002223
:1074F00083F834207B681B681A687B681B6822F05D
:1075000001021A600FE0FFF76FF802463B69D31AD9
:10751000052B08D97B6820225A657B68032283F8F3
:107520003520032378E07B681B681B6803F00103A8
:10753000002BE8D17B681B681B687B617A69384B3C
:1075400013407B617B685A687B689B681A437B6841
:10755000DB681A437B681B691A437B685B691A43C3
:107560007B689B691A437B68DB691A437B681B6AEB
:1075700013437A6913437B617B685B6A042B07D1F1
:107580007B68DA6A7B681B6B13437A6913437B6100
:107590007B681B687A691A607B681B685B697B6122
:1075A0007B6923F007037B617B685B6A7A6913431D
:1075B0007B617B685B6A042B17D17B689B6A7A6965
:1075C00013437B617B68DB6A002B0ED0786800F088
:1075D00001FB0346002B08D07B6840225A657B687C
:1075E000012283F83520012316E07B681B687A6945
:1075F0005A61786800F0B8FA0346FB607B68DB6D7F
:107600003F229A40FB689A607B6800225A657B683B
:10761000012283F83520002318461837BD4680BD67
:107620003F8010F080B586B000AFF860B9607A6036
:107630003B600023FB75FB689B6D3B61FB6893F827
:107640003430012B01D1022340E0FB68012283F892
:107650003420FB6893F83530DBB2012B2FD1FB6867
:10766000022283F83520FB6800225A653B687A685D
:10767000B968F86800F04AFAFB68DB6D3F229A406F
:107680003B699A60FB681B681A68FB681B6842F0DC
:1076900016021A60FB681B6C002B07D0FB681B6886
:1076A0001A68FB681B6842F008021A60FB681B68D6
:1076B0001A68FB681B6842F001021A6005E0FB686B
:1076C000002283F834200223FB75FB7D184618370F
:1076D000BD4680BD80B584B000AF78607B689B6D8F
:1076E000FB60FEF781FFB8607B6893F83530DBB252
:1076F000022B08D07B6880225A657B68002283F8C1
:107700003420012352E07B681B681A687B681B6881
:1077100022F016021A607B681B685A697B681B6836
:1077200022F080025A617B681B6C002B03D17B68BE
:107730009B6C002B07D07B681B681A687B681B68F2
:1077400022F008021A607B681B681A687B681B6855
:1077500022F001021A6013E0FEF746FF0246BB6802
:10776000D31A052B0CD97B6820225A657B6803222B
:1077700083F835207B68002283F83420032315E04A
:107780007B681B681B6803F00103002BE4D17B6856
:10779000DB6D3F229A40FB689A607B68012283F888
:1077A00035207B68002283F83420002318461037E8
:1077B000BD4680BD80B483B000AF78607B6893F82D
:1077C0003530DBB2022B04D07B6880225A6501235E
:1077D0000CE07B68052283F835207B681B681A68FB
:1077E0007B681B6822F001021A60002318460C37E0
:1077F000BD465DF8047B704780B586B000AF786009
:107800000023BB608E4B1B688E4AA2FB03239B0A9E
:107810007B617B689B6D3B613B691B68FB607B68A0
:10782000DB6D08229A40FB681340002B1AD07B685E
:107830001B681B6803F00403002B13D07B681B68D4
:107840001A687B681B6822F004021A607B68DB6D93
:1078500008229A403B699A607B685B6D43F00102A5
:107860007B685A657B68DB6D01229A40FB68134098
:10787000002B12D07B681B685B6903F08003002B30
:107880000BD07B68DB6D01229A403B699A607B6874
:107890005B6D43F002027B685A657B68DB6D0422F6
:1078A0009A40FB681340002B12D07B681B681B6852
:1078B00003F00203002B0BD07B68DB6D04229A409F
:1078C0003B699A607B685B6D43F004027B685A6594
:1078D0007B68DB6D10229A40FB681340002B43D07D
:1078E0007B681B681B6803F00803002B3CD07B6897
:1078F000DB6D10229A403B699A607B681B681B68AD
:1079000003F48023002B18D07B681B681B6803F4EA
:107910000023002B08D17B681B6C002B24D07B68D4
:107920001B6C786898471FE07B689B6C002B1BD012
:107930007B689B6C7868984716E07B681B681B68BF
:1079400003F48073002B07D17B681B681A687B687F
:107950001B6822F008021A607B681B6C002B03D0A6
:107960007B681B6C786898477B68DB6D20229A40A7
:10797000FB681340002B00F08F807B681B681B683E
:1079800003F01003002B00F087807B68DB6D202262
:107990009A403B699A607B6893F83530DBB2052BDF
:1079A00036D17B681B681A687B681B6822F0160258
:1079B0001A607B681B685A697B681B6822F080022A
:1079C0005A617B681B6C002B03D17B689B6C002B7E
:1079D00007D07B681B681A687B681B6822F0080266
:1079E0001A607B68DB6D3F229A403B699A607B6836
:1079F000012283F835207B68002283F834207B68DD
:107A00001B6D002B7ED07B681B6D7868984779E0F2
:107A10007B681B681B6803F48023002B1DD07B68E8
:107A20001B681B6803F40023002B0DD17B685B6C83
:107A3000002B31D07B685B6C786898472CE000BFE6
:107A400094000020B5814E1B7B68DB6B002B23D09C
:107A50007B68DB6B786898471EE07B681B681B6857
:107A600003F48073002B0FD17B681B681A687B6856
:107A70001B6822F010021A607B68012283F835200F
:107A80007B68002283F834207B68DB6B002B03D0FB
:107A90007B68DB6B786898477B685B6D002B32D026
:107AA0007B685B6D03F00103002B22D07B6805220D
:107AB00083F835207B681B681A687B681B6822F096
:107AC00001021A60BB680133BB607A699A4207D32E
:107AD0007B681B681B6803F00103002BF2D100E0F8
:107AE00000BF7B68012283F835207B68002283F881
:107AF00034207B68DB6C002B05D07B68DB6C7868FE
:107B0000984700E000BF1837BD4680BD80B485B0FF
:107B100000AFF860B9607A603B60FB681B681A6868
:107B2000FB681B6822F480221A60FB681B683A68B5
:107B30005A60FB689B68402B08D1FB681B687A6819
:107B40009A60FB681B68BA68DA6007E0FB681B682C
:107B5000BA689A60FB681B687A68DA6000BF1437FD
:107B6000BD465DF8047B704780B485B000AF786097
:107B70007B681B68DBB2103B144AA2FB03231B0982
:107B8000FB60134AFB6813441B781A467B68DA656E
:107B9000FB68032B09D97B681B6823F47F7323F0F0
:107BA00003031A1D7B689A6507E07B681B6823F452
:107BB0007F7323F003037A6893657B689B6D184697
:107BC0001437BD465DF8047B704700BFABAAAAAA74
:107BD000288F010880B485B000AF78600023FB7364
:107BE0007B689B6ABB607B689B69002B1FD1BB686D
:107BF000032B56D801A252F823F000BF0D7C0008D9
:107C00001F7C00080D7C0008A37C00087B68DB6AF1
:107C100003F08073002B46D00123FB7343E07B68A5
:107C2000DB6AB3F1C07F40D10123FB733DE07B6889
:107C30009B69B3F5005F21D1BB68032B37D801A244
:107C400052F823F0557C00085B7C0008557C000846
:107C50006D7C00080123FB7330E07B68DB6A03F076
:107C60008073002B25D00123FB7322E07B68DB6A45
:107C7000B3F1C07F1FD10123FB731CE0BB68022B53
:107C800003D9BB68032B03D018E00123FB7315E075
:107C90007B68DB6A03F08073002B0ED00123FB733B
:107CA0000BE000BF0AE000BF08E000BF06E000BF35
:107CB00004E000BF02E000BF00E000BFFB7B18460D
:107CC0001437BD465DF8047B704700BF80B489B0AF
:107CD00000AF7860396000237B6100233B610023A3
:107CE000BB610023FB616BE10122FB6902FA03F334
:107CF0007B613B681B687A6913403B613A697B6929
:107D00009A4240F05A813B685B6803F00303012B01
:107D100005D03B685B6803F00303022B30D17B681E
:107D20009B68BB61FB695B00032202FA03F3DB4340
:107D3000BA691340BB613B68DA68FB695B0002FA11
:107D400003F3BA691343BB617B68BA699A607B68C5
:107D50005B68BB610122FB6902FA03F3DB43BA698A
:107D60001340BB613B685B681B0903F00102FB69C0
:107D700002FA03F3BA691343BB617B68BA695A60BC
:107D80003B685B6803F00303032B17D07B68DB6859
:107D9000BB61FB695B00032202FA03F3DB43BA69B0
:107DA0001340BB613B689A68FB695B0002FA03F30E
:107DB000BA691343BB617B68BA69DA603B685B6888
:107DC00003F00303022B23D1FB69DA087B68083236
:107DD00053F82230BB61FB6903F007039B000F22BD
:107DE00002FA03F3DB43BA691340BB613B681A69CB
:107DF000FB6903F007039B0002FA03F3BA6913431C
:107E0000BB61FB69DA087B680832B96943F8221064
:107E10007B681B68BB61FB695B00032202FA03F30A
:107E2000DB43BA691340BB613B685B6803F0030244
:107E3000FB695B0002FA03F3BA691343BB617B6819
:107E4000BA691A603B685B6803F44033002B00F0AA
:107E5000B4800023FB60604B5B6C5F4A43F480435B
:107E600053645D4B5B6C03F48043FB60FB685B4ACF
:107E7000FB699B08023352F82330BB61FB6903F0B6
:107E800003039B000F2202FA03F3DB43BA6913409A
:107E9000BB617B68524A93422BD07B68514A934224
:107EA00025D07B68504A93421FD07B684F4A93424B
:107EB00019D07B684E4A934213D07B684D4A934257
:107EC0000DD07B684C4A934207D07B684B4A934263
:107ED00001D107230EE008230CE006230AE0052366
:107EE00008E0042306E0032304E0022302E0012368
:107EF00000E00023FA6902F0030292009340BA699D
:107F00001343BB613549FB699B080233BA6941F8E9
:107F100023203B4B9B68BB613B69DB43BA69134041
:107F2000BB613B685B6803F48013002B03D0BA6924
:107F30003B691343BB61324ABB699360304BDB68DA
:107F4000BB613B69DB43BA691340BB613B685B685B
:107F500003F40013002B03D0BA693B691343BB61E0
:107F6000274ABB69D360264B5B68BB613B69DB4337
:107F7000BA691340BB613B685B6803F40033002BB4
:107F800003D0BA693B691343BB611D4ABB695360A7
:107F90001B4B1B68BB613B69DB43BA691340BB6188
:107FA0003B685B6803F48033002B03D0BA693B69FC
:107FB0001343BB61124ABB691360FB690133FB6168
:107FC000FB690F2B7FF690AE00BF00BF2437BD4684
:107FD0005DF8047B704700BF003802400038014064
:107FE000000002400004024000080240000C024071
:107FF000001002400014024000180240001C024021
:10800000003C014080B483B000AF78600B467B80B9
:1080100013467B707B78002B03D07A887B689A614B
:1080200003E07B881A047B689A6100BF0C37BD4669
:108030005DF8047B704780B485B000AF78600B4674
:108040007B807B685B69FB607A88FB6813401A045D
:10805000FB68D9437B880B401A437B689A6100BF59
:108060001437BD465DF8047B704780B584B000AF1F
:1080700078607B68002B01D1012334E07B681B68AA
:108080004CF6CC421A607B681B6845F255521A6068
:108090007B681B687A6852685A607B681B687A68DC
:1080A00092689A60FEF7A0FAF8600FE0FEF79CFA7B
:1080B0000246FB68D31A312B08D97B681B68DB6842
:1080C00003F00303002B01D003230CE07B681B6843
:1080D000DB6803F00303002BE8D17B681B684AF6DA
:1080E000AA221A60002318461037BD4680BD80B40E
:1080F00083B000AF78607B681B684AF6AA221A60DA
:10810000002318460C37BD465DF8047B704780B5E8
:1081100086B002AF78607B68002B01D1012301E1BA
:108120007B681B68BB607B6893F89534DBB2002BDF
:1081300006D17B68002283F8942478680BF09EFBBC
:108140007B68032283F89524BB68B3F1A04F02D16A
:108150007B6800229A717B681B68184604F095FCC6
:108160007B6818687B681A7C8DF8002004330ECB7E
:1081700004F074FB0346002B05D07B68022283F8D1
:1081800095240123CEE07B681B680021184604F08B
:108190008DFC0346002B05D07B68022283F89524D2
:1081A0000123BFE00023FB734AE0FA7B79681346A2
:1081B000DB0013449B000B44153301221A70FA7B39
:1081C00079681346DB0013449B000B441433FA7B9D
:1081D0001A70FA7BFB7B98B279681346DB00134474
:1081E0009B000B442E3302461A80FA7B79681346B3
:1081F000DB0013449B000B44183300221A70FA7BF7
:1082000079681346DB0013449B000B441C330022A7
:108210001A60FA7B79681346DB0013449B000B4419
:10822000203300221A60FA7B79681346DB0013447E
:108230009B000B44243300221A60FB7B0133FB7349
:108240007B681B79FA7B9A42AFD30023FB7344E02F
:10825000FA7B79681346DB0013449B000B4403F25E
:10826000552300221A70FA7B79681346DB00134409
:108270009B000B4403F51573FA7B1A70FA7B79683F
:108280001346DB0013449B000B4403F516730022D6
:108290001A70FA7B79681346DB0013449B000B4489
:1082A00003F5177300221A60FA7B79681346DB0026
:1082B00013449B000B4403F5187300221A60FA7BE9
:1082C00079681346DB0013449B000B4403F51973D4
:1082D00000221A60FB7B0133FB737B681B79FA7BFE
:1082E0009A42B5D37B6818687B681A7C8DF80020A9
:1082F00004330ECB04F026FC0346002B05D07B682C
:10830000022283F8952401230CE07B6800225A7432
:108310007B68012283F895247B681B68184605F06A
:1083200070FC002318461037BD4680BD80B584B070
:1083300000AF78607B681B68FB607B6893F89434BF
:10834000012B01D1022322E07B68012283F89424CF
:10835000FB68DB6803F04003002B09D07B685B7B84
:10836000012B05D1FB689B6B43F48032FB689A6359
:108370007B681B68184604F077FB7B681B6818460F
:1083800005F01EFC7B68002283F894240023184625
:108390001037BD4680BD90B58DB000AF78607B686A
:1083A0001B683B623B6AFB617B681B68184605F0F3
:1083B000DCFC0346002B40F08C847B681B6818466D
:1083C00005F040FC0346002B00F08284FB6903F5B6
:1083D00000639B681B0AC3F30D027B68C3F8D424B7
:1083E0007B681B68184605F02DFC034603F002036A
:1083F000022B07D17B681B685A697B681B6802F0F7
:1084000002025A617B681B68184605F01BFC034694
:1084100003F01003102B61D17B681B689A697B689D
:108420001B6822F010029A613B6A1B6ABB61BB6940
:1084300003F00F021346DB0013449B0003F5147393
:108440007A68134404337B61BB695B0C03F00F0350
:10845000022B24D1BA6947F6F0731340002B35D0B4
:108460007B69D968BB691B099BB2C3F30A039BB242
:108470001A46386A05F052FA7B69DA68BB691B094B
:10848000C3F30A031A447B69DA607B695A69BB69E2
:108490001B09C3F30A031A447B695A6116E0BB69DE
:1084A0005B0C03F00F03062B10D17B6803F29C4397
:1084B00008221946386A05F031FA7B695A69BB69A6
:1084C0001B09C3F30A031A447B695A617B681B6862
:1084D0009A697B681B6842F010029A617B681B688E
:1084E000184605F0AFFB034603F40023B3F5002F55
:1084F00040F0A78000237B627B681B68184605F06C
:10850000B4FBB86299E0BB6A03F00103002B00F0F2
:108510008E807B681B687A6AD2B21146184605F0D5
:10852000D8FB38613B6903F00103002B0CD07B6A58
:108530005A01FB69134403F530631A460123936023
:10854000796A786800F0A4FE3B6903F00803002B09
:108550000CD07B6A5A01FB69134403F530631A4659
:1085600008239360796A786800F07AFF3B6903F02A
:108570001003002B08D07B6A5A01FB69134403F5F2
:1085800030631A46102393603B6903F00203002B0B
:1085900030D03B6A5B6903F08003802B09D1FB6913
:1085A00003F500635B68FA6902F5006243F48063D7
:1085B00053607A6A1346DB0013449B0003F514737F
:1085C0007A68134404337B617B69DB78012B08D123
:1085D0007B690022DA707B6ADBB2194678680BF09F
:1085E00053FA7B6A5A01FB69134403F530631A4658
:1085F000022393603B6903F02003002B08D07B6AC1
:108600005A01FB69134403F530631A462023936033
:108610003B6903F40053002B09D07B6A5A01FB69C4
:10862000134403F530631A464FF4005393607B6A9A
:1086300001337B62BB6A5B08BB62BB6A002B7FF4C1
:1086400062AF7B681B68184605F0FCFA034603F42A
:108650008023B3F5802F40F0DB807B681B681846D1
:1086600005F01DFBB86200237B62CDE0BB6A03F01E
:108670000103002B00F0C2807B681B687A6AD2B2CB
:108680001146184605F043FB38613B6903F00103CE
:10869000002B57D07B6A03F00F03012202FA03F389
:1086A000FB60FB6903F500635A6BFB68DB43F96908
:1086B00001F5006113404B637B6A5A01FB69134467
:1086C00003F510631A46012393607B689B79012BA5
:1086D00032D179687A6A1346DB0013449B000B445D
:1086E0002033196878687A6A1346DB0013449B00CC
:1086F00003441C331B68194478687A6A1346DB000C
:1087000013449B000344203319607B6A002B13D170
:1087100079687A6A1346DB0013449B000B442433C8
:108720001B68002B08D17B6818687B6803F29C43A8
:108730001A46012105F04AFB7B6ADBB219467868CC
:108740000BF01DF93B6903F00803002B08D07B6A8E
:108750005A01FB69134403F510631A46082393601A
:108760003B6903F01003002B08D07B6A5A01FB69B8
:10877000134403F510631A46102393603B6903F01A
:108780004003002B08D07B6A5A01FB69134403F5B0
:1087900010631A46402393603B6903F00203002BE9
:1087A00023D0796A386A04F031FB7A6A1346DB0019
:1087B00013449B0010337A68134404337B617B6954
:1087C000DB78012B08D17B690022DA707B6ADBB28F
:1087D000194678680BF06AF97B6A5A01FB69134401
:1087E00003F510631A46022393603B6903F080038C
:1087F000002B03D0796A786800F0BDFC7B6A0133F6
:108800007B62BB6A5B08BB62BB6A002B7FF42EAF46
:108810007B681B68184605F015FA034603F0004311
:10882000B3F1004F22D1FB6903F500635B68FA697D
:1088300002F5006223F0010353607B6893F8CC34A7
:10884000012B08D17B68002283F8CC2400217868B2
:1088500000F0A4FE02E078680BF008F97B681B6862
:108860005A697B681B6802F000425A617B681B688A
:10887000184605F0E7F9034603F40063B3F5006F0B
:1088800012D1FB6903F500639B6803F00103012B20
:1088900002D178680BF0C4F87B681B685A697B6862
:1088A0001B6802F400625A617B681B68184605F079
:1088B000C9F9034603F48053B3F5805F40F0B780F5
:1088C000FB6903F500635B68FA6902F5006223F057
:1088D000010353607B681B681021184604F096FA68
:1088E0000023FB6246E0FB6A5A01FB69134403F56F
:1088F00010631A464FF67F339360FB6A5A01FB6997
:10890000134403F510631B68FA6A5101FA690A44BB
:1089100002F5106223F400131360FB6A5A01FB692D
:10892000134403F530631A464FF67F339360FB6AB6
:108930005A01FB69134403F530631B68FA6A51015D
:10894000FA690A4402F5306223F400131360FB6AEB
:108950005A01FB69134403F530631B68FA6A51013D
:10896000FA690A4402F5306243F000631360FB6A5F
:108970000133FB627B681B791A46FB6A9342B2D3D0
:10898000FB6903F50063DB69FA6902F5006243F0F5
:108990000113D3617B68DB7B002B16D0FB6903F5E9
:1089A0000063D3F88430FA6902F5006243F00B03E8
:1089B000C2F88430FB6903F500635B6CFA6902F569
:1089C000006243F00B03536415E0FB6903F5006399
:1089D0005B69FA6902F5006243F4005343F02B032C
:1089E0005361FB6903F500631B69FA6902F50062D4
:1089F00043F00B031361FB6903F500631B68FA691D
:108A000002F5006223F4FE6313607B6818687B68DC
:108A100099797B6803F29C431A4605F0D7F97B6885
:108A20001B685A697B681B6802F480525A617B6834
:108A30001B68184605F006F9034603F40053B3F526
:108A4000005F23D17B681B68184605F09CF97B68A2
:108A50001B68184604F053FA03461A467B68DA711D
:108A60007B681C6801F0CAF901467B68DB791A460D
:108A7000204603F057FF78680AF0A9FF7B681B685F
:108A80005A697B681B6802F400525A617B681B6854
:108A9000184605F0D7F8034603F00803082B0AD15F
:108AA00078680AF086FF7B681B685A697B681B68D8
:108AB00002F008025A617B681B68184605F0C2F88C
:108AC000034603F08003802B23D13B6A9B6923F08C
:108AD00080023B6A9A6101237B6214E079687A6ABA
:108AE0001346DB0013449B000B4403F257231B780F
:108AF000012B05D17B6ADBB21946786800F00AFBCE
:108B00007B6A01337B627B681B791A467B6A9342DE
:108B1000E4D37B681B68184605F094F8034603F419
:108B20008013B3F5801F3CD101237B622BE07B6A6D
:108B30005A01FB69134403F510631B68BB61796834
:108B40007A6A1346DB0013449B000B4418331B78EE
:108B5000012B15D1BB69002B12DA79687A6A1346AA
:108B6000DB0013449B000B44173301221A707B6A0D
:108B7000DBB263F07F03DBB21946786800F0CAFA13
:108B80007B6A01337B627B681B791A467B6A93425E
:108B9000CDD37B681B685A697B681B6802F480121E
:108BA0005A617B681B68184605F04CF8034603F4CD
:108BB0000013B3F5001F56D101237B6245E07B6AA9
:108BC0005A01FB69134403F530631B68BB61796884
:108BD0007A6A1346DB0013449B000B4403F51673BB
:108BE0001B78012B2ED1BB69002B2BDABB6903F458
:108BF00080327B68D3F8D43403F001039A4221D148
:108C000079687A6A1346DB0013449B000B4403F235
:108C1000572301221A703B6A9B6943F080023B6A2A
:108C20009A613B6A5B6903F08003002B0AD1FB6900
:108C300003F500635B68FA6902F5006243F40073B0
:108C4000536008E07B6A01337B627B681B791A46BC
:108C50007B6A9342B3D37B681B685A697B681B6845
:108C600002F400125A617B681B68184604F0EAFFA0
:108C7000034603F08043B3F1804F0AD178680AF0CD
:108C800027FF7B681B685A697B681B6802F080427B
:108C90005A617B681B68184604F0D4FF034603F052
:108CA0000403042B15D17B681B685B68BB61BB693F
:108CB00003F00403002B02D078680AF017FF7B68EA
:108CC0001B6859687B681B68BA690A435A6000E0F0
:108CD00000BF3437BD4690BD80B582B000AF78602C
:108CE0000B46FB707B6893F89434012B01D102236F
:108CF00012E07B68012283F894247B68FA785A7426
:108D00007B681B68FA781146184604F033FF7B68CD
:108D1000002283F89424002318460837BD4680BDFE
:108D200080B584B000AF7860084611461A46034605
:108D3000FB700B463B801346BB700023FB7297F918
:108D40000330002B0FDAFB7803F00F021346DB0031
:108D500013449B0010337A6813440433FB60FB68B0
:108D600001225A700FE0FB7803F00F021346DB007C
:108D700013449B0003F514737A6813440433FB60B7
:108D8000FB6800225A70FB7803F00F03DAB2FB682D
:108D90001A703B88C3F30A02FB689A60FB68BA78D2
:108DA0001A71FB685B78002B04D0FB681B781A46AD
:108DB000FB685A83BB78022B02D1FB6800225A71F0
:108DC0007B6893F89434012B01D102230EE07B6879
:108DD000012283F894247B681B68F968184604F024
:108DE000B3F87B68002283F89424FB7A1846103786
:108DF000BD4680BD80B584B000AF78600B46FB7087
:108E000097F90330002B0FDAFB7803F00F021346BB
:108E1000DB0013449B0010337A6813440433FB6077
:108E2000FB6801225A700FE0FB7803F00F02134633
:108E3000DB0013449B0003F514737A681344043376
:108E4000FB60FB6800225A70FB7803F00F03DAB274
:108E5000FB681A707B6893F89434012B01D10223CC
:108E60000EE07B68012283F894247B681B68F96814
:108E7000184604F0F1F87B68002283F8942400235C
:108E800018461037BD4680BD80B586B000AFF8608B
:108E90007A603B600B46FB72FB7A03F00F021346CD
:108EA000DB0013449B0003F51473FA681344043386
:108EB0007B617B697A68DA607B693A681A617B69F1
:108EC00000225A617B6900225A70FB7A03F00F037B
:108ED000DAB27B691A70FB689B79012B02D17A6840
:108EE0007B69DA61FB681868FB689B791A467969C7
:108EF00004F08EF9002318461837BD4680BD80B4B3
:108F000083B000AF78600B46FB70FB7803F00F0274
:108F100079681346DB0013449B000B4403F51A7376
:108F20001B6818460C37BD465DF8047B704780B55A
:108F300086B000AFF8607A603B600B46FB72FB7A4C
:108F400003F00F021346DB0013449B001033FA6852
:108F5000134404337B617B697A68DA607B693A6821
:108F60001A617B6900225A617B6901225A70FB7A7F
:108F700003F00F03DAB27B691A70FB689B79012B4F
:108F800002D17A687B69DA61FB681868FB689B79B3
:108F90001A46796904F03CF9002318461837BD4693
:108FA00080BD80B584B000AF78600B46FB70FB7865
:108FB00003F00F037A681279934201D901234FE03D
:108FC00097F90330002B0FDAFB7803F00F021346FA
:108FD000DB0013449B0010337A6813440433FB60B6
:108FE000FB6801225A700DE0FA781346DB00134447
:108FF0009B0003F514737A6813440433FB60FB6829
:1090000000225A70FB6801229A70FB7803F00F036C
:10901000DAB2FB681A707B6893F89434012B01D1A3
:1090200002231DE07B68012283F894247B681B687F
:10903000F968184604F0CAFCFB7803F00F03002B14
:1090400009D17B6818687B6899797B6803F29C4337
:109050001A4604F0BBFE7B68002283F894240023A8
:1090600018461037BD4680BD80B584B000AF78602B
:109070000B46FB70FB7803F00F037A68127993427A
:1090800001D9012342E097F90330002B0FDAFB7876
:1090900003F00F021346DB0013449B0010337A6881
:1090A00013440433FB60FB6801225A700FE0FB7825
:1090B00003F00F021346DB0013449B0003F5147307
:1090C0007A6813440433FB60FB6800225A70FB6823
:1090D00000229A70FB7803F00F03DAB2FB681A7073
:1090E0007B6893F89434012B01D102230EE07B6856
:1090F000012283F894247B681B68F968184604F001
:10910000D3FC7B68002283F8942400231846103790
:10911000BD4680BD80B584B000AF78600B46FB7063
:1091200097F90330002B0CDAFB7803F00F0213469B
:10913000DB0013449B0010337A6813440433FB6054
:109140000CE0FB7803F00F021346DB0013449B0096
:1091500003F514737A6813440433FB607B681B685F
:10916000F968184604F0F2FA0346FB72FB7A1846D7
:109170001037BD4680BD80B58AB002AF78603960D7
:109180007B681B687B617B693B613A681346DB0047
:1091900013449B0010337A6813440433FB60FB686C
:1091A0005A69FB681B699A4201D901236BE0FB688D
:1091B0001A69FB685B69D31AFB61FB689B68FA69F3
:1091C0009A4202D9FB689B68FB61FB6903339B08E9
:1091D000BB612AE0FB681A69FB685B69D31AFB6113
:1091E000FB689B68FA699A4202D9FB689B68FB613D
:1091F000FB6903339B08BB61FB68D9683B68DAB243
:10920000FB6998B27B689B7900930346786904F008
:1092100047FBFB68DA68FB691A44FB68DA60FB68A5
:109220005A69FB691A44FB685A613B685A013B69F9
:10923000134403F510639B699BB2BA699A4209D83B
:10924000FB685A69FB681B699A4203D2FB681B6979
:10925000002BBFD1FB681A69FB685B699A4211D881
:109260003B6803F00F03012202FA03F3BB603B6982
:1092700003F500635A6BBB68DB43396901F5006194
:1092800013404B63002318462037BD4680BD0000C5
:1092900080B588B000AF786039607B681B68FB617F
:1092A000FB69BB61FB693C3304331B687B613B6832
:1092B0005A01BB69134403F530639B683B617B68CB
:1092C0009B79012B7BD13B6903F00803002B15D060
:1092D0007B69614A934240F2B9803B6903F40043E1
:1092E000002B00F0B3803B685A01BB69134403F5BF
:1092F00030631A464FF400439360A7E03B6903F0E4
:109300002003002B09D03B685A01BB69134403F5C5
:1093100030631A462023936098E03B6903F02803EA
:10932000002B40F093807B694B4A93420FD93B69F5
:1093300003F40043002B0AD03B685A01BB69134475
:1093400003F530631A464FF4004393607EE03A68B9
:109350001346DB0013449B0003F514737A6813442F
:109360000433FB60FB681A6A3B685901BB690B4414
:1093700003F530631B69C3F31203D21AFB685A6109
:109380003B68002B14D1FB681B69002B09D17B685B
:1093900018687B6803F29C431A46012104F016FD0D
:1093A00006E0FB68DA68FB685B691A44FB68DA6010
:1093B0003B68DBB2194678680AF0C6FA46E07B697A
:1093C000264A934224D13B6903F40043002B0AD080
:1093D0003B685A01BB69134403F530631A464FF4E6
:1093E0000043936032E03B6903F02003002B08D078
:1093F0003B685A01BB69134403F530631A462023C6
:1094000093603B68DBB2194678680AF09DFA1DE06C
:109410003B68002B14D179683A681346DB0013448B
:109420009B000B4403F519731B68002B08D17B6864
:1094300018687B6803F29C431A46002104F0C6FCBE
:109440003B68DBB2194678680AF07EFA00231846BA
:109450002037BD4680BD00BF0A30544F0A31544FFB
:1094600080B586B000AF786039607B681B687B612F
:109470007B693B617B693C3304331B68FB603B6861
:109480005A013B69134403F530639B68BB60FB687A
:10949000154A93420ED9BB6803F40043002B09D050
:1094A0003B685A013B69134403F530631A464FF495
:1094B0000043936078680AF035FAFB680A4A9342E1
:1094C0000CD97B689B79012B08D17B6818687B6875
:1094D00003F29C431A46012104F078FC002318464D
:1094E0001837BD4680BD00BF0A30544F80B485B0E8
:1094F00000AF78600B46FB7013463B807B681B68AF
:109500005B6ABB60FB78002B07D13B8819047B6842
:109510001B68BA680A439A6228E07B681B689B6AEA
:109520001B0CBA681344BB600023FB730DE07B681F
:109530001A68FB7B40339B0013445B681B0CBA68C2
:109540001344BB60FB7B0133FB73FA7BFB78013B6D
:109550009A42ECD33B8818047B681968FB78013B7E
:10956000BA68024340339B000B445A6000231846FC
:109570001437BD465DF8047B704780B483B000AFFC
:1095800078600B467B807B681B687A885A62002370
:1095900018460C37BD465DF8047B704780B483B035
:1095A00000AF78600B46FB7000BF0C37BD465DF81E
:1095B000047B704780B586B000AF78607B68002B75
:1095C00001D1012367E27B681B6803F00103002BD4
:1095D00075D0884B9B6803F00C03042B0CD0854B93
:1095E0009B6803F00C03082B12D1824B5B6803F4D9
:1095F0008003B3F5800F0BD17E4B1B6803F400335F
:10960000002B5BD07B685B68002B57D1012342E2C3
:109610007B685B68B3F5803F06D1764B1B68754A63
:1096200043F4803313601DE07B685B68B3F5A02FC3
:109630000CD1704B1B686F4A43F4802313606D4B51
:109640001B686C4A43F4803313600BE0694B1B6862
:10965000684A23F480331360664B1B68654A23F421
:10966000802313607B685B68002B13D0FCF7BCFF82
:10967000386108E0FCF7B8FF02463B69D31A642B57
:1096800001D9032307E25B4B1B6803F40033002B73
:10969000F0D014E0FCF7A8FF386108E0FCF7A4FF65
:1096A00002463B69D31A642B01D90323F3E1514BE2
:1096B0001B6803F40033002BF0D100E000BF7B688F
:1096C0001B6803F00203002B63D04A4B9B6803F036
:1096D0000C03002B0BD0474B9B6803F00C03082BAB
:1096E0001CD1444B5B6803F48003002B16D1414B23
:1096F0001B6803F00203002B05D07B68DB68012B9D
:1097000001D00123C7E13B4B1B6823F0F8027B68C3
:109710001B69DB00374913430B603AE07B68DB6869
:10972000002B20D0344B01221A60FCF75DFF38611A
:1097300008E0FCF759FF02463B69D31A022B01D916
:109740000323A8E12B4B1B6803F00203002BF0D08E
:10975000284B1B6823F0F8027B681B69DB00254956
:1097600013430B6015E0244B00221A60FCF73CFF0A
:10977000386108E0FCF738FF02463B69D31A022B38
:1097800001D9032387E11B4B1B6803F00203002B65
:10979000F0D17B681B6803F00803002B36D07B6890
:1097A0005B69002B16D0154B01221A60FCF71CFFD9
:1097B000386108E0FCF718FF02463B69D31A022B18
:1097C00001D9032367E10B4B5B6F03F00203002B0E
:1097D000F0D01BE0094B00221A60FCF705FF38614E
:1097E0000EE0FCF701FF02463B69D31A022B07D9B2
:1097F000032350E10038024000004742800E4742F8
:10980000884B5B6F03F00203002BEAD17B681B6877
:1098100003F00403002B00F097800023FB75814BBD
:109820001B6C03F08053002B0FD10023BB607D4BDA
:109830001B6C7C4A43F0805313647A4B1B6C03F01F
:109840008053BB60BB680123FB75774B1B6803F437
:109850008073002B18D1744B1B68734A43F48073D8
:109860001360FCF7C1FE386108E0FCF7BDFE02465C
:109870003B69D31A022B01D903230CE16A4B1B6805
:1098800003F48073002BF0D07B689B68012B06D11A
:10989000644B1B6F634A43F0010313671CE07B6852
:1098A0009B68052B0CD15F4B1B6F5E4A43F0040392
:1098B00013675C4B1B6F5B4A43F0010313670BE0BC
:1098C000584B1B6F574A23F001031367554B1B6F0F
:1098D000544A23F0040313677B689B68002B15D060
:1098E000FCF782FE38610AE0FCF77EFE02463B6927
:1098F000D31A41F28832934201D90323CBE0494B7A
:109900001B6F03F00203002BEED014E0FCF76CFE9B
:1099100038610AE0FCF768FE02463B69D31A41F25F
:109920008832934201D90323B5E03E4B1B6F03F00D
:109930000203002BEED1FB7D012B05D1394B1B6CB3
:10994000384A23F0805313647B689B69002B00F036
:10995000A180344B9B6803F00C03082B5CD07B6820
:109960009B69022B41D1314B00221A60FCF73CFE6F
:10997000386108E0FCF738FE02463B69D31A022B37
:1099800001D9032387E0274B1B6803F00073002BEA
:10999000F0D17B68DA697B681B6A1A437B685B6A73
:1099A0009B011A437B689B6A5B08013B1B041A43BB
:1099B0007B68DB6A1B061B4913434B601B4B012270
:1099C0001A60FCF711FE386108E0FCF70DFE024654
:1099D0003B69D31A022B01D903235CE0114B1B68AE
:1099E00003F00073002BF0D054E0104B00221A60FB
:1099F000FCF7FAFD386108E0FCF7F6FD02463B692A
:109A0000D31A022B01D9032345E0064B1B6803F050
:109A10000073002BF0D13DE07B689B69012B07D1DF
:109A2000012338E0003802400070004060004742E7
:109A30001B4B5B68FB607B689B69012B28D0FB6834
:109A400003F480027B68DB699A4221D1FB6803F052
:109A50003F027B681B6A9A421AD1FA6847F6C073C4
:109A600013407A68526A9201934211D1FB6803F461
:109A700040327B689B6A5B08013B1B049A4207D11A
:109A8000FB6803F070627B68DB6A1B069A4201D0B8
:109A9000012300E0002318461837BD4680BD00BFF3
:109AA0000038024080B584B000AF786039607B68D0
:109AB000002B01D10123CCE0684B1B6803F00703A6
:109AC0003A689A420CD9654B3A68D2B21A70634B25
:109AD0001B6803F007033A689A4201D00123B8E0FB
:109AE0007B681B6803F00203002B20D07B681B6897
:109AF00003F00403002B05D0594B9B68584A43F4EC
:109B0000E05393607B681B6803F00803002B05D0CB
:109B1000534B9B68524A43F460439360504B9B689D
:109B200023F0F0027B689B684D4913438B607B6890
:109B30001B6803F00103002B44D07B685B68012B9A
:109B400007D1474B1B6803F40033002B19D10123C5
:109B50007FE07B685B68022B03D07B685B68032B2C
:109B600007D13F4B1B6803F00073002B09D1012381
:109B70006FE03B4B1B6803F00203002B01D1012374
:109B800067E0374B9B6823F003027B685B683449CE
:109B900013438B60FCF728FDF8600AE0FCF724FD16
:109BA0000246FB68D31A41F28832934201D903235B
:109BB0004FE02B4B9B6803F00C027B685B689B00BB
:109BC0009A42EBD1254B1B6803F007033A689A428F
:109BD0000CD2224B3A68D2B21A70204B1B6803F0A9
:109BE00007033A689A4201D0012332E07B681B6880
:109BF00003F00403002B08D0194B9B6823F4E052B8
:109C00007B68DB68164913438B607B681B6803F035
:109C10000803002B09D0124B9B6823F460427B6839
:109C20001B69DB000E4913438B6000F021F80246EC
:109C30000B4B9B681B0903F00F030A49CB5C22FA0C
:109C400003F3094A1360094B1B681846FBF79AFE99
:109C5000002318461037BD4680BD00BF003C0240BF
:109C600000380240108F0108940000209800002066
:109C70002DE9B04F90B000AF00237B630023FB635E
:109C800000233B630023BB63594B9B6803F00C0329
:109C9000082B0DD0082B00F2A180002B02D0042B42
:109CA00003D09BE0534BBB639BE0534BBB6398E0FB
:109CB0004F4B5B6803F03F037B634D4B5B6803F4E2
:109CC0008003002B28D04A4B5B689B0900223B6233
:109CD0007A623B6AC3F308000021474B03FB01F2A1
:109CE000002300FB03F31344434AA0FB0212FA6271
:109CF0000A46BA62FA6A1344FB627B6B0022BB61BC
:109D0000FA61D7E90623D7E90A01F6F72FFF0246E1
:109D10000B461346FB6353E0354B5B689B090022FF
:109D20003B617A613B69C3F3080A4FF0000B52466E
:109D30005B464FF000004FF00001590141EAD2614B
:109D4000500102460B46B2EB0A0863EB0B094FF0D9
:109D500000024FF000034FEA891343EA98634FEA89
:109D60008812B2EB080463EB09054FF000024FF0D4
:109D70000003EB0043EA5473E20014461D4614EB63
:109D80000A033B6045EB0B037B604FF000024FF092
:109D90000003D7E9004529468B02214643EA915347
:109DA00021468A02104619467B6B0022BB60FA608E
:109DB000D7E90223F6F7DAFE02460B461346FB63A9
:109DC0000B4B5B681B0C03F0030301335B003B632D
:109DD000FA6B3B6BB2FBF3F3BB6302E0054BBB6377
:109DE00000BFBB6B18464037BD46BDE8B08F00BF13
:109DF000003802400024F400001BB70080B400AF1C
:109E0000034B1B681846BD465DF8047B704700BFD6
:109E10009400002080B500AFFFF7F0FF0246054B2D
:109E20009B689B0A03F007030349CB5C22FA03F308
:109E3000184680BD00380240208F010880B500AF71
:109E4000FFF7DCFF0246054B9B685B0B03F0070343
:109E50000349CB5C22FA03F3184680BD0038024068
:109E6000208F010880B483B000AF786039607B68D0
:109E70000F221A60124B9B6803F003027B685A6042
:109E80000F4B9B6803F0F0027B689A600C4B9B6859
:109E900003F4E0527B68DA60094B9B68DB0803F44B
:109EA000E0527B681A61074B1B6803F007023B68AE
:109EB0001A6000BF0C37BD465DF8047B704700BFD9
:109EC00000380240003C024080B582B000AF7860AC
:109ED0007B68002B01D101237BE07B685B6A002B50
:109EE00008D17B685B68B3F5827F09D07B6800226C
:109EF000DA6105E07B6800221A617B6800225A6102
:109F00007B6800229A627B6893F85130DBB2002BA9
:109F100006D17B68002283F850207868FBF738FC74
:109F20007B68022283F851207B681B681A687B6873
:109F30001B6822F040021A607B685B6803F482723F
:109F40007B689B6803F404431A437B68DB6803F473
:109F500000631A437B681B6903F002031A437B68A2
:109F60005B6903F001031A437B689B6903F4007388
:109F70001A437B68DB6903F038031A437B681B6A6A
:109F800003F0800342EA03017B689B6A03F40052FA
:109F90007B681B680A431A607B689B691B0C03F093
:109FA00004017B685B6A03F010027B681B680A434C
:109FB0005A607B681B68DA697B681B6822F4006260
:109FC000DA617B6800225A657B68012283F85120A0
:109FD000002318460837BD4680BD80B58AB000AF63
:109FE000F860B9607A607B8001237B62FCF7FCFA41
:109FF0003862FB6893F85130FB77FB685B68BB61A4
:10A000007B88FB82FB7F012B0CD0BB69B3F5827F81
:10A0100006D1FB689B68002B02D1FB7F042B01D08B
:10A0200002237FE1BB68002B05D07B68002B02D0A8
:10A030007B88002B01D1012374E1FB6893F8503039
:10A04000012B01D102236DE1FB68012283F850202E
:10A05000FB6893F85130DBB2042B03D0FB68052278
:10A0600083F85120FB6800225A65FB687A689A637E
:10A07000FB687A88DA87FB687A889A87FB68BA680F
:10A080001A63FB687A88DA86FB687A889A86FB68A6
:10A0900000221A64FB6800225A64FB681B681B6874
:10A0A00003F04003402B07D0FB681B681A68FB686D
:10A0B0001B6842F040021A60FB68DB68B3F5006F72
:10A0C0007ED1FB685B68002B02D0FB8A012B6CD130
:10A0D000FB681B6B1A88FB681B68DA60FB681B6BEC
:10A0E0009A1CFB681A63FB68DB8E9BB2013B9AB239
:10A0F000FB68DA8659E0FB681B689B6803F0020383
:10A10000022B1BD1FB68DB8E9BB2002B16D07B6A27
:10A11000012B13D1FB681B6B1A88FB681B68DA6084
:10A12000FB681B6B9A1CFB681A63FB68DB8E9BB297
:10A13000013B9AB2FB68DA8600237B62FB681B68EE
:10A140009B6803F00103012B19D1FB68DB8F9BB2E5
:10A15000002B14D0FB681B68DA68FB689B6B92B21B
:10A160001A80FB689B6B9A1CFB689A63FB68DB8F09
:10A170009BB2013B9AB2FB68DA8701237B62FCF752
:10A1800033FA02463B6AD31A3A6B9A420DD83B6BBC
:10A19000B3F1FF3F09D0FB68012283F85120FB682F
:10A1A000002283F850200323BCE0FB68DB8E9BB2C7
:10A1B000002BA0D1FB68DB8F9BB2002B9BD182E0F0
:10A1C000FB685B68002B02D0FB8A012B71D1FB6816
:10A1D0001A6BFB681B680C3312781A70FB681B6BD8
:10A1E0005A1CFB681A63FB68DB8E9BB2013B9AB278
:10A1F000FB68DA865DE0FB681B689B6803F002037E
:10A20000022B1CD1FB68DB8E9BB2002B17D07B6A24
:10A21000012B14D1FB681A6BFB681B680C33127896
:10A220001A70FB681B6B5A1CFB681A63FB68DB8E99
:10A230009BB2013B9AB2FB68DA8600237B62FB6823
:10A240001B689B6803F00103012B19D1FB68DB8FAE
:10A250009BB2002B14D0FB681B68DA68FB689B6B11
:10A26000D2B21A70FB689B6B5A1CFB689A63FB683E
:10A27000DB8F9BB2013B9AB2FB68DA8701237B62DA
:10A28000FCF7B2F902463B6AD31A3A6B9A4203D8FA
:10A290003B6BB3F1FF3F02D13B6B002B09D1FB6855
:10A2A000012283F85120FB68002283F85020032309
:10A2B00038E0FB68DB8E9BB2002B9CD1FB68DB8F08
:10A2C0009BB2002B97D13A6A396BF86800F0B6F868
:10A2D0000346002B08D0FB6820225A65FB68002249
:10A2E00083F8502001231DE0FB689B68002B0AD1F6
:10A2F00000233B61FB681B68DB683B61FB681B68F4
:10A300009B683B613B69FB68012283F85120FB6835
:10A31000002283F85020FB685B6D002B01D00123E5
:10A3200000E0002318462837BD4680BD80B588B0C0
:10A3300000AFF860B9603B601346FB71FCF754F95D
:10A340000246BB6A9B1A3A681344FB61FCF74CF95E
:10A35000B861394B1B685B011B0DFA6902FB03F303
:10A360007B6154E03B68B3F1FF3F50D0FCF73CF910
:10A370000246BB69D31AFA699A4202D9FB69002BDB
:10A380003DD1FB681B685A68FB681B6822F0E0023D
:10A390005A60FB685B68B3F5827F11D1FB689B68EC
:10A3A000B3F5004F04D0FB689B68B3F5806F07D10D
:10A3B000FB681B681A68FB681B6822F040021A6081
:10A3C000FB689B6AB3F5005F0FD1FB681B681A68D6
:10A3D000FB681B6822F400521A60FB681B681A684D
:10A3E000FB681B6842F400521A60FB68012283F884
:10A3F0005120FB68002283F85020032317E07B697B
:10A40000002B01D10023FB617B69013B7B61FB6871
:10A410001B689A68BB681340BA689A420CBF012354
:10A420000023DBB21A46FB799A429BD100231846DF
:10A430002037BD4680BD00BF9400002080B588B0A5
:10A4400002AFF860B9607A607B680093BB68012254
:10A450000221F868FFF76AFF0346002B07D0FB686C
:10A460005B6D43F02002FB685A65032332E01B4B0F
:10A470001B681B4AA2FB03235B0D4FF47A7202FB9D
:10A4800003F37B61FB685B68B3F5827F12D17B6865
:10A490000093BB6800228021F868FFF747FF03465E
:10A4A000002B16D0FB685B6D43F02002FB685A65F9
:10A4B00003230FE07B69002B0AD07B69013B7B61A2
:10A4C000FB681B689B6803F08003802BF2D000E0E0
:10A4D00000BF002318461837BD4680BD94000020F9
:10A4E000819F5E1680B582B000AF78607B68002BDC
:10A4F00001D1012341E07B6893F83D30DBB2002BB2
:10A5000006D17B68002283F83C207868FBF726FDA3
:10A510007B68022283F83D207B681A687B680433DD
:10A520001946104600F062FC7B68012283F8462041
:10A530007B68012283F83E207B68012283F83F205C
:10A540007B68012283F840207B68012283F8412048
:10A550007B68012283F842207B68012283F8432034
:10A560007B68012283F844207B68012283F8452020
:10A570007B68012283F83D20002318460837BD463A
:10A5800080BD000080B485B000AF78607B6893F830
:10A590003D30DBB2012B01D001234EE07B6802226B
:10A5A00083F83D207B681B68DA687B681B6842F093
:10A5B0000102DA607B681B68234A934222D07B68E1
:10A5C0001B68B3F1804F1DD07B681B681F4A934204
:10A5D00018D07B681B681E4A934213D07B681B68A7
:10A5E0001C4A93420ED07B681B681B4A934209D0D9
:10A5F0007B681B68194A934204D07B681B68184A21
:10A60000934211D17B681B689B6803F00703FB60D2
:10A61000FB68062B10D07B681B681A687B681B6878
:10A6200042F001021A6007E07B681B681A687B68C9
:10A630001B6842F001021A60002318461437BD4619
:10A640005DF8047B704700BF00000140000400403B
:10A6500000080040000C00400004014000400140A0
:10A660000018004080B582B000AF78607B68002B96
:10A6700001D1012341E07B6893F83D30DBB2002B30
:10A6800006D17B68002283F83C20786800F039F816
:10A690007B68022283F83D207B681A687B6804335C
:10A6A0001946104600F0A2FB7B68012283F8462081
:10A6B0007B68012283F83E207B68012283F83F20DB
:10A6C0007B68012283F840207B68012283F84120C7
:10A6D0007B68012283F842207B68012283F84320B3
:10A6E0007B68012283F844207B68012283F845209F
:10A6F0007B68012283F83D20002318460837BD46B9
:10A7000080BD80B483B000AF786000BF0C37BD4619
:10A710005DF8047B7047000080B584B000AF7860BE
:10A7200039603B68002B09D17B6893F83E30DBB27F
:10A73000012B14BF01230023DBB222E03B68042B72
:10A7400009D17B6893F83F30DBB2012B14BF0123A2
:10A750000023DBB215E03B68082B09D17B6893F836
:10A760004030DBB2012B14BF01230023DBB208E031
:10A770007B6893F84130DBB2012B14BF0123002327
:10A78000DBB2002B01D001237CE03B68002B04D11D
:10A790007B68022283F83E2013E03B68042B04D13F
:10A7A0007B68022283F83F200BE03B68082B04D132
:10A7B0007B68022283F8402003E07B68022283F852
:10A7C00041207B681B6801223968184600F004FEAE
:10A7D0007B681B682D4A934204D07B681B682C4A17
:10A7E000934201D1012300E00023002B07D07B68B6
:10A7F0001B685A6C7B681B6842F400425A647B6891
:10A800001B68224A934222D07B681B68B3F1804FB9
:10A810001DD07B681B681F4A934218D07B681B6859
:10A820001D4A934213D07B681B681C4A93420ED08A
:10A830007B681B68164A934209D07B681B68184ADC
:10A84000934204D07B681B68164A934211D17B68FF
:10A850001B689B6803F00703FB60FB68062B10D0A6
:10A860007B681B681A687B681B6842F001021A60EB
:10A8700007E07B681B681A687B681B6842F001026E
:10A880001A60002318461037BD4680BD0000014005
:10A89000000401400004004000080040000C00409B
:10A8A000004001400018004080B584B000AF7860DF
:10A8B0007B681B68DB68FB607B681B681B69BB608F
:10A8C000BB6803F00203002B20D0FB6803F00203F7
:10A8D000002B1BD07B681B686FF002021A617B683B
:10A8E00001221A777B681B689B6903F00303002B26
:10A8F00003D0786800F05BFA05E0786800F04DFA64
:10A90000786800F05EFA7B6800221A77BB6803F073
:10A910000403002B20D0FB6803F00403002B1BD0A2
:10A920007B681B686FF004021A617B6802221A7749
:10A930007B681B689B6903F44073002B03D0786825
:10A9400000F035FA05E0786800F027FA786800F042
:10A9500038FA7B6800221A77BB6803F00803002BE3
:10A9600020D0FB6803F00803002B1BD07B681B681A
:10A970006FF008021A617B6804221A777B681B68F3
:10A98000DB6903F00303002B03D0786800F00FFAB3
:10A9900005E0786800F001FA786800F012FA7B6848
:10A9A00000221A77BB6803F01003002B20D0FB684D
:10A9B00003F01003002B1BD07B681B686FF01002A4
:10A9C0001A617B6808221A777B681B68DB6903F4CD
:10A9D0004073002B03D0786800F0E9F905E078684F
:10A9E00000F0DBF9786800F0ECF97B6800221A7758
:10A9F000BB6803F00103002B0CD0FB6803F00103DC
:10AA0000002B07D07B681B686FF001021A61786821
:10AA1000FAF774FEBB6803F08003002B0CD0FB68D0
:10AA200003F08003002B07D07B681B686FF0800267
:10AA30001A61786800F0CEFDBB6803F04003002B7C
:10AA40000CD0FB6803F04003002B07D07B681B6829
:10AA50006FF040021A61786800F0BDF9BB6803F03E
:10AA60002003002B0CD0FB6803F02003002B07D041
:10AA70007B681B686FF020021A61786800F0A0FD07
:10AA800000BF1037BD4680BD80B586B000AFF8600E
:10AA9000B9607A600023FB75FB6893F83C30012BAA
:10AAA00001D10223AEE0FB68012283F83C207B68E1
:10AAB0000C2B00F29F8001A252F823F0F1AA0008AB
:10AAC000F5AB0008F5AB0008F5AB000831AB0008AA
:10AAD000F5AB0008F5AB0008F5AB000873AB000858
:10AAE000F5AB0008F5AB0008F5AB0008B3AB000808
:10AAF000FB681B68B968184600F024FAFB681B68FD
:10AB00009A69FB681B6842F008029A61FB681B683F
:10AB10009A69FB681B6822F004029A61FB681B6853
:10AB20009969BB681A69FB681B680A439A6164E00B
:10AB3000FB681B68B968184600F074FAFB681B686C
:10AB40009A69FB681B6842F400629A61FB681B68A3
:10AB50009A69FB681B6822F480629A61FB681B6833
:10AB60009969BB681B691A02FB681B680A439A61F2
:10AB700043E0FB681B68B968184600F0C9FAFB6837
:10AB80001B68DA69FB681B6842F00802DA61FB683F
:10AB90001B68DA69FB681B6822F00402DA61FB6853
:10ABA0001B68D969BB681A69FB681B680A43DA61CC
:10ABB00023E0FB681B68B968184600F01DFBFB68C2
:10ABC0001B68DA69FB681B6842F40062DA61FB68A3
:10ABD0001B68DA69FB681B6822F48062DA61FB6833
:10ABE0001B68D969BB681B691A02FB681B680A43AA
:10ABF000DA6102E00123FB7500BFFB68002283F8E5
:10AC00003C20FB7D18461837BD4680BD80B584B01A
:10AC100000AF786039600023FB737B6893F83C30A9
:10AC2000012B01D10223B4E07B68012283F83C2090
:10AC30007B68022283F83D207B681B689B68BB60B1
:10AC4000BB6823F07703BB60BB6823F47F43BB6022
:10AC50007B681B68BA689A603B681B68B3F5005F45
:10AC60003ED0B3F5005F00F28780B3F5805F00F05F
:10AC70008680B3F5805F7FD8702B1AD0702B7BD87D
:10AC8000602B50D0602B77D8502B3CD0502B73D8F2
:10AC9000402B58D0402B6FD8302B64D0302B6BD842
:10ACA000202B60D0202B67D8002B5CD0102B5AD0E3
:10ACB00062E07B6818683B6899683B685A683B6843
:10ACC000DB6800F069FB7B681B689B68BB60BB6846
:10ACD00043F07703BB607B681B68BA689A604FE0FB
:10ACE0007B6818683B6899683B685A683B68DB6812
:10ACF00000F052FB7B681B689A687B681B6842F413
:10AD000080429A603CE07B6818683B6859683B6801
:10AD1000DB681A4600F0C6FA7B681B6850211846AB
:10AD200000F01FFB2CE07B6818683B6859683B68A3
:10AD3000DB681A4600F0E5FA7B681B68602118465C
:10AD400000F00FFB1CE07B6818683B6859683B68A3
:10AD5000DB681A4600F0A6FA7B681B68402118469B
:10AD600000F0FFFA0CE07B681A683B681B68194624
:10AD7000104600F0F6FA03E00123FB7300E000BF89
:10AD80007B68012283F83D207B68002283F83C2009
:10AD9000FB7B18461037BD4680BD80B483B000AF42
:10ADA000786000BF0C37BD465DF8047B704780B407
:10ADB00083B000AF786000BF0C37BD465DF8047B00
:10ADC000704780B483B000AF786000BF0C37BD46D9
:10ADD0005DF8047B704780B483B000AF786000BF3B
:10ADE0000C37BD465DF8047B7047000080B485B029
:10ADF00000AF786039607B681B68FB607B68464AFF
:10AE0000934213D07B68B3F1804F0FD07B68434AE5
:10AE100093420BD07B68424A934207D07B68414AF9
:10AE2000934203D07B68404A934208D1FB6823F0E9
:10AE30007003FB603B685B68FA681343FB607B68E8
:10AE4000354A93422BD07B68B3F1804F27D07B6883
:10AE5000324A934223D07B68314A93421FD07B68A9
:10AE6000304A93421BD07B682F4A934217D07B68AD
:10AE70002E4A934213D07B682D4A93420FD07B68B1
:10AE80002C4A93420BD07B682B4A934207D07B68B5
:10AE90002A4A934203D07B68294A934208D1FB682F
:10AEA00023F44073FB603B68DB68FA681343FB6084
:10AEB000FB6823F080023B685B691343FB607B689F
:10AEC000FA681A603B689A687B68DA623B681A68BD
:10AED0007B689A627B68104A934203D07B68124A6F
:10AEE000934203D13B681A697B681A637B6801222D
:10AEF0005A617B681B6903F00103012B05D17B6854
:10AF00001B6923F001027B681A6100BF1437BD463C
:10AF10005DF8047B704700BF000001400004004062
:10AF200000080040000C00400004014000400140C7
:10AF3000004401400048014000180040001C00404F
:10AF40000020004080B487B000AF786039607B6833
:10AF50001B6A7B617B681B6A23F001027B681A62B3
:10AF60007B685B683B617B689B69FB60FB6823F0E7
:10AF70007003FB60FB6823F00303FB603B681B6806
:10AF8000FA681343FB607B6923F002037B613B6833
:10AF90009B687A6913437B617B68204A934203D0A4
:10AFA0007B681F4A93420CD17B6923F008037B61C5
:10AFB0003B68DB687A6913437B617B6923F0040398
:10AFC0007B617B68154A934203D07B68144A9342A5
:10AFD00011D13B6923F480733B613B6923F4007317
:10AFE0003B613B685B693A6913433B613B689B6922
:10AFF0003A6913433B617B683A695A607B68FA6837
:10B000009A613B685A687B685A637B687A691A62FE
:10B0100000BF1C37BD465DF8047B7047000001404F
:10B020000004014080B487B000AF786039607B686D
:10B030001B6A7B617B681B6A23F010027B681A62C3
:10B040007B685B683B617B689B69FB60FB6823F402
:10B05000E043FB60FB6823F44073FB603B681B68C4
:10B060001B02FA681343FB607B6923F020037B61BA
:10B070003B689B681B017A6913437B617B68224AAA
:10B08000934203D07B68214A93420DD17B6923F020
:10B0900080037B613B68DB681B017A6913437B613A
:10B0A0007B6923F040037B617B68174A934203D09E
:10B0B0007B68164A934213D13B6923F480633B615A
:10B0C0003B6923F400633B613B685B699B003A6921
:10B0D00013433B613B689B699B003A6913433B61A7
:10B0E0007B683A695A607B68FA689A613B685A687B
:10B0F0007B689A637B687A691A6200BF1C37BD4619
:10B100005DF8047B704700BF00000140000401406F
:10B1100080B487B000AF786039607B681B6A7B6160
:10B120007B681B6A23F480727B681A627B685B68A9
:10B130003B617B68DB69FB60FB6823F07003FB60AD
:10B14000FB6823F00303FB603B681B68FA6813434A
:10B15000FB607B6923F400737B613B689B681B0287
:10B160007A6913437B617B68214A934203D07B68F1
:10B17000204A93420DD17B6923F400637B613B68D5
:10B18000DB681B027A6913437B617B6923F480636C
:10B190007B617B68164A934203D07B68154A9342D1
:10B1A00013D13B6923F480533B613B6923F4005383
:10B1B0003B613B685B691B013A6913433B613B6838
:10B1C0009B691B013A6913433B617B683A695A608A
:10B1D0007B68FA68DA613B685A687B68DA637B6887
:10B1E0007A691A6200BF1C37BD465DF8047B704760
:10B1F000000001400004014080B487B000AF7860D7
:10B2000039607B681B6A3B617B681B6A23F4805250
:10B210007B681A627B685B687B617B68DB69FB60CB
:10B22000FB6823F4E043FB60FB6823F44073FB609E
:10B230003B681B681B02FA681343FB603B6923F4FD
:10B2400000533B613B689B681B033A6913433B61B6
:10B250007B68124A934203D07B68114A934209D11A
:10B260007B6923F480437B613B685B699B017A695E
:10B2700013437B617B687A695A607B68FA68DA619C
:10B280003B685A687B681A647B683A691A6200BF37
:10B290001C37BD465DF8047B704700BF00000140CD
:10B2A0000004014080B487B000AFF860B9607A60F4
:10B2B000FB681B6A7B61FB681B6A23F00102FB6869
:10B2C0001A62FB689B693B613B6923F0F0033B61B9
:10B2D0007B681B013A6913433B617B6923F00A03D6
:10B2E0007B617A69BB6813437B61FB683A699A6149
:10B2F000FB687A691A6200BF1C37BD465DF8047BA3
:10B30000704780B487B000AFF860B9607A60FB68BE
:10B310001B6A7B61FB681B6A23F01002FB681A62E0
:10B32000FB689B693B613B6923F470433B617B682D
:10B330001B033A6913433B617B6923F0A0037B61E4
:10B34000BB681B017A6913437B61FB683A699A61A8
:10B35000FB687A691A6200BF1C37BD465DF8047B42
:10B36000704780B485B000AF786039607B689B68B7
:10B37000FB60FB6823F07003FB603A68FB681343D3
:10B3800043F00703FB607B68FA689A6000BF1437DC
:10B39000BD465DF8047B704780B487B000AFF860AD
:10B3A000B9607A603B60FB689B687B617B6923F4D2
:10B3B0007F437B613B681A027B681A43BB68134377
:10B3C0007A6913437B61FB687A699A6000BF1C3716
:10B3D000BD465DF8047B704780B487B000AFF8606D
:10B3E000B9607A60BB6803F01F03012202FA03F31D
:10B3F0007B61FB681A6A7B69DB431A40FB681A624F
:10B40000FB681A6ABB6803F01F03796801FA03F34B
:10B410001A43FB681A6200BF1C37BD465DF8047B07
:10B420007047000080B485B000AF786039607B68F9
:10B4300093F83C30012B01D102235AE07B680122B2
:10B4400083F83C207B68022283F83D207B681B68E0
:10B450005B68FB607B681B689B68BB60FB6823F0D4
:10B460007003FB603B681B68FA681343FB607B68F2
:10B470001B68FA685A607B681B68214A934222D095
:10B480007B681B68B3F1804F1DD07B681B681D4A29
:10B49000934218D07B681B681B4A934213D07B6889
:10B4A0001B681A4A93420ED07B681B68184A934265
:10B4B00009D07B681B68174A934204D07B681B68DD
:10B4C000154A93420CD1BB6823F08003BB603B68F4
:10B4D0005B68BA681343BB607B681B68BA689A6094
:10B4E0007B68012283F83D207B68002283F83C20A2
:10B4F000002318461437BD465DF8047B704700BF33
:10B50000000001400004004000080040000C004022
:10B5100000040140004001400018004080B485B0A4
:10B5200000AF786039600023FB607B6893F83C30A3
:10B53000012B01D102233DE07B68012283F83C20EE
:10B54000FB6823F0FF023B68DB681343FB60FB688A
:10B5500023F440723B689B681343FB60FB6823F451
:10B5600080623B685B681343FB60FB6823F4006206
:10B570003B681B681343FB60FB6823F480523B6805
:10B580001B691343FB60FB6823F400523B685B6953
:10B590001343FB60FB6823F480423B68DB69134381
:10B5A000FB607B681B68FA685A647B68002283F83A
:10B5B0003C20002318461437BD465DF8047B7047D5
:10B5C00080B483B000AF786000BF0C37BD465DF833
:10B5D000047B704780B483B000AF786000BF0C3745
:10B5E000BD465DF8047B704780B582B000AF7860DF
:10B5F0007B68002B01D1012342E07B6893F8413046
:10B60000DBB2002B06D17B68002283F840207868EB
:10B61000FAF7FEFD7B68242283F841207B681B68D3
:10B62000DA687B681B6822F40052DA60786800F000
:10B63000A1FE7B681B681A697B681B6822F4904234
:10B640001A617B681B685A697B681B6822F02A02B2
:10B650005A617B681B68DA687B681B6842F4005299
:10B66000DA607B6800225A647B68202283F84120DC
:10B670007B68202283F842207B6800225A630023E3
:10B6800018460837BD4680BD80B58CB000AFF86065
:10B69000B9601346FB80FB6893F84230DBB2202B85
:10B6A0004AD1BB68002B02D0FB88002B01D10123BB
:10B6B00043E0FB6801221A63FB6800225A63FB889F
:10B6C0001A46B968F86800F0F5FB034687F82F3092
:10B6D00097F82F30002B2CD1FB681B6B012B25D149
:10B6E00000233B61FB681B681B683B61FB681B68B0
:10B6F0005B683B613B69FB681B680C33BB61BB69E2
:10B7000053E8003F7B617B6943F01003BB62FB6839
:10B710001B680C33BA6A7A623B62396A7A6A41E81A
:10B720000023FB61FB69002BE5D102E0012387F8D0
:10B730002F3097F82F3000E0022318463037BD46EF
:10B7400080BD000080B5BAB000AF78607B681B6830
:10B750001B68C7F8E4307B681B68DB68C7F8E0301B
:10B760007B681B685B69C7F8DC300023C7F8D830FA
:10B770000023C7F8D430D7F8E43003F00F03C7F83C
:10B78000D830D7F8D830002B0FD1D7F8E43003F0F9
:10B790002003002B09D0D7F8E03003F02003002B62
:10B7A00003D0786800F027FD5BE2D7F8D830002B93
:10B7B00000F0DE80D7F8DC3003F00103002B06D167
:10B7C000D7F8E03003F49073002B00F0D180D7F865
:10B7D000E43003F00103002B0BD0D7F8E03003F482
:10B7E0008073002B05D07B685B6C43F001027B68A3
:10B7F0005A64D7F8E43003F00403002B0BD0D7F8D9
:10B80000DC3003F00103002B05D07B685B6C43F058
:10B8100002027B685A64D7F8E43003F00203002B7D
:10B820000BD0D7F8DC3003F00103002B05D07B6888
:10B830005B6C43F004027B685A64D7F8E43003F091
:10B840000803002B11D0D7F8E03003F02003002BC1
:10B8500005D1D7F8DC3003F00103002B05D07B685D
:10B860005B6C43F008027B685A647B685B6C002B5E
:10B8700000F0F281D7F8E43003F02003002B08D069
:10B88000D7F8E03003F02003002B02D0786800F0F6
:10B89000B2FC7B681B685B6903F04003402B0CBF64
:10B8A00001230023DBB2C7F8D4307B685B6C03F064
:10B8B0000803002B03D1D7F8D430002B4FD0786881
:10B8C00000F0BAFB7B681B685B6903F04003402B08
:10B8D00041D17B681B681433C7F89C30D7F89C3083
:10B8E00053E8003FC7F89830D7F8983023F040036A
:10B8F000C7F8D0307B681B681433D7F8D020C7F85E
:10B90000A820C7F8A430D7F8A410D7F8A82041E899
:10B910000023C7F8A030D7F8A030002BD9D17B681E
:10B92000DB6B002B13D07B68DB6B7E4A1A657B6870
:10B93000DB6B1846FBF73EFF0346002B16D07B68F7
:10B94000DB6B1B6D7A68D26B104698470EE0786807
:10B9500000F0A8F90AE0786800F0A4F906E0786839
:10B9600000F0A0F97B6800225A6475E100BF73E122
:10B970007B681B6B012B40F04F81D7F8E43003F05C
:10B980001003002B00F04881D7F8E03003F01003DB
:10B99000002B00F041810023BB607B681B681B68A3
:10B9A000BB607B681B685B68BB60BB687B681B68AF
:10B9B0005B6903F04003402B40F0B6807B68DB6B93
:10B9C0001B685B68A7F8BE30B7F8BE30002B00F0EC
:10B9D00045817B689B8DB7F8BE209A4280F03E81FE
:10B9E0007B68B7F8BE20DA857B68DB6BDB69B3F573
:10B9F000807F00F088807B681B680C33C7F8883034
:10BA0000D7F8883053E8003FC7F88430D7F884303F
:10BA100023F48073C7F8B8307B681B680C33D7F801
:10BA2000B820C7F89420C7F89030D7F89010D7F80E
:10BA3000942041E80023C7F88C30D7F88C30002BD5
:10BA4000D9D17B681B6814337B677B6F53E8003F59
:10BA50003B673B6F23F00103C7F8B4307B681B687A
:10BA60001433D7F8B420C7F88020FB67F96FD7F8F4
:10BA7000802041E80023BB67BB6F002BE1D17B68CE
:10BA80001B6814333B663B6E53E8003FFB65FB6D60
:10BA900023F04003C7F8B0307B681B681433D7F835
:10BAA000B020FA66BB66B96EFA6E41E800237B6689
:10BAB0007B6E002BE3D17B68202283F842207B68D9
:10BAC00000221A637B681B680C33FB64FB6C53E831
:10BAD000003FBB64BB6C23F01003C7F8AC307B683D
:10BAE0001B680C33D7F8AC20BA657B65796DBA6DED
:10BAF00041E800233B653B6D002BE3D17B68DB6BAA
:10BB00001846FBF7E7FD7B6802225A637B689A8D33
:10BB10007B68DB8D9BB2D31A9BB219467868F9F724
:10BB2000DDF99BE0FFC000087B689A8D7B68DB8DA8
:10BB30009BB2D31AA7F8CE307B68DB8D9BB2002B6B
:10BB400000F08E80B7F8CE30002B00F089807B6843
:10BB50001B680C33BB63BB6B53E8003F7B637B6BA1
:10BB600023F49073C7F8C8307B681B680C33D7F890
:10BB7000C8207A643B64396C7A6C41E80023FB632B
:10BB8000FB6B002BE3D17B681B6814337B627B6A01
:10BB900053E8003F3B623B6A23F00103C7F8C4301F
:10BBA0007B681B681433D7F8C4203A63FB62F96AD8
:10BBB0003A6B41E80023BB62BB6A002BE3D17B6890
:10BBC000202283F842207B6800221A637B681B686E
:10BBD0000C333B613B6953E8003FFB60FB6823F09B
:10BBE0001003C7F8C0307B681B680C33D7F8C0203F
:10BBF000FA61BB61B969FA6941E800237B617B693D
:10BC0000002BE3D17B6802225A63B7F8CE30194685
:10BC10007868F9F763F923E0D7F8E43003F080039C
:10BC2000002B09D0D7F8E03003F08003002B03D0BD
:10BC3000786800F078FA14E0D7F8E43003F04003B5
:10BC4000002B0ED0D7F8E03003F04003002B08D0D3
:10BC5000786800F0B8FA04E000BF02E000BF00E03E
:10BC600000BFE837BD4680BD80B483B000AF7860C8
:10BC700000BF0C37BD465DF8047B704780B483B0CD
:10BC800000AF786000BF0C37BD465DF8047B70479D
:10BC900080B483B000AF786000BF0C37BD465DF85C
:10BCA000047B704780B483B000AF786000BF0C376E
:10BCB000BD465DF8047B704780B59CB000AF7860EE
:10BCC0007B689B6BFB667B681B681B6803F4807357
:10BCD000002B72D1FB6E0022DA85FB6E1B680C33E1
:10BCE000FB64FB6C53E8003FBB64BB6C23F48073C4
:10BCF000BB66FB6E1B680C33BA6EBA657B65796DEB
:10BD0000BA6D41E800233B653B6D002BE5D1FB6E2E
:10BD10001B681433BB63BB6B53E8003F7B637B6BD7
:10BD200023F001037B66FB6E1B6814337A6E7A6422
:10BD30003B64396C7A6C41E80023FB63FB6B002B9E
:10BD4000E5D1FB6E1B6814337B627B6A53E8003FCE
:10BD50003B623B6A23F040033B66FB6E1B68143377
:10BD60003A6E3A63FB62F96A3A6B41E80023BB62C0
:10BD7000BB6A002BE5D1FB6E202283F84220FB6ECC
:10BD80001B6B012B19D1FB6E1B680C333B613B69AC
:10BD900053E8003FFB60FB6823F01003FB65FB6E7C
:10BDA0001B680C33FA6DFA61BB61B969FA6941E845
:10BDB00000237B617B69002BE5D1FB6E00225A6377
:10BDC000FB6E1B6B012B06D1FB6E9B8D1946F86E2B
:10BDD000F9F784F802E0F86EFFF750FF00BF703704
:10BDE000BD4680BD80B584B000AF78607B689B6B3A
:10BDF000FB60FB6801225A63FB681B6B012B08D1B7
:10BE0000FB689B8D5B089BB21946F868F9F766F8EA
:10BE100002E0F868FFF73CFF00BF1037BD4680BD69
:10BE200080B584B000AF78600023FB607B689B6BBB
:10BE3000BB60BB681B685B6903F08003802B0CBF91
:10BE400001230023DBB2FB60BB6893F84130DBB217
:10BE5000212B08D1FB68002B05D0BB680022DA84B7
:10BE6000B86800F0C1F8BB681B685B6903F0400369
:10BE7000402B0CBF01230023DBB2FB60BB6893F8AF
:10BE80004230DBB2222B08D1FB68002B05D0BB6807
:10BE90000022DA85B86800F0CFF8BB685B6C43F02D
:10BEA0001002BB685A64B868FFF7FCFE00BF103789
:10BEB000BD4680BD80B598B000AFF860B96013464C
:10BEC000FB80BA68FB689A62FB68FA889A85FB680F
:10BED00000225A64FB68222283F84220FB68DB6B55
:10BEE0003E4ADA63FB68DB6B3D4A1A64FB68DB6B36
:10BEF0003C4ADA64FB68DB6B00221A6507F1080331
:10BF0000FB65FB68D86BFB681B6804331946FB6D47
:10BF10001A68FB88FBF786FB00233B61FB681B6804
:10BF20001B683B61FB681B685B683B613B69FB68A6
:10BF30001B69002B19D0FB681B680C333B643B6CFE
:10BF400053E8003FFB63FB6B43F48073BB65FB6806
:10BF50001B680C33BA6DFA64BB64B96CFA6C41E8C7
:10BF600000237B647B6C002BE5D1FB681B681433DA
:10BF7000FB62FB6A53E8003FBB62BB6A43F001030C
:10BF80007B65FB681B6814337A6DBA637B63796BDE
:10BF9000BA6B41E800233B633B6B002BE5D1FB68A8
:10BFA0001B681433BB61BB6953E8003F7B617B694D
:10BFB00043F040033B65FB681B6814333A6D7A62BB
:10BFC0003B62396A7A6A41E80023FB61FB69002B16
:10BFD000E5D1002318466037BD4680BDB9BC0008D6
:10BFE000E5BD000821BE000880B489B000AF7860CC
:10BFF0007B681B680C33FB60FB6853E8003FBB6049
:10C00000BB6823F0C003FB617B681B680C33FA69D3
:10C01000BA617B617969BA6941E800233B613B6998
:10C02000002BE5D17B68202283F8412000BF243714
:10C03000BD465DF8047B704780B495B000AF786072
:10C040007B681B680C337B637B6B53E8003F3B636F
:10C050003B6B23F49073FB647B681B680C33FA6CB6
:10C060003A64FB63F96B3A6C41E80023BB63BB6B3A
:10C07000002BE5D17B681B6814333B623B6A53E8B5
:10C08000003FFB61FB6923F00103BB647B681B6815
:10C090001433BA6CFA62BB62B96AFA6A41E80023E7
:10C0A0007B627B6A002BE5D17B681B6B012B19D16E
:10C0B0007B681B680C33FB60FB6853E8003FBB6088
:10C0C000BB6823F010037B647B681B680C337A6CBD
:10C0D000BA617B617969BA6941E800233B613B69D8
:10C0E000002BE5D17B68202283F842207B68002268
:10C0F0001A6300BF5437BD465DF8047B704780B5B6
:10C1000084B000AF78607B689B6BFB60FB680022AB
:10C11000DA85FB680022DA84F868FFF7C3FD00BF08
:10C120001037BD4680BD80B485B000AF78607B68B5
:10C1300093F84130DBB2212B3ED17B689B68B3F58D
:10C14000805F14D17B681B69002B10D17B681B6A50
:10C15000FB60FB681B881A467B681B68C2F30802F9
:10C160005A607B681B6A9A1C7B681A6208E07B68CD
:10C170001B6A591C7A6811621A787B681B685A60BE
:10C180007B68DB8C9BB2013B9BB27A681946D184F9
:10C19000002B0FD17B681B68DA687B681B6822F074
:10C1A0008002DA607B681B68DA687B681B6842F093
:10C1B0004002DA60002300E0022318461437BD462F
:10C1C0005DF8047B704780B582B000AF78607B6813
:10C1D0001B68DA687B681B6822F04002DA607B68C3
:10C1E000202283F841207868FFF73EFD002318469F
:10C1F0000837BD4680BD80B58CB000AF78607B68E5
:10C2000093F84230DBB2222B40F0AE807B689B6813
:10C21000B3F5805F17D17B681B69002B13D1002316
:10C22000FB627B689B6ABB627B681B685B689BB236
:10C23000C3F308039AB2BB6A1A807B689B6A9A1C94
:10C240007B689A6226E07B689B6AFB620023BB6284
:10C250007B689B68B3F5805F07D07B689B68002B89
:10C260000AD17B681B69002B06D17B681B685B6861
:10C27000DAB2FB6A1A7008E07B681B685B68DBB2A5
:10C2800003F07F03DAB2FB6A1A707B689B6A5A1C60
:10C290007B689A627B68DB8D9BB2013B9BB27A68BC
:10C2A0001946D185002B5DD17B681B68DA687B68F5
:10C2B0001B6822F02002DA607B681B68DA687B6802
:10C2C0001B6822F48072DA607B681B685A697B689D
:10C2D0001B6822F001025A617B68202283F8422009
:10C2E0007B6800225A637B681B6B012B35D17B680E
:10C2F00000221A637B681B680C337B617B6953E8FF
:10C30000003F3B613B6923F010037B627B681B6845
:10C310000C337A6A3A62FB61F9693A6A41E80023B0
:10C32000BB61BB69002BE5D17B681B681B6803F010
:10C330001003102B0AD10023FB607B681B681B686D
:10C34000FB607B681B685B68FB60FB687B689B8DA0
:10C3500019467868F8F7C2FD02E07868FFF78EFCAE
:10C36000002302E0002300E0022318463037BD46D8
:10C3700080BD00002DE9B04FC0B000AFC7F8F40099
:10C38000D7F8F4301B681B6923F44050D7F8F43019
:10C39000D968D7F8F4301A6840EA01031361D7F876
:10C3A000F4309A68D7F8F4301B691A43D7F8F430A0
:10C3B0005B691A43D7F8F430DB691343C7F8F830E8
:10C3C000D7F8F4301B68DB6823F4164121F00C0128
:10C3D000D7F8F4301A68D7F8F8300B43D360D7F8A1
:10C3E000F4301B685B6923F44070D7F8F430996926
:10C3F000D7F8F4301A6840EA01035361D7F8F430F3
:10C400001A688F4B9A4205D0D7F8F4301A688D4BD2
:10C410009A4204D1FDF712FDC7F8FC0003E0FDF7D6
:10C42000F9FCC7F8FC00D7F8F430DB69B3F5004F2E
:10C4300040F00C81D7F8FC300022C7F8E830C7F88C
:10C44000EC20D7E93A4522462B469118B9655B4165
:10C45000FB65D7E91623214612EB0108294643EB79
:10C4600001094FF000024FF000034FEAC90343EA0D
:10C4700058734FEAC80290469946234618EB0303C7
:10C48000C7F8E0302B4649EB0303C7F8E430D7F890
:10C49000F4305B680022C7F8D830C7F8DC20D7E951
:10C4A00036120B46DB183B65134642EB03037B65F4
:10C4B000D7E91423D7E93801F4F758FB02460B46B5
:10C4C000614BA3FB02235B091C01D7F8FC3000225F
:10C4D000C7F8D030C7F8D420D7E9348942464B4654
:10C4E0009118B9645B41FB64D7E91223414612EB12
:10C4F000010A494643EB010B4FF000024FF00003E5
:10C500004FEACB0343EA5A734FEACA0292469B466C
:10C5100043461AEB0303C7F8C8304B464BEB030303
:10C52000C7F8CC30D7F8F4305B680022C7F8C030C9
:10C53000C7F8C420D7E930120B46DB183B6413461A
:10C5400042EB03037B64D7E91023D7E93201F4F708
:10C550000DFB02460B4611463B4BA3FB01235B0937
:10C56000642202FB03F3CB1ADB0003F13202364BE9
:10C57000A3FB02235B095B0003F4F8731C44D7F8A8
:10C58000FC300022C7F8B830C7F8BC20D7E92E89A4
:10C5900042464B469118B9635B41FB63D7E90E23D2
:10C5A00041465118396349464B417B634FF00002C5
:10C5B0004FF00003D7E90CAB5946CB00514643EA94
:10C5C00051735146CA0010461946034642469B180D
:10C5D000C7F8B0304B460A4642EB0303C7F8B43005
:10C5E000D7F8F4305B680022C7F8A830C7F8AC2051
:10C5F000D7E92A120B46DB18BB62134642EB030352
:10C60000FB62D7E90A23D7E92C01F4F7AFFA024617
:10C610000B460D4BA3FB02135B09642101FB03F3E3
:10C62000D31ADB003233084AA2FB03235B0903F071
:10C630000702D7F8F4301B6822449A6006E100BF75
:10C6400000100140001401401F85EB51D7F8FC3069
:10C650000022C7F8A030C7F8A420D7E928894246AD
:10C660004B46911839625B417B62D7E9082341460A
:10C670005418494643EB01054FF000024FF0000308
:10C68000EB0043EA5473E20014461D464346E318A8
:10C69000C7F898304B4645EB0303C7F89C30D7F8F2
:10C6A000F4305B680022C7F89030C7F894204FF050
:10C6B00000024FF00003D7E9244529468B002146AC
:10C6C00043EA917321468A00D7E92601F4F74EFA2E
:10C6D00002460B46604BA3FB02235B091C01D7F803
:10C6E000FC300022C7F88830C7F88C20D7E92289AF
:10C6F00042464B469118B9615B41FB61D7E906237D
:10C7000041465118396149464B417B614FF0000267
:10C710004FF00003D7E904AB5946CB00514643EA3A
:10C7200051735146CA0010461946034642469B18AB
:10C73000C7F880304B460A4642EB0303C7F8843003
:10C74000D7F8F4305B680022BB67FA674FF000024D
:10C750004FF00003D7E91E8949468B00414643EA62
:10C76000917341468A00D7E92001F4F7FFF90246A8
:10C770000B461146384BA3FB01235B09642202FBE5
:10C7800003F3CB1A1B013233334AA2FB03235B09A9
:10C7900003F0F0031C44D7F8FC3000223B677A67B3
:10C7A000D7E91C8942464B469118B9605B41FB6052
:10C7B000D7E9022341465118396049464B417B6015
:10C7C0004FF000024FF00003D7E900AB5946CB0011
:10C7D000514643EA51735146CA0010461946034672
:10C7E00042469B18BB664B460A4642EB0303FB6678
:10C7F000D7F8F4305B6800223B667A664FF000029F
:10C800004FF00003D7E9188949468B00414643EAB7
:10C81000917341468A00D7E91A01F4F7A7F9024655
:10C820000B460D4BA3FB02135B09642101FB03F3D1
:10C83000D31A1B013233084AA2FB03235B0903F01E
:10C840000F02D7F8F4301B6822449A6000BF07F546
:10C850008077BD46BDE8B08F1F85EB5184B080B5B1
:10C8600084B000AF786007F11C0080E80E0097F8F4
:10C870002130012B23D17B689B6B23F480327B68B2
:10C880009A637B68DB6823F4840323F040037A68AF
:10C89000D3607B68DB6823F440127B68DA6097F82A
:10C8A0002830012B05D17B68DB6843F480127B685C
:10C8B000DA60786801F0E8FA0346FB731BE07B68F6
:10C8C000DB6843F040027B68DA60786801F0DCFAEC
:10C8D0000346FB7397F82530002B06D17B689B6BD2
:10C8E00043F480327B689A6305E07B689B6B23F49A
:10C8F00080327B689A63BB7F012B0BD17B689B687E
:10C9000043F006027B689A607B689B6843F02002D4
:10C910007B689A60FB7B18461037BD46BDE88040B7
:10C9200004B0704780B487B000AFF860B9601346B8
:10C93000FB71FB79022B65D1BB68414A934206D952
:10C94000BB68404A934202D20F237B6162E0BB681E
:10C950003C4A934206D3BB683B4A934202D20E2321
:10C960007B6157E0BB68384A934206D3BB68374ABD
:10C97000934202D20D237B614CE0BB68334A934261
:10C9800006D3BB68324A934202D80C237B6141E054
:10C99000BB682F4A934206D9BB682E4A934202D8FD
:10C9A0000B237B6136E0BB682A4A934206D9BB68F9
:10C9B000294A934202D80A237B612BE0BB68264AAE
:10C9C000934206D9BB68254A934202D209237B6170
:10C9D00020E0BB68214A934206D3BB68204A9342B9
:10C9E00002D808237B6115E0BB681D4A934206D933
:10C9F000BB681C4A934202D207237B610AE00623EC
:10CA00007B6107E0FB79002B02D109237B6101E008
:10CA100009237B61FB68DB6823F47052FB68DA60F2
:10CA2000FB68DA687B699B0203F470531A43FB6866
:10CA3000DA60002318461C37BD465DF8047B70475A
:10CA4000BFACD800C0E1E4000024F400807306010C
:10CA50009F491A01FF2C31013FA44C0100366E01A1
:10CA60001FABA6010048E80180B483B000AF786036
:10CA70007B689B6843F001027B689A60002318463C
:10CA80000C37BD465DF8047B704780B483B000AFBF
:10CA900078607B689B6823F001027B689A600023C2
:10CAA00018460C37BD465DF8047B704780B584B0EE
:10CAB00000AF78600B46FB700023FB607B68DB688F
:10CAC00023F0C0427B68DA60FB78012B15D17B68CC
:10CAD000DB6843F000527B68DA600A20F9F790FDCA
:10CAE000FB680A33FB60786801F03FF90346012BCD
:10CAF0001ED0FB68C72BF0D91AE0FB78002B15D1AC
:10CB00007B68DB6843F080427B68DA600A20F9F7D3
:10CB100077FDFB680A33FB60786801F026F903466D
:10CB2000002B05D0FB68C72BF0D901E0012305E0FD
:10CB3000FB68C82B01D1012300E000231846103701
:10CB4000BD4680BD84B080B586B000AF786007F187
:10CB5000240080E80E000023FB757B68FB60002347
:10CB60003B6109E07A683B6940339B001344002233
:10CB70005A603B6901333B613B690E2BF2D997F850
:10CB80002E30002B1CD1FB6803F500635B68FA684C
:10CB900002F5006243F0020353607B689B6B43F431
:10CBA00000127B689A637B689B6B23F400227B688E
:10CBB0009A637B689B6B23F480227B689A630BE00B
:10CBC0007B689B6B23F400127B689A637B689B6B8A
:10CBD00043F400227B689A63FB6803F560631A469E
:10CBE0000023136097F82930012B0DD197F82730D7
:10CBF000002B04D10021786800F068F908E00121D9
:10CC0000786800F063F903E00321786800F05EF9CA
:10CC10001021786800F0FAF80346002B01D00123B8
:10CC2000FB75786800F024F90346002B01D001233E
:10CC3000FB75FB6803F500631A4600231361FB686C
:10CC400003F500631A4600235361FB6803F5006394
:10CC50001A460023D36100233B6143E03B695A013C
:10CC6000FB68134403F510631B6803F00043B3F142
:10CC7000004F18D13B69002B0AD13B695A01FB6870
:10CC8000134403F510631A464FF00063136013E07A
:10CC90003B695A01FB68134403F510631A464FF0D1
:10CCA0009043136008E03B695A01FB68134403F5A5
:10CCB00010631A46002313603B695A01FB68134452
:10CCC00003F510631A46002313613B695A01FB68A0
:10CCD000134403F510631A464FF67F3393603B69A4
:10CCE00001333B6197F824301A463B699342B5D330
:10CCF00000233B6143E03B695A01FB68134403F5A1
:10CD000030631B6803F00043B3F1004F18D13B6957
:10CD1000002B0AD13B695A01FB68134403F53063C9
:10CD20001A464FF00063136013E03B695A01FB6839
:10CD3000134403F530631A464FF09043136008E044
:10CD40003B695A01FB68134403F530631A4600231C
:10CD500013603B695A01FB68134403F530631A46BC
:10CD6000002313613B695A01FB68134403F53063E8
:10CD70001A464FF67F3393603B6901333B6197F866
:10CD800024301A463B699342B5D3FB6803F5006330
:10CD90001B69FA6802F5006223F4807313617B68F3
:10CDA00000229A617B686FF080425A6197F82630C2
:10CDB000002B05D17B689B6943F010027B689A6168
:10CDC0007B689A69104B13437A68936197F82A300D
:10CDD000002B05D07B689B6943F008027B689A6151
:10CDE00097F82E30012B07D17B689B6943F0804375
:10CDF00043F004037A689361FB7D18461837BD46FB
:10CE0000BDE8804004B0704700383C8080B485B0F5
:10CE100000AF786039600023FB60FB680133FB6082
:10CE2000FB68B3F1706F01D903231BE07B681B69BA
:10CE3000002BF2DA0023FB603B689B0143F02002E9
:10CE40007B681A61FB680133FB60FB68B3F1706FAC
:10CE500001D9032306E07B681B6903F02003202B24
:10CE6000F0D0002318461437BD465DF8047B7047A8
:10CE700080B485B000AF78600023FB60FB680133AD
:10CE8000FB60FB68B3F1706F01D9032318E07B6886
:10CE90001B69002BF2DA0023FB607B6810221A6109
:10CEA000FB680133FB60FB68B3F1706F01D90323AA
:10CEB00006E07B681B6903F01003102BF0D0002301
:10CEC00018461437BD465DF8047B704780B485B0C2
:10CED00000AF78600B46FB707B68FB60FB6803F576
:10CEE00000631A68FB78F96801F5006113430B6071
:10CEF000002318461437BD465DF8047B704780B4A4
:10CF000087B000AF78607B683B613B6903F50063E5
:10CF10009B6803F00603FB60FB68002B02D1002333
:10CF2000FB750AE0FB68022B02D0FB68062B02D1DE
:10CF30000223FB7501E00F23FB75FB7D18461C37B0
:10CF4000BD465DF8047B704780B485B000AF786063
:10CF500039607B68FB603B681B78BB603B685B7833
:10CF6000012B3AD1FB6803F50063DA693B681B7853
:10CF700003F00F03012101FA03F39BB2F96801F5F5
:10CF800000611343CB61BB685A01FB68134403F58E
:10CF900010631B6803F40043002B55D1BB685A0192
:10CFA000FB68134403F510631A683B689B68C3F37E
:10CFB0000A013B681B799B041943BB689B050B4323
:10CFC0001343BA685101FA680A4402F5106243F04B
:10CFD000805343F40043136036E0FB6803F50063BD
:10CFE000DA693B681B7803F00F03012101FA03F3B0
:10CFF0001B04F96801F500611343CB61BB685A015A
:10D00000FB68134403F530631B6803F40043002BF3
:10D010001AD1BB685A01FB68134403F530631A68E0
:10D020003B689B68C3F30A013B681B799B040B4375
:10D030001343BA685101FA680A4402F5306243F0BA
:10D04000805343F400431360002318461437BD4651
:10D050005DF8047B7047000080B485B000AF786055
:10D0600039607B68FB603B681B78BB603B685B7822
:10D07000012B61D1BB685A01FB68134403F51063AF
:10D080001B6803F00043B3F1004F1FD1BB685A0186
:10D09000FB68134403F510631B68BA685101FA6812
:10D0A0000A4402F5106243F000631360BB685A0142
:10D0B000FB68134403F510631B68BA685101FA68F2
:10D0C0000A4402F5106243F080431360FB6803F5E5
:10D0D0000063DA6B3B681B7803F00F03012101FA50
:10D0E00003F39BB2DB43F96801F500611340CB63A6
:10D0F000FB6803F50063DA693B681B7803F00F03F4
:10D10000012101FA03F39BB2DB43F96801F50061E9
:10D110001340CB61BB685A01FB68134403F51063ED
:10D120001A68BB685901FB680B4403F51063194684
:10D13000354B13400B6060E0BB685A01FB68134439
:10D1400003F530631B6803F00043B3F1004F1FD1B8
:10D15000BB685A01FB68134403F530631B68BA6867
:10D160005101FA680A4402F5306243F0006313602B
:10D17000BB685A01FB68134403F530631B68BA6847
:10D180005101FA680A4402F5306243F080431360AB
:10D19000FB6803F50063DA6B3B681B7803F00F0351
:10D1A000012101FA03F31B04DB43F96801F5006177
:10D1B0001340CB63FB6803F50063DA693B681B78B7
:10D1C00003F00F03012101FA03F31B04DB43F968A9
:10D1D00001F500611340CB61BB685A01FB68134441
:10D1E00003F530631A68BB685901FB680B4403F50B
:10D1F00030631946054B13400B6000231846143763
:10D20000BD465DF8047B7047007833EC0078F3EF9F
:10D2100080B58AB002AFF860B9601346FB71FB6855
:10D22000FB61BB681B78BB61BB685B78012B40F07E
:10D230007F81BB681B69002B32D1BB695A01FB6936
:10D24000134403F510631B69BA695101FA690A4472
:10D2500002F5106223F0FF5323F4C0131361BB697E
:10D260005A01FB69134403F510631B69BA69510144
:10D27000FA690A4402F5106243F400231361BB69A2
:10D280005A01FB69134403F510631B69BA69510124
:10D29000FA690A4402F51062DB0CDB04136197E0C3
:10D2A000BB695A01FB69134403F510631B69BA6932
:10D2B0005101FA690A4402F51062DB0CDB041361C8
:10D2C000BB695A01FB69134403F510631B69BA6912
:10D2D0005101FA690A4402F5106223F0FF5323F466
:10D2E000C0131361BB69002B1AD1BB681A69BB68F4
:10D2F0009B689A4203D9BB689A68BB681A61BB698C
:10D300005A01FB69134403F510631B69BA695101A3
:10D31000FA690A4402F5106243F40023136144E001
:10D32000BB681A69BB689B6813445A1EBB689B683C
:10D33000B2FBF3F3FB82BB695A01FB69134403F5AB
:10D3400010631A69FB8AD904A44B0B40B9694801E0
:10D35000F969014401F5106113430B61BB681B7946
:10D36000012B22D1BB695A01FB69134403F51063F9
:10D370001B69BA695101FA690A4402F5106223F087
:10D38000C0431361BB695A01FB69134403F5106381
:10D390001A69FB8A5B0703F0C043B9694801F96960
:10D3A000014401F5106113430B61BB695A01FB692C
:10D3B000134403F510631A69BB681B69C3F31203B6
:10D3C000B9694801F969014401F5106113430B6122
:10D3D000FB79012B4BD1BB68DB69002B09D0BB6902
:10D3E0005A01FB69134403F510631A46BB68DB69F5
:10D3F0005361BB681B79012B28D1FB6903F50063DE
:10D400009B6803F48073002B10D1BB695A01FB6940
:10D41000134403F510631B68BA695101FA690A44A1
:10D4200002F5106243F0005313600FE0BB695A012C
:10D43000FB69134403F510631B68BA695101FA696B
:10D440000A4402F5106243F080531360BB695A012D
:10D45000FB69134403F510631B68BA695101FA694B
:10D460000A4402F5106243F00443136066E1BB69AD
:10D470005A01FB69134403F510631B68BA69510133
:10D48000FA690A4402F5106243F004431360BB6872
:10D490001B79012B15D0BB681B69002B00F04E8156
:10D4A000FB6903F500635A6BBB681B7803F00F033D
:10D4B000012101FA03F3F96901F5006113434B639C
:10D4C0003CE1FB6903F500639B6803F48073002B68
:10D4D00010D1BB695A01FB69134403F510631B6843
:10D4E000BA695101FA690A4402F5106243F0005327
:10D4F00013600FE0BB695A01FB69134403F5106325
:10D500001B68BA695101FA690A4402F5106243F0D6
:10D5100080531360BB68D968BB681A78BB681B6905
:10D5200098B2FB7900930346F86800F0B9F905E179
:10D53000BB695A01FB69134403F530631B69BA697F
:10D540005101FA690A4402F53062DB0CDB04136115
:10D55000BB695A01FB69134403F530631B69BA695F
:10D560005101FA690A4402F5306223F0FF5323F4B3
:10D57000C0131361BB69002B32D1BB681B69002B40
:10D5800003D0BB689A68BB681A61BB689A68BB68BD
:10D590001A62BB695A01FB69134403F530631A69C7
:10D5A000BB681B6AC3F31203B9694801F9690144F6
:10D5B00001F5306113430B61BB695A01FB691344E8
:10D5C00003F530631B69BA695101FA690A4402F52F
:10D5D000306243F40023136162E000BF0000F81FD3
:10D5E000BB681B69002B23D1BB695A01FB6913443B
:10D5F00003F530631A69BB689B68C3F31203B9690A
:10D600004801F969014401F5306113430B61BB69BD
:10D610005A01FB69134403F530631B69BA69510170
:10D62000FA690A4402F5306243F40023136137E0DB
:10D63000BB681A69BB689B6813445A1EBB689B6829
:10D64000B2FBF3F3FB82BB689B68FA8A03FB02F22E
:10D65000BB681A62BB695A01FB69134403F5306366
:10D660001A69FB8AD904384B0B40B9694801F9693A
:10D67000014401F5306113430B61BB695A01FB6939
:10D68000134403F530631A69BB681B6AC3F31203C2
:10D69000B9694801F969014401F5306113430B612F
:10D6A000FB79012B0DD1BB68DB68002B09D0BB686F
:10D6B000D968BB695A01FB69134403F530630A4614
:10D6C0005A61BB681B79012B28D1FB6903F5006304
:10D6D0009B6803F48073002B10D1BB695A01FB696E
:10D6E000134403F530631B68BA695101FA690A44AF
:10D6F00002F5306243F0005313600FE0BB695A013A
:10D70000FB69134403F530631B68BA695101FA6978
:10D710000A4402F5306243F080531360BB695A013A
:10D72000FB69134403F530631B68BA695101FA6958
:10D730000A4402F5306243F00443136000231846A4
:10D740002037BD4680BD00BF0000F81F80B487B001
:10D7500000AF786039600023FB600023FB757B68B5
:10D760003B613B685B78012B4AD13B681B785A01CF
:10D770003B69134403F510631B6803F00043B3F1E6
:10D78000004F40F086803B681B785A013B69134488
:10D7900003F510631B683A68127851013A690A442C
:10D7A00002F5106243F0006313603B681B785A0176
:10D7B0003B69134403F510631B683A681278510102
:10D7C0003A690A4402F5106243F080431360FB6833
:10D7D0000133FB60FB6842F21072934202D90123CD
:10D7E000FB7556E03B681B785A013B69134403F50F
:10D7F00010631B6803F00043B3F1004FE7D048E02B
:10D800003B681B785A013B69134403F530631B687E
:10D8100003F00043B3F1004F3BD13B681B785A0142
:10D820003B69134403F530631B683A681278510171
:10D830003A690A4402F5306243F0006313603B68C2
:10D840001B785A013B69134403F530631B683A683F
:10D85000127851013A690A4402F5306243F080437C
:10D860001360FB680133FB60FB6842F21072934265
:10D8700002D90123FB750CE03B681B785A013B6918
:10D88000134403F530631B6803F00043B3F1004F0A
:10D89000E7D0FB7D18461C37BD465DF8047B70471A
:10D8A00080B489B000AFF860B96011461A460B46E3
:10D8B000FB711346BB80FB687B61BB68FB6197F81B
:10D8C0002830002B23D1BB8803339B083B61002306
:10D8D000BB6118E0FB791A037B69134403F580539D
:10D8E0001A46FB691B681360FB690133FB61FB6926
:10D8F0000133FB61FB690133FB61FB690133FB61B0
:10D90000BB690133BB61BA693B699A42E2D3002328
:10D9100018462437BD465DF8047B704780B48BB051
:10D9200000AFF860B9601346FB80FB68BB61BB6861
:10D930007B62FB889B089BB27B61FB8803F003033F
:10D94000FB8300233B6214E0BB6903F580531A6834
:10D950007B6A1A607B6A01337B627B6A01337B627C
:10D960007B6A01337B627B6A01337B623B6A0133F2
:10D970003B623A6A7B699A42E6D3FB8B002B1ED04E
:10D9800000233B62BB6903F580531A4607F110037D
:10D9900012681A603A693B6ADBB2DB0022FA03F3D1
:10D9A000DAB27B6A1A703B6A01333B627B6A0133ED
:10D9B0007B62FB8B013BFB83FB8B002BEAD17B6AF9
:10D9C00018462C37BD465DF8047B704780B485B09F
:10D9D00000AF786039607B68FB603B681B78BB6098
:10D9E0003B685B78012B2CD1BB685A01FB68134460
:10D9F00003F510631B68002B12DBBB68002B0FD0F4
:10DA0000BB685A01FB68134403F510631B68BA68CE
:10DA10005101FA680A4402F5106223F08043136052
:10DA2000BB685A01FB68134403F510631B68BA68AE
:10DA30005101FA680A4402F5106243F400131360BE
:10DA40002BE0BB685A01FB68134403F530631B6885
:10DA5000002B12DBBB68002B0FD0BB685A01FB68A0
:10DA6000134403F530631B68BA685101FA680A442D
:10DA700002F5306223F080431360BB685A01FB68F3
:10DA8000134403F530631B68BA685101FA680A440D
:10DA900002F5306243F40013136000231846143774
:10DAA000BD465DF8047B704780B485B000AF7860F8
:10DAB00039607B68FB603B681B78BB603B685B78C8
:10DAC000012B28D1BB685A01FB68134403F510638E
:10DAD0001B68BA685101FA680A4402F5106223F41F
:10DAE000001313603B681B79032B03D03B681B7941
:10DAF000022B38D1BB685A01FB68134403F510634D
:10DB00001B68BA685101FA680A4402F5106243F0D2
:10DB10008053136027E0BB685A01FB68134403F588
:10DB200030631B68BA685101FA680A4402F5306232
:10DB300023F4001313603B681B79032B03D03B686D
:10DB40001B79022B0FD1BB685A01FB68134403F504
:10DB500030631B68BA685101FA680A4402F5306202
:10DB600043F080531360002318461437BD465DF818
:10DB7000047B704780B485B000AF78600B46FB70C3
:10DB80007B68FB60FB6803F500631B68FA6802F5BD
:10DB9000006223F4FE631360FB6803F500631A68F8
:10DBA000FB781B0103F4FE63F96801F50061134380
:10DBB0000B60002318461437BD465DF8047B7047A0
:10DBC00080B485B000AF78607B68FB60FB6803F5CC
:10DBD00060631B68FA6802F5606223F00303136058
:10DBE000FB6803F500635B68FA6802F5006223F0E6
:10DBF00002035360002318461437BD465DF8047BCA
:10DC0000704780B485B000AF78607B68FB60FB68CC
:10DC100003F560631B68FA6802F5606223F0030392
:10DC20001360FB6803F500635B68FA6802F5006245
:10DC300043F002035360002318461437BD465DF8D5
:10DC4000047B704780B485B000AF78607B685B6907
:10DC5000FB607B689B69FA681340FB60FB681846B1
:10DC60001437BD465DF8047B704780B485B000AFC3
:10DC700078607B68FB60FB6803F500639B69BB60B1
:10DC8000FB6803F50063DB69BA681340BB60BB68DF
:10DC90001B0C18461437BD465DF8047B704780B4F2
:10DCA00085B000AF78607B68FB60FB6803F50063BC
:10DCB0009B69BB60FB6803F50063DB69BA681340CE
:10DCC000BB60BB689BB218461437BD465DF8047B49
:10DCD000704780B485B000AF78600B46FB707B68FE
:10DCE000FB60FB785A01FB68134403F530639B68C3
:10DCF000BB60FB6803F500635B69BA681340BB60F7
:10DD0000BB6818461437BD465DF8047B704780B485
:10DD100087B000AF78600B46FB707B687B617B69E6
:10DD200003F500631B693B617B6903F500635B6B73
:10DD3000FB60FB7803F00F03FA6822FA03F3DB01C0
:10DD4000DBB23A6913433B61FB785A017B691344A8
:10DD500003F510639B683A691340BB60BB681846C3
:10DD60001C37BD465DF8047B704780B483B000AFBC
:10DD700078607B685B6903F0010318460C37BD4689
:10DD80005DF8047B704780B485B000AF78607B6835
:10DD9000FB60FB6803F510631B68FA6802F510620C
:10DDA00023F4FF6323F007031360FB6803F50063AC
:10DDB0005B68FA6802F5006243F4807353600023E5
:10DDC00018461437BD465DF8047B704780B487B0B1
:10DDD00000AFF8600B467A60FB72FB687B61FB6802
:10DDE0003C3304331B683B613B69264A93420AD9A2
:10DDF0007B6903F530631B6803F00043B3F1004F08
:10DE000001D1002337E07B6903F530631A46002314
:10DE100013617B6903F530631B697A6902F530622F
:10DE200043F4002313617B6903F530631B697A694E
:10DE300002F5306243F0180313617B6903F5306328
:10DE40001B697A6902F5306243F0C0431361FB7AC3
:10DE5000012B0FD17B6903F530631A467B68536150
:10DE60007B6903F530631B687A6902F5306243F021
:10DE700080231360002318461C37BD465DF8047BE1
:10DE8000704700BF0A30544F80B485B000AF78604F
:10DE90000023FB60FB680133FB60FB68B3F1706F2C
:10DEA00001D903231BE07B681B69002BF2DA0023F6
:10DEB000FB607B681B6943F001027B681A61FB68A9
:10DEC0000133FB60FB68B3F1706F01D9032306E0F7
:10DED0007B681B6903F00103012BF0D00023184677
:10DEE0001437BD465DF8047B7047000080B584B0F0
:10DEF00000AF78600B46FB704FF4077005F08EFFA3
:10DF0000F860FB68002B09D17B68D3F8D4227B68CA
:10DF1000B032002143F822100223D4E04FF40772FC
:10DF20000021F8680AF076FB7B68D3F8D4227B687E
:10DF3000B032F96843F822107B68D3F8D4227B68AA
:10DF4000B03253F822207B68C3F8BC227B681B7C6C
:10DF5000002B38D15E4B19784FF400730222786899
:10DF600005F039FE5A4B1B7803F00F02796813460F
:10DF70009B0013449B000B44243301221A80554B11
:10DF800019784FF400730222786805F024FE514B93
:10DF90001B7803F00F02796813469B0013449B0023
:10DFA0000B4403F5B27301221A804B4B1B7803F02C
:10DFB0000F02796813469B0013449B000B442633E1
:10DFC00010221A8035E0424B1978402302227868EB
:10DFD00005F001FE3E4B1B7803F00F0279681346F3
:10DFE0009B0013449B000B44243301221A80394BBD
:10DFF000197840230222786805F0EDFD354B1B7837
:10E0000003F00F02796813469B0013449B000B44F6
:10E0100003F5B27301221A802F4B1B7803F00F0215
:10E02000796813469B0013449B000B44263310224F
:10E030001A80294B197808230322786805F0CBFD54
:10E04000254B1B7803F00F02796813469B0013449D
:10E050009B000B44243301221A80FB680022C3F882
:10E0600004227B68D3F8D4327A68B0339B0013441F
:10E070005B681B689847FB680022C3F81422FB68A2
:10E080000022C3F81822FB68D3F80432002B01D118
:10E09000022318E07B681B7C002B0AD10D4B1978FA
:10E0A000FB68D3F804224FF40073786805F082FE11
:10E0B00008E0084B1978FB68D3F8042240237868FD
:10E0C00005F078FE002318461037BD4680BD00BF1E
:10E0D00027010020280100202901002080B582B0FE
:10E0E00000AF78600B46FB703A4B1B781946786896
:10E0F00005F097FD374B1B7803F00F027968134644
:10E100009B0013449B000B44243300221A80324BA3
:10E110001B781946786805F084FD2F4B1B7803F0B7
:10E120000F02796813469B0013449B000B4403F5D0
:10E13000B27300221A80294B1B781946786805F0C3
:10E1400070FD264B1B7803F00F02796813469B0085
:10E1500013449B000B44243300221A801F4B1B786E
:10E1600003F00F02796813469B0013449B000B4495
:10E17000263300221A807B68D3F8D4227B68B03221
:10E1800053F82230002B1FD07B68D3F8D4327A6842
:10E19000B0339B0013445B685B6898477B68D3F897
:10E1A000D4227B68B03253F82230184605F044FE82
:10E1B0007B68D3F8D4227B68B032002143F8221068
:10E1C0007B680022C3F8BC22002318460837BD46EE
:10E1D00080BD00BF27010020280100202901002068
:10E1E00080B586B000AF786039607B68D3F8D42200
:10E1F0007B68B03253F822303B6100237B730023ED
:10E200007B810023FB753B69002B01D10323BFE019
:10E210003B681B7803F06003002B50D0202B40F0AC
:10E22000AF803B68DB88002B3AD03B681B785BB241
:10E23000002B1BDA7B68D3F8D4327A68B0339B00AA
:10E2400013445B689B683A68507839693A68D288A9
:10E2500098473B68DB88072B28BF0723FB813B6976
:10E26000FA891946786801F093FD90E03B685A7886
:10E270003B6983F800223B68DB883F2B03D83B686F
:10E28000DB88DAB200E040223B6983F80122396979
:10E290003B6993F801321A46786801F0A5FD76E0F3
:10E2A0007B68D3F8D4327A68B0339B0013445B6840
:10E2B0009B683A68507800223968984767E03B6865
:10E2C0005B780B2B51D801A252F823F0FDE2000835
:10E2D00079E300086BE300086BE300086BE30008D8
:10E2E0006BE300086BE300086BE300086BE30008D6
:10E2F0006BE3000827E3000851E300087B6893F80C
:10E300009C32DBB2032B07D107F10A030222194624
:10E31000786801F03DFD32E03968786801F0BBFCB7
:10E320000323FB752BE07B6893F89C32DBB2032B55
:10E3300007D107F10D0301221946786801F028FD85
:10E340001DE03968786801F0A6FC0323FB7516E030
:10E350007B6893F89C32DBB2032B0FD03968786866
:10E3600001F099FC0323FB7508E03968786801F037
:10E3700092FC0323FB7502E000BF08E000BF06E04B
:10E380003968786801F087FC0323FB7500BFFB7DCB
:10E3900018461837BD4680BD80B584B000AF7860A0
:10E3A0000B46FB707B68D3F8C832FB607B68D3F800
:10E3B000D4227B68B03253F82230002B01D10323E2
:10E3C00065E07B68D3F8D4227B68B03253F8223002
:10E3D000BB60FB7803F00F02796813469B0013447F
:10E3E0009B000B4418331B68002B2FD0FB7803F0E5
:10E3F0000F02796813469B0013449B000B441833AB
:10E400001A68FB7803F00F01F8680B46DB000B4439
:10E410009B0003441C331B68B2FBF3F101FB03F3C5
:10E42000D31A002B12D1FB7803F00F027968134640
:10E430009B0013449B000B44183300221A60F978A8
:10E4400000230022786805F094FC1FE0BB680022DE
:10E45000C3F814227B68D3F8D4327A68B0339B00B7
:10E4600013445B681B69002B10D07B68D3F8D4324F
:10E470007A68B0339B0013445B681B69BA68D2F8B2
:10E480000802BA6802F50471FA7898470023184622
:10E490001037BD4680BD80B584B000AF78600B46B4
:10E4A000FB707B68D3F8D4227B68B03253F82230FB
:10E4B000FB607B68D3F8D4227B68B03253F82230FB
:10E4C000002B01D103231AE0FB781946786805F088
:10E4D00092FC0246FB68C3F80C227B68D3F8D43266
:10E4E0007A68B0339B0013445B68DB68FA68D2F843
:10E4F0000402FA6802F50372114698470023184691
:10E500001037BD4680BD80B584B000AF78607B68B1
:10E51000D3F8D4227B68B03253F82230FB60FB681A
:10E52000002B01D1032324E07B68D3F8D4327A682E
:10E53000B0339B0013445B68002B19D0FB6893F841
:10E540000032FF2B14D07B68D3F8D4327A68B03312
:10E550009B0013445B689B68FA6892F80002F968B4
:10E56000FA6892F801229847FB68FF2283F800229C
:10E57000002318461037BD4680BD000080B586B028
:10E5800000AF78608221184800F04FFD78610121CA
:10E59000154800F04AFD38618121134800F045FD1F
:10E5A000F8607B69002B02D07B6910229A713B696D
:10E5B000002B06D03B69002242F040021A71002273
:10E5C0005A71FB68002B06D0FB68002242F0400223
:10E5D0001A7100225A717B6843221A80024B184636
:10E5E0001837BD4680BD00BFE400002080B586B06E
:10E5F00000AF78608221184800F017FD7861012192
:10E60000154800F012FD38618121134800F00DFD1E
:10E61000F8607B69002B02D07B6910229A713B69FC
:10E62000002B06D03B6900221A71002242F0020240
:10E630005A71FB68002B06D0FB6800221A71002279
:10E6400042F002025A717B6843221A80024B18463C
:10E650001837BD4680BD00BFE400002080B586B0FD
:10E6600000AF78608221184800F0DFFC786101215A
:10E67000154800F0DAFC38618121134800F0D5FC20
:10E68000F8607B69002B02D07B6910229A713B698C
:10E69000002B06D03B69002242F040021A71002292
:10E6A0005A71FB68002B06D0FB68002242F0400242
:10E6B0001A7100225A717B6843221A80024B184655
:10E6C0001837BD4680BD00BFE400002080B483B091
:10E6D00000AF78607B680A221A80034B18460C371B
:10E6E000BD465DF8047B7047A000002080B483B075
:10E6F00000AF786039603B68002B01D1032309E04B
:10E700007B68D3F8D4327A68B0339B0013443A68FC
:10E710005A60002318460C37BD465DF8047B7047ED
:10E7200080B487B000AFF860B9607A60FB68D3F856
:10E73000D422FB68B03253F822307B617B69002B16
:10E7400001D1032308E07B69BA68C3F808227B691A
:10E750007A68C3F81022002318461C37BD465DF8BE
:10E76000047B704780B485B000AF786039607B6807
:10E77000D3F8D4227B68B03253F82230FB60FB68B8
:10E78000002B01D1032304E0FB683A68C3F804229C
:10E79000002318461437BD465DF8047B704700001F
:10E7A00080B584B000AF78607B68D3F8D4227B68F2
:10E7B000B03253F82230BB600123FB73BB68002BDF
:10E7C00001D1032325E0BB68D3F81432002B1FD1FD
:10E7D000BB680122C3F81422104B1B7803F00F0210
:10E7E000BB68D3F81012786813469B0013449B0053
:10E7F000034418331960094B1978BB68D3F8082211
:10E80000BB68D3F81032786805F0B3FA0023FB73C5
:10E81000FB7B18461037BD4680BD00BF2701002096
:10E8200080B584B000AF78607B68D3F8D4227B6871
:10E83000B03253F82230FB607B68D3F8D4227B6877
:10E84000B03253F82230002B01D1032318E07B684B
:10E850001B7C002B0AD10C4B1978FB68D3F80422DF
:10E860004FF40073786805F0A5FA08E0064B1978B4
:10E87000FB68D3F804224023786805F09BFA002354
:10E8800018461037BD4680BD2801002080B586B0EF
:10E8900000AFF860B9601346FB71FB68002B01D133
:10E8A00003231FE0FB680022C3F8B822FB680022A4
:10E8B000C3F8C422FB680022C3F8D022BB68002B37
:10E8C00003D0FB68BA68C3F8B422FB68012283F85E
:10E8D0009C22FB68FA791A70F86805F015F903466E
:10E8E000FB75FB7D18461837BD4680BD80B584B0EA
:10E8F00000AF786039600023FB813B68002B01D1B9
:10E90000032325E07B683A68C3F8B8227B68D3F814
:10E91000D4227B68AE3253F82230DB6A002B0FD052
:10E920007B68D3F8D4227B68AE3253F82230DB6A9E
:10E9300007F10E021046984702467B68C3F8D022C2
:10E940007B68D3F8D8325A1C7B68C3F8D8220023DE
:10E9500018461037BD4680BD80B582B000AF7860E4
:10E96000786805F01DF9034618460837BD4680BD96
:10E9700080B483B000AF7860002318460C37BD46E2
:10E980005DF8047B704780B584B000AF78600B46BB
:10E99000FB700023FB737B68D3F8B832002B09D0DF
:10E9A0007B68D3F8B8321B68FA78114678689847C4
:10E9B0000346FB73FB7B18461037BD4680BD80B510
:10E9C00084B000AF78600B46FB700023FB737B685C
:10E9D000D3F8B8325B68FA781146786898470346EE
:10E9E000002B01D00323FB73FB7B18461037BD4679
:10E9F00080BD80B584B000AF786039607B6803F279
:10EA0000AA233968184601F00CF97B680122C3F883
:10EA100094227B68B3F8B0321A467B68C3F8982218
:10EA20007B6893F8AA3203F01F03022B1AD0022B43
:10EA300022D8002B02D0012B0AD01DE07B6803F204
:10EA4000AA231946786800F063FB0346FB7320E0B5
:10EA50007B6803F2AA231946786800F0CBFB0346D3
:10EA6000FB7316E07B6803F2AA231946786800F06E
:10EA70002DFC0346FB730CE07B6893F8AA3223F06D
:10EA80007F03DBB21946786805F0EAF80346FB73AA
:10EA900000BFFB7B18461037BD4680BD80B586B0F1
:10EAA00000AFF8600B467A60FB720023FB75FB7ABF
:10EAB000002B6ED1FB6803F5AA733B61FB68D3F8AA
:10EAC0009432032B40F098803B699A683B69DB687D
:10EAD0009A4213D93B699A683B69DB68D21A3B6951
:10EAE0009A603B69DA683B699B68934228BF13468A
:10EAF0001A467968F86801F094F97DE0FB6893F8AC
:10EB0000AA3203F01F03022B14D0022B1DD8002BB6
:10EB100002D0012B03D018E00023BB7518E0FB687E
:10EB2000B3F8AE32DBB21946F86800F064FA034677
:10EB3000BB750DE0FB68B3F8AE32DBB21946F8687E
:10EB400000F066FA0346BB7502E00023BB7500BF08
:10EB5000BB7D002B19D1FB6893F89C32DBB2032BF1
:10EB600013D1BA7DFB68AE3253F822301B69002BFB
:10EB70000BD0BA7DFB68C3F8D422BA7DFB68AE32F5
:10EB800053F822301B69F8689847F86801F05AF981
:10EB900032E0FB7A03F07F03DBB21946F86800F03D
:10EBA00037FA0346BB75BB7DFF2B25D0BB7D002B01
:10EBB00022D1FB6893F89C32DBB2032B17D1BA7DCC
:10EBC000FB68AE3253F822309B69002B0FD0BA7D20
:10EBD000FB68C3F8D422BA7DFB68AE3253F822300A
:10EBE0009B69FA7A1146F86898470346FB75FB7DE6
:10EBF000002B01D0FB7D00E0002318461837BD46EE
:10EC000080BD80B586B000AFF8600B467A60FB72BD
:10EC1000FB7A002B6FD1FB6814333B61FB68D3F8A0
:10EC20009432022B5AD13B699A683B69DB689A425D
:10EC300014D93B699A683B69DB68D21A3B699A60D0
:10EC40003B699B681A467968F86801F0BCF80023B4
:10EC500000220021F86805F0ADF83FE03B69DA6872
:10EC60003B699B689A421CD13B695A683B69DB68E7
:10EC70009A4216D33B695A68FB68D3F898329A4295
:10EC80000FD200220021F86801F09DF8FB680022F5
:10EC9000C3F89822002300220021F86805F08AF8C2
:10ECA0001CE0FB6893F89C32DBB2032B0FD1FB68AE
:10ECB000D3F8B832DB68002B09D0FB680022C3F818
:10ECC000D422FB68D3F8B832DB68F8689847802113
:10ECD000F86804F0C5FFF86801F0C7F8FB6893F81E
:10ECE000A032002B3AD0F868FFF742FEFB68002202
:10ECF00083F8A02232E0FB7A63F07F03DBB219468F
:10ED0000F86800F085F90346FB75FB7DFF2B25D0E5
:10ED1000FB7D002B22D1FB6893F89C32DBB2032BE6
:10ED20001CD1FA7DFB68AE3253F822305B69002BB0
:10ED300014D0FA7DFB68C3F8D422FA7DFB68AE32AA
:10ED400053F822305B69FA7A1146F868984703460F
:10ED5000BB75BB7D002B01D0BB7D00E000231846B6
:10ED60001837BD4680BD80B584B000AF7860002301
:10ED7000FB737B68012283F89C227B680022C3F826
:10ED800094227B6800225A607B680022C3F8A42288
:10ED90007B68002283F8A0227B68D3F8B832002B6E
:10EDA00014D07B68D3F8B8325B68002B0ED07B6838
:10EDB000D3F8B8325B687A685268D2B21146786884
:10EDC00098470346002B01D00323FB734023002206
:10EDD0000021786804F0FFFE7B680122A3F864211B
:10EDE0007B684022C3F8602140230022802178689C
:10EDF00004F0F1FE7B6801229A847B6840221A624B
:10EE0000FB7B18461037BD4680BD80B483B000AF91
:10EE100078600B46FB707B68FA781A7400231846FA
:10EE20000C37BD465DF8047B704780B483B000AFFB
:10EE300078607B6893F89C32DBB2042B06D07B6849
:10EE400093F89C32DAB27B6883F89D227B680422B7
:10EE500083F89C22002318460C37BD465DF8047BDE
:10EE6000704780B483B000AF78607B6893F89C32C1
:10EE7000DBB2042B06D17B6893F89D32DAB27B6853
:10EE800083F89C22002318460C37BD465DF8047BAE
:10EE9000704780B582B000AF78607B6893F89C3291
:10EEA000DBB2032B10D17B68D3F8B832002B0BD028
:10EEB0007B68D3F8B832DB69002B05D07B68D3F8C8
:10EEC000B832DB6978689847002318460837BD4692
:10EED00080BD80B582B000AF78600B46FB707B6868
:10EEE000D3F8D4227B68AE3253F82230002B01D104
:10EEF00003231CE07B6893F89C32DBB2032B15D113
:10EF00007B68D3F8D4227B68AE3253F822301B6A78
:10EF1000002B0BD07B68D3F8D4227B68AE3253F839
:10EF200022301B6AFA781146786898470023184601
:10EF30000837BD4680BD80B582B000AF78600B4613
:10EF4000FB707B68D3F8D4227B68AE3253F8223052
:10EF5000002B01D103231CE07B6893F89C32DBB2C9
:10EF6000032B15D17B68D3F8D4227B68AE3253F8DB
:10EF700022305B6A002B0BD07B68D3F8D4227B68ED
:10EF8000AE3253F822305B6AFA78114678689847B7
:10EF9000002318460837BD4680BD80B483B000AF5B
:10EFA0007860002318460C37BD465DF8047B704737
:10EFB00080B584B000AF78600023FB737B680122CA
:10EFC00083F89C227B68D3F8B832002B0ED07B6884
:10EFD000D3F8B8325B687A685268D2B21146786862
:10EFE00098470346002B01D00323FB73FB7B184695
:10EFF0001037BD4680BD80B483B000AF78600B464B
:10F00000FB70002318460C37BD465DF8047B704743
:10F0100080B483B000AF78600B46FB7000231846C5
:10F020000C37BD465DF8047B704780B586B000AFF5
:10F0300078600B46FB707B687B617B68FB6000231C
:10F040003B61FB685B889BB2FA68127893421FD9D8
:10F05000FB681B787B8113E007F10A031946786986
:10F0600000F01BF878617B695B78052B08D17B6920
:10F070003B613B699B78FA789A4208D000233B6158
:10F08000FB685B889AB27B899A42E5D800E000BFB2
:10F090003B6918461837BD4680BD80B485B000AFC7
:10F0A000786039607B68FB603B681B88FA6812787F
:10F0B00013449AB23B681A80FB681B781A467B6837
:10F0C0001344FB60FB6818461437BD465DF8047BAB
:10F0D000704780B487B000AF78607B687B617B69E4
:10F0E0001B787B827B6901337B617B691B783B8268
:10F0F0003B8A1B021AB2B7F9123013431BB2FB81D1
:10F10000FB8918461C37BD465DF8047B704700003C
:10F1100080B584B000AF786039600023FB733B6832
:10F120001B7803F06003402B05D0402B57D8002BF1
:10F130000FD0202B53D17B68D3F8D4227B68AE321A
:10F1400053F822309B683968786898470346FB7308
:10F150004AE03B685B78092B3BD801A252F823F0C8
:10F16000B5F10008C9F10008D3F10008BFF10008AB
:10F17000D3F1000893F1000889F10008D3F10008E9
:10F18000ABF100089DF100083968786800F03CFA9E
:10F1900024E03968786800F0A1FB1FE039687868DE
:10F1A00000F0E0FB0346FB7318E03968786800F074
:10F1B00083FC13E03968786800F0B4FC0EE039682D
:10F1C000786800F0E3FC09E03968786800F007FD32
:10F1D00004E03968786800F05EFD00BF04E039683B
:10F1E000786800F058FD00BFFB7B18461037BD461D
:10F1F00080BD00BF80B584B000AF78603960002367
:10F20000FB733B681B7803F06003402B05D0402B59
:10F2100052D8002B01D0202B4ED17B6893F89C3222
:10F22000DBB2013B022B40D83B689B88DBB2012B51
:10F2300036D83B689B88DBB219467868FFF7DBFE5F
:10F240000346BB73BB7BFF2B1DD0BB7B002B1AD1AE
:10F25000BA7B7B68AE3253F822309B68002B0FD00C
:10F26000BA7B7B68C3F8D422BA7B7B68AE3253F892
:10F2700022309B683968786898470346FB7304E03E
:10F280000323FB7301E00323FB733B68DB88002B44
:10F2900010D1FB7B002B0DD1786800F0D3FD09E085
:10F2A0003968786800F0F7FC04E03968786800F0A5
:10F2B000F2FC00E000BF04E03968786800F0EBFC85
:10F2C00000BFFB7B18461037BD4680BD80B584B0BB
:10F2D00000AF786039600023FB733B689B88BB7389
:10F2E0003B681B7803F06003402B07D0402B00F2F3
:10F2F0007F81002B2AD0202B40F07A81BB7B1946DE
:10F300007868FFF785FE03467B737B7BFF2B00F05D
:10F3100074817B7B002B40F070817A7B7B68C3F823
:10F32000D4227A7B7B68AE3253F822309B68002B64
:10F3300000F063817A7B7B68AE3253F822309B68A1
:10F340003968786898470346FB7356E13B685B78F9
:10F35000032B08D0032B00F34581002B00F09B808A
:10F36000012B3CD03EE17B6893F89C32DBB2022B50
:10F3700002D0032B16D02CE0BB7B002B0DD0BB7B27
:10F38000802B0AD0BB7B1946786804F069FC802189
:10F39000786804F065FC00BF20E03968786800F008
:10F3A0007AFC1BE03B685B88002B0ED1BB7B002BFB
:10F3B0000BD0BB7B802B08D03B68DB88002B04D1B3
:10F3C000BB7B1946786804F04BFC786800F03AFD86
:10F3D00004E03968786800F05EFC00BF07E17B68F4
:10F3E00093F89C32DBB2022B02D0032B16D04BE0F9
:10F3F000BB7B002B0DD0BB7B802B0AD0BB7B19467F
:10F40000786804F02DFC8021786804F029FC00BFA6
:10F4100040E03968786800F03EFC3BE03B685B8880
:10F42000002B36D1BB7B03F07F03002B04D0BB7BCA
:10F430001946786804F033FC786800F003FDBB7B64
:10F4400019467868FFF7E4FD03467B737B7BFF2B4F
:10F450001FD07B7B002B1CD17A7B7B68C3F8D42226
:10F460007A7B7B68AE3253F822309B68002B10D039
:10F470007A7B7B68AE3253F822309B6839687868B3
:10F4800098470346FB7304E03968786800F003FC92
:10F4900000E000BFABE07B6893F89C32DBB2022B4C
:10F4A00002D0032B32D097E0BB7B002B07D0BB7B75
:10F4B000802B04D03968786800F0EDFB91E097F973
:10F4C0000E30002B0BDABB7B03F07F0213469B0050
:10F4D00013449B0010337A68134404330BE0BB7B66
:10F4E00003F07F0213469B0013449B0003F5A873AF
:10F4F0007A6813440433BB60BB6800221A60BB689F
:10F5000002221946786800F043FC6AE097F90E3051
:10F51000002B11DABB7B03F00F02796813469B00C6
:10F5200013449B000B4424331B88002B17D13968EC
:10F53000786800F0B0FB54E0BB7B03F00F02796801
:10F5400013469B0013449B000B4403F5B2731B88C6
:10F55000002B04D13968786800F09DFB41E097F9F1
:10F560000E30002B0BDABB7B03F07F0213469B00AF
:10F5700013449B0010337A68134404330BE0BB7BC5
:10F5800003F07F0213469B0013449B0003F5A8730E
:10F590007A6813440433BB60BB7B002B02D0BB7B77
:10F5A000802B03D1BB6800221A600EE0BB7B19469A
:10F5B000786804F093FB0346002B03D0BB6801225C
:10F5C0001A6002E0BB6800221A60BB68022219467A
:10F5D000786800F0DDFB04E03968786800F05BFBD8
:10F5E00000BF04E03968786800F055FB00BF05E013
:10F5F0003968786800F04FFB00E000BFFB7B1846DD
:10F600001037BD4680BD000080B584B000AF786083
:10F61000396000233B810023FB600023FB723B68C1
:10F620005B881B0A9BB2013B062B00F2288101A2DA
:10F6300052F823F051F6000869F60008A9F6000810
:10F640007FF800087FF800081FF800084BF8000852
:10F650007B68D3F8B4321B687A68127C07F1080122
:10F6600010469847F86012E17B681B7C002B0DD197
:10F670007B68D3F8B8329B6A07F1080210469847B6
:10F68000F860FB68013302221A7000E17B68D3F84E
:10F69000B832DB6A07F1080210469847F860FB6849
:10F6A000013302221A70F2E03B685B88DBB2052B63
:10F6B00000F2AC8001A252F823F000BFD5F600089A
:10F6C00009F700083DF7000871F70008A5F70008E2
:10F6D000D9F700087B68D3F8B4325B68002B0BD0F5
:10F6E0007B68D3F8B4325B687A68127C07F1080152
:10F6F00010469847F86091E03968786800F0CBFAD6
:10F70000FB7A0133FB7289E07B68D3F8B4329B68E3
:10F71000002B0BD07B68D3F8B4329B687A68127CDC
:10F7200007F1080110469847F86077E03968786873
:10F7300000F0B1FAFB7A0133FB726FE07B68D3F81B
:10F74000B432DB68002B0BD07B68D3F8B432DB68B3
:10F750007A68127C07F1080110469847F8605DE06E
:10F760003968786800F097FAFB7A0133FB7255E04C
:10F770007B68D3F8B4321B69002B0BD07B68D3F8BD
:10F78000B4321B697A68127C07F108011046984769
:10F79000F86043E03968786800F07DFAFB7A01335D
:10F7A000FB723BE07B68D3F8B4325B69002B0BD073
:10F7B0007B68D3F8B4325B697A68127C07F1080180
:10F7C00010469847F86029E03968786800F063FAD5
:10F7D000FB7A0133FB7221E07B68D3F8B4329B697A
:10F7E000002B0BD07B68D3F8B4329B697A68127C0B
:10F7F00007F1080110469847F8600FE0396878680B
:10F8000000F049FAFB7A0133FB7207E03968786847
:10F8100000F041FAFB7A0133FB7200BF37E07B68EE
:10F820001B7C002B09D17B68D3F8B8325B6B07F1E6
:10F83000080210469847F86029E03968786800F0B7
:10F840002AFAFB7A0133FB7221E07B681B7C002BD8
:10F850000DD17B68D3F8B8321B6B07F10802104654
:10F860009847F860FB68013307221A700FE0396887
:10F87000786800F010FAFB7A0133FB7207E0396810
:10F88000786800F008FAFB7A0133FB7200BFFB7A5C
:10F89000002B1ED13B68DB88002B16D03B89002B48
:10F8A0000ED03B68DA883B89934228BF13469BB24F
:10F8B0003B813B891A46F968786800F069FA09E0EB
:10F8C0003968786800F0E7F904E0786800F0BAFA7F
:10F8D00000E000BF1037BD4680BD00BF80B584B0DA
:10F8E00000AF786039603B689B88002B31D13B6862
:10F8F000DB88002B2DD13B685B887F2B29D83B68A8
:10F900005B88DBB203F07F03FB737B6893F89C3268
:10F91000DBB2032B04D13968786800F0BCF91DE034
:10F920007B68FA7B83F89E22FB7B1946786804F09B
:10F9300001FA786800F086FAFB7B002B04D07B6824
:10F94000022283F89C2209E07B68012283F89C2232
:10F9500004E03968786800F09EF900BF00BF1037F6
:10F96000BD4680BD80B584B000AF786039600023AB
:10F97000FB733B685B88DAB24E4B1A704D4B1B78B9
:10F98000012B05D93968786800F085F903238CE0EC
:10F990007B6893F89C32DBB2022B02D0032B29D078
:10F9A00075E0444B1B78002B20D0424B1B781A4645
:10F9B0007B685A603F4B1B7819467868FEF7E3FF77
:10F9C0000346FB73FB7B002B08D03968786800F096
:10F9D00062F97B68022283F89C2265E0786800F077
:10F9E00031FA7B68032283F89C225DE0786800F09E
:10F9F00029FA59E02F4B1B78002B12D17B68022289
:10FA000083F89C222B4B1B781A467B685A60294B43
:10FA10001B7819467868FEF7D2FF786800F012FA72
:10FA200042E0244B1B781A467B685B689A422AD0D6
:10FA30007B685B68DBB219467868FEF7C0FF1D4B38
:10FA40001B781A467B685A601A4B1B7819467868EF
:10FA5000FEF799FF0346FB73FB7B002B0FD0396841
:10FA6000786800F018F97B685B68DBB21946786843
:10FA7000FEF7A5FF7B68022283F89C2214E07868D9
:10FA800000F0E0F910E0786800F0DCF90CE039688B
:10FA9000786800F000F9074B1B7819467868FEF784
:10FAA0008EFF0323FB7300BFFB7B18461037BD4658
:10FAB00080BD00BF8C12002080B582B000AF78609E
:10FAC00039603B68DB88012B04D03968786800F026
:10FAD000E2F823E07B6893F89C32DBB2022B02DC75
:10FAE000002B03DC15E0032B0BD012E07B68002217
:10FAF0009A607B68083301221946786800F048F95B
:10FB00000CE07B68043301221946786800F040F964
:10FB100004E03968786800F0BEF800BF00BF08371D
:10FB2000BD4680BD80B582B000AF786039607B682B
:10FB300093F89C32DBB2013B022B1ED83B68DB887A
:10FB4000022B04D03968786800F0A5F81AE07B68C9
:10FB50000122DA607B68D3F8A432002B05D07B68E1
:10FB6000DB6843F002027B68DA607B680C330222B8
:10FB70001946786800F00CF904E03968786800F0FC
:10FB80008AF800BF00BF0837BD4680BD80B582B08F
:10FB900000AF786039603B685B88012B07D17B68D8
:10FBA0000122C3F8A422786800F04CF913E03B6806
:10FBB0005B88022B0BD13B689B881B0A9BB2DAB295
:10FBC0007B6883F8A022786800F03CF903E039688C
:10FBD000786800F060F800BF0837BD4680BD80B58A
:10FBE00082B000AF786039607B6893F89C32DBB2FA
:10FBF000013B022B0BD83B685B88012B0CD17B6847
:10FC00000022C3F8A422786800F01CF904E03968E7
:10FC1000786800F040F800E000BF00BF0837BD463C
:10FC200080BD80B584B000AF786039603B68FB6010
:10FC3000FB681A787B681A70FB680133FB60FB680D
:10FC40001A787B685A70FB680133FB60F868FFF72D
:10FC500040FA03461A467B685A80FB680133FB6012
:10FC6000FB680133FB60F868FFF733FA03461A4676
:10FC70007B689A80FB680133FB60FB680133FB60A3
:10FC8000F868FFF726FA03461A467B68DA8000BF59
:10FC90001037BD4680BD80B582B000AF7860396056
:10FCA0008021786803F0DCFF0021786803F0D8FF3A
:10FCB00000BF0837BD4680BD80B586B000AFF86094
:10FCC000B9607A600023FB75FB68002B42D0FB68AB
:10FCD0003B61386900F042F8034601335B00B3F53D
:10FCE000007F08D8386900F039F8034601339BB229
:10FCF0005B009AB201E04FF400727B681A80FB7DD2
:10FD0000BA6813447A6812781A70FB7D0133FB7568
:10FD1000FB7DBA68134403221A70FB7D0133FB7527
:10FD200013E0FB7DBA6813443A6912781A703B6994
:10FD300001333B61FB7D0133FB75FB7DBA681344E6
:10FD400000221A70FB7D0133FB753B691B78002B89
:10FD5000E7D100E000BF1837BD4680BD80B485B054
:10FD600000AF78600023FB737B68BB6005E0FB7B22
:10FD70000133FB73BB680133BB60BB681B78002B8E
:10FD8000F5D1FB7B18461437BD465DF8047B704700
:10FD900080B584B000AFF860B9607A60FB68022279
:10FDA000C3F89422FB687A689A61FB687A68DA6122
:10FDB0007B68BA680021F86803F0DBFF002318466F
:10FDC0001037BD4680BD80B584B000AFF860B96023
:10FDD0007A607B68BA680021F86803F0CAFF0023E4
:10FDE00018461037BD4680BD80B584B000AFF860BE
:10FDF000B9607A60FB680322C3F89422FB687A68D2
:10FE0000C3F85821FB687A68C3F85C217B68BA683C
:10FE10000021F86803F0CEFF002318461037BD46D6
:10FE200080BD80B584B000AFF860B9607A607B684F
:10FE3000BA680021F86803F0BDFF002318461037A8
:10FE4000BD4680BD80B582B000AF78607B6804227B
:10FE5000C3F89422002300220021786803F089FF70
:10FE6000002318460837BD4680BD80B582B000AF7C
:10FE700078607B680522C3F89422002300220021C9
:10FE8000786803F097FF002318460837BD4680BD09
:10FE900080B485B000AF0346FB800023FB60B7F958
:10FEA0000630842B05D0B7F90620FB6813440333D2
:10FEB000FB60FB6818461437BD465DF8047B70474D
:10FEC00080B483B000AFEFF305837B607B68002BC9
:10FED00014BF01230023DBB218460C37BD465DF882
:10FEE000047B704780B500AF00F0ECFF002318469C
:10FEF00080BDF0B589B004AF786039607B685B691C
:10FF0000002B20D07B689B69002B1CD07B685C6831
:10FF10007B681D687B681E697B68B3F908301846EA
:10FF2000FFF7B6FF01467B685B697A6892690292C7
:10FF3000019300913B6832462946204600F0B6FD09
:10FF40000346FB601CE07B685C687B681D687B681F
:10FF50001B699EB27B68B3F908301846FFF798FF1B
:10FF6000024607F10C03019300923B683246294692
:10FF7000204600F0FAFD0346012B01D0002300E0EB
:10FF8000FB6818461437BD46F0BD80B584B000AF9D
:10FF900078607B68FB60FB68002B01D0FB6800E0A9
:10FFA0000123184600F05AFF002318461037BD46BB
:10FFB00080BD000080B586B002AF78603960002354
:10FFC000FB600023BB60FFF77BFF0346002B1CD0C8
:10FFD000396807F1080207F10C0300931346012268
:10FFE000786801F095FB0346012B02D04FF00043E7
:10FFF00019E0FB68002B15D00D4B4FF080521A60B2
:020000040801F1
:10000000BFF34F8FBFF36F8F0CE0396807F1080320
:100010000122786801F0BEFA0346012B02D04FF0AE
:10002000004300E0BB6818461037BD4680BD00BFE6
:1000300004ED00E090B589B000AFF860B9607A6077
:1000400000237B610023FB617B68B3F1FF3F03D199
:100050004FF0FF33FB6109E07B68002B06D07B6823
:10006000FB61FB69002B01D10123FB61FFF728FF36
:100070000346002B02D082233B611BE0B96807F1E5
:1000800010031A1DFB69002001F024FA0346012B1E
:1000900008D0FB69002B02D100233B610AE040231A
:1000A0003B6107E07B69002B02DA86233B6101E0BC
:1000B00008233B61FB681C4607F1100393E8070027
:1000C00084E80700F8682437BD4690BD80B483B04B
:1000D00000AF78607B6803F108027B685A607B6838
:1000E0004FF0FF329A607B6803F108027B68DA60A8
:1000F0007B6803F108027B681A617B6800221A6042
:1001000000BF0C37BD465DF8047B704780B483B0F8
:1001100000AF78607B6800221A6100BF0C37BD46D3
:100120005DF8047B704780B485B000AF78603960BB
:100130007B685B68FB603B68FA685A60FB689A689A
:100140003B689A60FB689B683A685A60FB683A684B
:100150009A603B687A681A617B681B685A1C7B68E6
:100160001A6000BF1437BD465DF8047B704780B449
:1001700085B000AF786039603B681B68BB60BB68C6
:10018000B3F1FF3F03D17B681B69FB600CE07B6828
:100190000833FB6002E0FB685B68FB60FB685B6840
:1001A0001B68BA689A42F6D2FB685A683B685A6084
:1001B0003B685B683A689A603B68FA689A60FB68DB
:1001C0003A685A603B687A681A617B681B685A1CF7
:1001D0007B681A6000BF1437BD465DF8047B70472A
:1001E00080B485B000AF78607B681B69FB607B687A
:1001F0005B687A6892689A607B689B687A685268E4
:100200005A60FB685B687A689A4203D17B689A6897
:10021000FB685A607B6800221A61FB681B685A1EE3
:10022000FB681A60FB681B6818461437BD465DF80A
:10023000047B704780B485B000AFF860B9607A6025
:10024000FB68043BFB60FB684FF080721A60FB6840
:10025000043BFB60BB6823F00102FB681A60FB688B
:10026000043BFB600C4AFB681A60FB68143BFB60B4
:100270007A68FB681A60FB68043BFB60FB686FF000
:1002800002021A60FB68203BFB60FB6818461437CB
:10029000BD465DF8047B70479D02010880B485B0BF
:1002A00000AF00237B60124B1B68B3F1FF3F0AD005
:1002B0004FF0500383F31188BFF36F8FBFF34F8F5D
:1002C000FB6000BFFEE74FF0500383F31188BFF3DC
:1002D0006F8FBFF34F8FBB6000BF00BF7B68002BE9
:1002E000FCD000BF00BF1437BD465DF8047B7047EB
:1002F0002C010020000000000000000000000000B1
:10030000074B19680868B0E8F04F80F30988BFF31D
:100310006F8F4FF0000080F311887047AFF30080BB
:10032000B4A2012000BF00BF08480068006880F345
:1003300008884FF0000080F3148862B661B6BFF3FE
:100340004F8FBFF36F8F00DF00BF00BF08ED00E0ED
:1003500080B586B000AF464B1B68464A93420AD12F
:100360004FF0500383F31188BFF36F8FBFF34F8FAC
:100370003B6100BFFEE73E4B1B683F4A93420AD1F8
:100380004FF0500383F31188BFF36F8FBFF34F8F8C
:10039000FB6000BFFEE7394B7B617B691B78DBB2FA
:1003A0007B607B69FF221A707B691B78DBB2FB7074
:1003B000FB78DBB203F05003DAB2314B1A70314BE9
:1003C00007221A6009E02F4B1B68013B2D4A13607E
:1003D000FB78DBB25B00DBB2FB70FB78DBB203F0D7
:1003E0008003802BEFD0274B1B68C3F10703042B3E
:1003F0000AD04FF0500383F31188BFF36F8FBFF320
:100400004F8FBB6000BFFEE71E4B1B681B021D4ADF
:1004100013601C4B1B6803F4E0631A4A13607B688B
:10042000DAB27B691A70184B1B68174A43F47003E1
:100430001360154B1B68144A43F07043136000F0BF
:10044000DDF8124B00221A6000F0FCF8104B1B681C
:100450000F4A43F040431360FFF766FF00F0FEFED3
:10046000FFF71CFF002318461837BD4680BD00BFAC
:1004700000ED00E071C20F4170C20F4100E400E0E6
:100480008D1200209012002020ED00E02C010020B1
:1004900034EF00E080B483B000AF4FF0500383F33B
:1004A0001188BFF36F8FBFF34F8F7B6000BF0F4B7F
:1004B0001B6801330D4A13600C4B1B68012B0FD1D5
:1004C0000B4B1B68DBB2002B0AD04FF0500383F3B9
:1004D0001188BFF36F8FBFF34F8F3B6000BFFEE704
:1004E00000BF0C37BD465DF8047B70472C0100202F
:1004F00004ED00E080B483B000AF124B1B68002B0A
:100500000AD14FF0500383F31188BFF36F8FBFF30D
:100510004F8F7B6000BFFEE70A4B1B68013B094A17
:100520001360084B1B68002B05D100233B603B6820
:1005300083F3118800BF00BF0C37BD465DF8047B14
:10054000704700BF2C0100200000000000000000E8
:10055000EFF30980BFF36F8F154B1A681EF0100F71
:1005600008BF20ED108A20E9F04F10602DE9090046
:100570004FF0500080F31188BFF34F8FBFF36F8FA0
:1005800000F06CFE4FF0000080F3118809BC196880
:100590000868B0E8F04F1EF0100F08BFB0EC108AEA
:1005A00080F30988BFF36F8F704700BFAFF30080FF
:1005B000B4A2012000BF00BF80B582B000AF4FF0F1
:1005C000500383F31188BFF36F8FBFF34F8F7B60AE
:1005D00000BF00F08BFD0346002B03D0064B4FF00D
:1005E00080521A6000233B603B6883F3118800BF90
:1005F00000BF0837BD4680BD04ED00E080B400AF09
:100600000B4B00221A600B4B00221A600A4B1B682E
:100610000A4AA2FB03239B09094A013B1360044BCE
:1006200007221A6000BFBD465DF8047B704700BF1B
:1006300010E000E018E000E094000020D34D6210CC
:1006400014E000E0DFF80C00016841F47001016083
:10065000704700BF88ED00E080B485B000AFEFF3D5
:100660000583FB60FB680F2B14D9174AFB68134402
:100670001B78FB72154B1B78FA7A9A420AD24FF01C
:10068000500383F31188BFF36F8FBFF34F8F7B60ED
:1006900000BFFEE70E4B1B6803F4E0620D4B1B68C6
:1006A0009A420AD94FF0500383F31188BFF36F8F3A
:1006B000BFF34F8F3B6000BFFEE700BF1437BD465E
:1006C0005DF8047B704700BFF0E300E08D1200206E
:1006D0000CED00E09012002080B58AB000AF786089
:1006E0000023FB6100F058FC5B4B1B68002B01D121
:1006F00000F020F9594B1A687B681340002B40F03A
:1007000093807B68002B1DD008227B6813447B609C
:100710007B6803F00703002B14D07B6823F00703EA
:1007200008337B607B6803F00703002B0AD04FF08F
:10073000500383F31188BFF36F8FBFF34F8F7B613B
:1007400000BFFEE77B68002B6ED0454B1B687A68C4
:100750009A4269D8434B3B62424B1B687B6204E080
:100760007B6A3B627B6A1B687B627B6A5B687A6838
:100770009A4203D97B6A1B68002BF1D1364B1B6868
:100780007A6A9A4250D03B6A1B6808221344FB6184
:100790007B6A1A683B6A1A607B6A5A687B68D21A5D
:1007A00008235B009A421FD97A6A7B681344BB61B5
:1007B000BB6903F00703002B0AD04FF0500383F30B
:1007C0001188BFF36F8FBFF34F8F3B6100BFFEE710
:1007D0007B6A5A687B68D21ABB695A607B6A7A68FE
:1007E0005A60B86900F008F91D4B1A687B6A5B68AB
:1007F000D31A1B4A13601A4B1A681B4B1B689A4288
:1008000003D2174B1B68184A13607B6A5A68134B54
:100810001B681A437B6A5A607B6A00221A60134B7A
:100820001B680133114A136000F0C4FBFB6903F03D
:100830000703002B0AD04FF0500383F31188BFF356
:100840006F8FBFF34F8FFB6000BFFEE7FB69184659
:100850002837BD4680BD00BF9CA20120B0A2012068
:10086000A0A2012094A20120A4A20120A8A20120FC
:1008700080B586B000AF78607B687B617B68002BB9
:100880004DD008235B427A6913447B617B693B61ED
:100890003B695A68244B1B681340002B0AD14FF068
:1008A000500383F31188BFF36F8FBFF34F8FFB604B
:1008B00000BFFEE73B691B68002B0AD04FF05003D6
:1008C00083F31188BFF36F8FBFF34F8FBB6000BFFF
:1008D000FEE73B695A68144B1B681340002B1ED07F
:1008E0003B691B68002B1AD13B695A680E4B1B6889
:1008F000DB431A403B695A6000F04EFB3B695A6883
:100900000A4B1B681344094A1360386900F074F8F5
:10091000074B1B680133064A136000F04BFB00BF16
:100920001837BD4680BD00BFB0A20120A0A20120A3
:10093000ACA2012080B485B000AF4FF4C833BB60D7
:10094000274BFB60FB6803F00703002B0CD0FB6810
:100950000733FB60FB6823F00703FB60BA68FB68A2
:10096000D31A1F4A1344BB60FB687B601D4A7B6837
:1009700013601C4B00225A607B68BA681344FB600A
:100980000822FB689B1AFB60FB6823F00703FB60EF
:10099000FB68154A1360144B1B6800225A60124B07
:1009A0001B6800221A607B683B603B68FA68D21AB9
:1009B0003B685A600C4B1A683B681A603B685B687E
:1009C0000A4A13603B685B68094A1360094B4FF0A1
:1009D00000421A6000BF1437BD465DF8047B7047C3
:1009E0009412002094A201209CA20120A4A2012024
:1009F000A0A20120B0A2012080B485B000AF786031
:100A0000284BFB6002E0FB681B68FB60FB681B680F
:100A10007A689A42F7D8FB68BB60FB685B68BA6883
:100A200013447A689A4208D1FB685A687B685B680D
:100A30001A44FB685A60FB687B607B68BB607B681C
:100A40005B68BA681A44FB681B689A4218D1FB6855
:100A50001A68154B1B689A420DD07B685A68FB6870
:100A60001B685B681A447B685A60FB681B681A68DD
:100A70007B681A6008E00C4B1A687B681A6003E018
:100A8000FB681A687B681A60FA687B689A4202D031
:100A9000FB687A681A6000BF1437BD465DF8047BB6
:100AA000704700BF94A201209CA2012080B58EB0A7
:100AB00004AFF860B9607A603B607B6B002B0AD1B1
:100AC0004FF0500383F31188BFF36F8FBFF34F8F45
:100AD0003B6200BFFEE7BB6B002B0AD14FF0500317
:100AE00083F31188BFF36F8FBFF34F8FFB6100BF9C
:100AF000FEE74FF4BC733B613B69B3F5BC7F0AD0A2
:100B00004FF0500383F31188BFF36F8FBFF34F8F04
:100B1000BB6100BFFEE73B69BB6B002B1ED07B6B4C
:100B2000002B1BD0BB6B7B627B6A7A6B1A637B6A80
:100B3000022283F87521002303937B6A029307F155
:100B4000140301933B6B00933B687A68B968F868BB
:100B500000F052F8786A00F017F901E000237B6199
:100B60007B6918462837BD4680BD80B58CB004AF80
:100B7000F860B9603B601346FB80FB889B00184619
:100B8000FFF7AAFD78617B69002B0FD04FF4BC7092
:100B9000FFF7A2FDF861FB69002B03D0FB697A69BE
:100BA0001A6305E07869FFF763FE01E00023FB614B
:100BB000FB69002B17D0FB69002283F87521FA88A6
:100BC00000230393FB690293FB6A0193BB6A0093C2
:100BD0003B68B968F86800F00FF8F86900F0D4F8DD
:100BE0000123BB6102E04FF0FF33BB61BB691846D4
:100BF0002037BD4680BD000080B588B000AFF860EA
:100C0000B9607A603B603B6B1A6B7B6803F1804391
:100C1000013B9B001344BB61BB6923F00703BB612D
:100C2000BB6903F00703002B0AD04FF0500383F396
:100C30001188BFF36F8FBFF34F8F7B6100BFFEE75B
:100C4000BB68002B1FD00023FB6112E0BA68FB6970
:100C5000134419783A6BFB69134434330A461A700B
:100C6000BA68FB6913441B78002B06D0FB6901337B
:100C7000FB61FB690F2BE9D900E000BF3B6B002251
:100C800083F8432003E03B6B002283F83420BB6AE7
:100C9000062B01D90623BB623B6BBA6ADA623B6B57
:100CA000BA6A5A643B6B00229A643B6B0433184661
:100CB000FFF72CFA3B6B18331846FFF727FA3B6B0C
:100CC0003A6B1A61BB6AC3F107023B6B9A613B6BDB
:100CD0003A6B5A623B6B0022C3F870213B6B0022D7
:100CE00083F874213B6B50334FF490720021184607
:100CF00007F090FC3B6B214A5A653B6B204A9A6592
:100D00003B6B204ADA65396B4FF001024FF000036C
:100D1000C1E93A233B6B43F20E32A3F8F0203B6B60
:100D20004AF6CD32A3F8F2203B6B41F23422A3F80D
:100D3000F4203B6B4EF26D62A3F8F6203B6B4DF650
:100D4000EC62A3F8F8203B6B0522A3F8FA203B6B7A
:100D50000B22A3F8FC203A68F968B869FFF76AFA31
:100D600002463B6B1A60FB6A002B02D0FB6A3A6BAF
:100D70001A6000BF2037BD4680BD00BF64CA012095
:100D8000CCCA012034CB012080B582B000AF78609E
:100D9000FFF780FB2A4B1B680133294A1360294B5C
:100DA0001B68002B09D1274A7B681360244B1B6802
:100DB000012B10D100F0CCFA0DE0234B1B68002B67
:100DC00009D1204B1B68DA6A7B68DB6A9A4202D839
:100DD0001C4A7B6813601D4B1B6801331B4A136060
:100DE0007B68DB6A01229A40194B1B681343184A3F
:100DF00013607B68DA6A13469B0013449B00154A14
:100E00001A447B68043319461046FFF78CF9FFF744
:100E100071FB0D4B1B68002B0ED00A4B1B68DA6A66
:100E20007B68DB6A9A4207D20B4B4FF080521A6004
:100E3000BFF34F8FBFF36F8F00BF0837BD4680BD34
:100E4000B4A30120B4A20120C0A30120D0A301209B
:100E5000BCA30120B8A2012004ED00E080B584B05D
:100E600000AF78600023FB607B68002B17D0134B2A
:100E70001B68002B0AD04FF0500383F31188BFF397
:100E80006F8FBFF34F8FBB6000BFFEE700F084F8A9
:100E90000021786800F020FD00F08CF8F860FB6815
:100EA000002B07D1064B4FF080521A60BFF34F8FD3
:100EB000BFF36F8F00BF1037BD4680BDDCA301209C
:100EC00004ED00E080B58AB004AF0023BB600023CE
:100ED0007B603A46391D07F108031846F4F7A4F978
:100EE00039687B68BA68029201930023009300235B
:100EF0000A4621492148FFF7D9FD0346204A1360DD
:100F00001F4B1B68002B02D001237B6101E00023F3
:100F10007B617B69012B1BD14FF0500383F3118858
:100F2000BFF36F8FBFF34F8F3B6100BF154B1B6843
:100F30005033154A1360154B4FF0FF321A60144BB3
:100F400001221A60134B00221A60FFF701FA0EE02B
:100F50007B69B3F1FF3F0AD14FF0500383F311884F
:100F6000BFF36F8FBFF34F8FFB6000BFFEE700BF83
:100F70001837BD4680BD00BF288C01082113010829
:100F8000D8A30120B4A20120E8050020D4A30120A9
:100F9000C0A30120B8A3012080B400AF044B1B689C
:100FA0000133034A136000BFBD465DF8047B704700
:100FB000DCA3012080B584B000AF0023FB600023D8
:100FC000BB60414B1B68002B0AD14FF0500383F3E9
:100FD0001188BFF36F8FBFF34F8F3B6000BFFEE7F9
:100FE000FFF758FA384B1B68013B374A1360364B02
:100FF0001B68002B61D1354B1B68002B5DD02EE0A8
:10100000334BDB68DB68FB60FB6818331846FFF77F
:10101000E7F8FB6804331846FFF7E2F8FB68DB6A81
:1010200001229A402B4B1B6813432A4A1360FB682A
:10103000DA6A13469B0013449B00274A1A44FB6854
:10104000043319461046FFF76EF8FB68DA6A234B43
:101050001B68DB6A9A4202D3214B01221A601C4BA7
:101060001B68002BCCD1FB68002B01D000F012FADA
:101070001C4B1B687B607B68002B10D000F036F89F
:101080000346002B02D0164B01221A607B68013BFD
:101090007B607B68002BF1D1124B00221A60104B51
:1010A0001B68002B09D00123BB600F4B4FF080520F
:1010B0001A60BFF34F8FBFF36F8FFFF71BFABB6848
:1010C00018461037BD4680BDDCA30120B4A3012023
:1010D00074A30120BCA30120B8A20120B4A2012066
:1010E000C8A30120C4A3012004ED00E080B586B0B0
:1010F00000AF00237B614E4B1B68002B40F08E80BD
:101100004C4B1B6801333B614A4A3B6913603B69A6
:10111000002B20D1484B1B681B68002B0AD04FF0D6
:10112000500383F31188BFF36F8FBFF34F8F3B6082
:1011300000BFFEE7404B1B68FB60404B1B683E4A0C
:1011400013603E4AFB6813603D4B1B6801333C4A09
:10115000136000F09FF93B4B1B683A699A4248D3F1
:10116000354B1B681B68002B04D1364B4FF0FF3208
:101170001A603EE0304B1B68DB68DB68BB60BB6815
:101180005B687B603A697B689A4203D22D4A7B6830
:1011900013602EE0BB6804331846FFF721F8BB68E4
:1011A0009B6A002B04D0BB6818331846FFF718F869
:1011B000BB68DB6A01229A40234B1B681343224A17
:1011C0001360BB68DA6A13469B0013449B001F4AF6
:1011D0001A44BB68043319461046FEF7A4FFBB68E7
:1011E000DA6A1B4B1B68DB6A9A42B9D301237B6125
:1011F000B6E7174B1B68DA6A144913469B00134481
:101200009B000B441B68012B01D901237B61114B0F
:101210001B68002B07D001237B6104E00E4B1B6889
:1012200001330D4A13607B6918461837BD4680BDEF
:10123000DCA30120B8A301206CA3012070A301202E
:10124000CCA30120D4A30120BCA30120B8A201207B
:10125000B4A20120C8A30120C4A3012080B487B098
:1012600000AF294B1B68002B03D0284B01221A60CA
:1012700044E0264B00221A60254B1B68FB60FB688C
:10128000B3FA83F3FB72FB7AC3F11F037B6121493D
:101290007A6913469B0013449B000B441B68002B88
:1012A0000AD14FF0500383F31188BFF36F8FBFF360
:1012B0004F8F7B6000BFFEE77A6913469B001344A3
:1012C0009B00144A13443B613B695B685A683B6965
:1012D0005A603B695A683B6908339A4204D13B69BA
:1012E0005B685A683B695A603B695B68DB680A4A1D
:1012F0001360094B1B685033084A136000BF1C374A
:10130000BD465DF8047B7047DCA30120C8A3012023
:10131000BCA30120B8A20120B4A20120E80500204E
:1013200080B582B000AF786000F052F8064B1B68C1
:10133000012BF9D9054B4FF080521A60BFF34F8F44
:10134000BFF36F8FF0E700BFB8A2012004ED00E00B
:1013500080B582B000AF00237B600CE07A68134652
:101360009B0013449B00124A13441846FEF7AEFE3E
:101370007B6801337B607B68062BEFD90D48FEF755
:10138000A5FE0D48FEF7A2FE0C48FEF79FFE0C4896
:10139000FEF79CFE0B48FEF799FE0B4B054A1A60C0
:1013A0000A4B054A1A6000BF0837BD4680BD00BF22
:1013B000B8A2012044A3012058A3012074A3012056
:1013C00088A30120A0A301206CA3012070A3012009
:1013D00080B582B000AF19E0FFF75CF8104BDB6816
:1013E000DB687B607B6804331846FEF7F9FE0D4B23
:1013F0001B68013B0B4A13600B4B1B68013B0A4AFD
:101400001360FFF777F8786800F010F8064B1B6858
:10141000002BE1D100BF00BF0837BD4680BD00BF33
:1014200088A30120B4A301209CA3012080B584B02F
:1014300000AF78607B685033184607F025F97B6869
:1014400093F87531002B08D17B681B6B1846FFF7AA
:101450000FFA7868FFF70CFA18E07B6893F875319B
:10146000012B03D17868FFF703FA0FE07B6893F84C
:101470007531022B0AD04FF0500383F31188BFF36C
:101480006F8FBFF34F8FFB6000BFFEE700BF1037C9
:10149000BD4680BD80B483B000AF0C4B1B681B6899
:1014A000002B04D10A4B4FF0FF321A6008E0074BC3
:1014B0001B68DB68DB687B607B685B68044A1360E1
:1014C00000BF0C37BD465DF8047B70476CA301205C
:1014D000D4A3012080B586B000AFF860B9607A600F
:1014E0003B60FEF7D7FF294B1B6893F87431DBB2E2
:1014F000022B1CD0254B1B68D3F87011FA68D2431D
:101500000A40C3F87021214B1B68012283F8742123
:101510003B68002B0BD00121386800F0DDF91C4B33
:101520004FF080521A60BFF34F8FBFF36F8FFEF7FB
:10153000E1FFFEF7AFFF7B68002B05D0134B1B6864
:10154000D3F870217B681A60104B1B6893F87431D4
:10155000DBB2022B02D000237B610AE00B4B1B683D
:10156000D3F87011BA68D2430A40C3F8702101233E
:101570007B61064B1B68002283F87421FEF7BAFFDB
:101580007B6918461837BD4680BD00BFB4A2012054
:1015900004ED00E080B58AB000AFF860B9603B6050
:1015A0001346FB7101237B62FB68002B0AD14FF0CD
:1015B000500383F31188BFF36F8FBFF34F8FBB616D
:1015C00000BFFEE7FB683B62FEF764FF3B68002B51
:1015D00004D03B6AD3F870213B681A603B6A93F8E9
:1015E0007431FB773B6A022283F87421FB79042B68
:1015F0002DD801A252F823F0711601080D1601082A
:101600001F1601082F160108391601083B6AD3F886
:101610007021BB681A433B6AC3F870212BE03B6A18
:10162000D3F870315A1C3B6AC3F8702123E03B6A3F
:10163000BA68C3F870211EE0FB7F022B04D03B6A1E
:10164000BA68C3F8702116E000237B6213E03B6A9E
:10165000D3F87031B3F1FF3F0CD04FF0500383F358
:101660001188BFF36F8FBFF34F8F7B6100BFFEE721
:1016700000BF00E000BFFB7F012B39D13B6A043380
:101680001846FEF7ADFD3B6ADB6A01229A401C4B0F
:101690001B6813431A4A13603B6ADA6A13469B00BD
:1016A00013449B00174A1A443B6A043319461046F8
:1016B000FEF739FD3B6A9B6A002B0AD04FF05003BE
:1016C00083F31188BFF36F8FBFF34F8F3B6100BF70
:1016D000FEE73B6ADA6A0C4B1B68DB6A9A4207D961
:1016E0000A4B4FF080521A60BFF34F8FBFF36F8FDA
:1016F000FEF700FF7B6A18462837BD4680BD00BF55
:10170000BCA30120B8A20120B4A2012004ED00E096
:1017100080B58EB000AFF860B9603B601346FB71D6
:1017200001237B63FB68002B0AD14FF0500383F346
:101730001188BFF36F8FBFF34F8F7B6200BFFEE74F
:10174000FEF78AFFFB683B63EFF311824FF0500313
:1017500083F31188BFF36F8FBFF34F8F3A62FB6142
:101760003B6AFB623B68002B04D03B6BD3F87021D3
:101770003B681A603B6B93F8743187F82B303B6BF6
:10178000022283F87421FB79042B2FD801A252F88E
:1017900023F000BF0F180108A9170108BB170108A3
:1017A000CB170108D51701083B6BD3F87021BB6834
:1017B0001A433B6BC3F870212CE03B6BD3F87031BC
:1017C0005A1C3B6BC3F8702124E03B6BBA68C3F82A
:1017D00070211FE097F82B30022B04D03B6BBA68C6
:1017E000C3F8702116E000237B6313E03B6BD3F852
:1017F0007031B3F1FF3F0CD04FF0500383F31188E9
:10180000BFF36F8FBFF34F8FBB6100BFFEE700BF19
:1018100000E000BF97F82B30012B45D13B6B9B6A52
:10182000002B0AD04FF0500383F31188BFF36F8F62
:10183000BFF34F8F7B6100BFFEE7214B1B68002B7E
:101840001CD13B6B04331846FEF7CAFC3B6BDB6ACA
:1018500001229A401B4B1B6813431A4A13603B6BCF
:10186000DA6A13469B0013449B00174A1A443B6BE9
:10187000043319461046FEF756FC05E03B6B18335F
:1018800019461248FEF74FFC3B6BDA6A104B1B6897
:10189000DB6A9A4208D93B6C002B02D03B6C0122D8
:1018A0001A600C4B01221A60FB6A3B613B6983F3AF
:1018B000118800BF7B6B18463837BD4680BD00BF1E
:1018C000DCA30120BCA30120B8A2012074A3012045
:1018D000B4A20120C8A3012080B584B000AF786015
:1018E0003960294B1B68FB60284B1B680433184682
:1018F000FEF776FC0346002B0BD1244B1B68DB6AFA
:10190000012202FA03F3DA43214B1B681340204AF9
:1019100013607B68B3F1FF3F0AD13B68002B07D00F
:101920001A4B1B68043319461A48FEF7FCFB26E0E5
:10193000FA687B681344BB60144B1B68BA685A6032
:10194000BA68FB689A4209D2134B1A680F4B1B689E
:10195000043319461046FEF70AFC10E00F4B1A68D4
:101960000A4B1B68043319461046FEF700FC0C4B6B
:101970001B68BA689A4202D2094ABB68136000BF6A
:101980001037BD4680BD00BFB8A30120B4A201201E
:10199000BCA30120A0A3012070A301206CA30120FF
:1019A000D4A3012080B582B000AF78600B46FB70F5
:1019B0001F4A7B6813601F4B00221A7000F09AFBCD
:1019C00003461A461B4B1B781343DAB2194B1A70A5
:1019D00000F068FC03461A46164B1B781343DAB234
:1019E000144B1A70FB78002B03D0134800F030F82A
:1019F00018E0114B114A5A620F4B114A9A620E4B72
:101A00000F4ADA620C4B0F4A1A630B4B93ED0C7AB8
:101A1000DFED0D6AC6EE877A074BC3ED087A064BF9
:101A20000A4A9A61034B1B7818460837BD4680BDA9
:101A30003CA40120E2A30120F8A30120AC38223B02
:101A4000B016CE393F161B41C3F51C4100002042A1
:101A500080B590B000AF7860C64A07F1200392E8E5
:101A6000030018600433198002330A0C1A70002333
:101A700087F82730F3F7D0F9F0EE407ABE4BC3ED8C
:101A8000007AF3F7C9F9B0EE407ABB4BD3ED007A98
:101A900077EE677AB2EE047AF4EEC77AF1EE10FAD6
:101AA0000FDD7B68B54A5A627B68B54A9A627B68EB
:101AB000B34ADA627B68B34A1A637B68B24A9A61B6
:101AC000F7E29FEDB20AF3F7DBF97B684FF0000213
:101AD0001A637B684FF000025A627B684FF0000285
:101AE0009A627B684FF00002DA6200237B8604E290
:101AF00000F04EFE922000F07BFE07F1200306224C
:101B00001946122000F01EFE00F04EFE97F821301C
:101B10001B021AB297F820301BB21343FB87B7F9A8
:101B20003E3007EE903AB8EEE77A994BD3ED007A63
:101B300067EE277A7B68C3ED007A97F823301B02A3
:101B40001AB297F822301BB21343FB87B7F93E3025
:101B500007EE903AB8EEE77A8D4BD3ED007A67EE58
:101B6000277A7B68C3ED017A97F825301B021AB2F9
:101B700097F824301BB21343FB87B7F93E3007EECA
:101B8000903AB8EEE77A824BD3ED007A67EE277A87
:101B90007B68C3ED027A7B6893ED007A7B68D3EDB6
:101BA000007A27EE277A7B68D3ED016A7B68D3ED54
:101BB000017A66EEA77A37EE277A7B68D3ED026A60
:101BC0007B68D3ED027A66EEA77A77EE277AB0EEDD
:101BD000670A05F03FFF87ED0A0A7B6893ED0C7AF0
:101BE000D7ED0A7A77EE277A7B68C3ED0C7A00F09E
:101BF000E7FD07F1200308221946002000F0A2FDAE
:101C000000F0EAFD97F820300F2B65D197F82330CC
:101C10001B021AB297F822301BB21343FB87B7F9A5
:101C20003E3007EE903AB8EEE77A5A4BD3ED007AA1
:101C300067EE277A7B68C3ED037A7B6893ED097AB8
:101C40007B68D3ED037A77EE277A7B68C3ED097A58
:101C500097F825301B021AB297F824301BB21343B1
:101C6000FB87B7F93E3007EE903AB8EEE77A494B7A
:101C7000D3ED007A67EE277A7B68C3ED047A7B6840
:101C800093ED0A7A7B68D3ED047A77EE277A7B6846
:101C9000C3ED0A7A97F827301B021AB297F826305C
:101CA0001BB21343FB87B7F93E3007EE903AB8EE0C
:101CB000E77A384BD3ED007A67EE277A7B68C3ED7D
:101CC000057A7B6893ED0B7A7B68D3ED057A77EE26
:101CD000277A7B68C3ED0B7A7B8E002B2FD1BB6AF2
:101CE000BB63BB6A7B63002387F8313022E097F83F
:101CF000312097F831307968023292000A44043278
:101D000012689B0040333B442C3B1A6097F831200B
:101D100097F831307968023292000A44043212682E
:101D20009B0040333B44383B1A6097F83130013315
:101D300087F8313097F83130022BD8D97FE097ED12
:101D40000A7AD7ED0E7AB4EEE77AF1EE10FA01DDF9
:101D5000BB6ABB6397ED0A7AD7ED0D7AB4EEE77AEA
:101D6000F1EE10FA01D5BB6A7B63002387F83030AF
:101D700061E000BF308C01082CA40120AC38223B6C
:101D8000B016CE393F161B41000020420AD7A33BB4
:101D9000300100203401002097F830307A68023397
:101DA0009B001344043393ED007A97F830309B0086
:101DB00040333B442C3BD3ED007AB4EEE77AF1EEAE
:101DC00010FA0EDD97F8302097F83030796802323B
:101DD00092000A44043212689B0040333B442C3B7F
:101DE0001A6097F830307A6802339B00134404334A
:101DF00093ED007A97F830309B0040333B44383BFA
:101E0000D3ED007AB4EEE77AF1EE10FA0ED597F83A
:101E1000302097F830307968023292000A44043258
:101E200012689B0040333B44383B1A6097F83030CF
:101E3000013387F8303097F83030022BACD997ED6A
:101E40000E7AD7ED0D7A77EE677AA14BC3ED007A63
:101E5000002387F82F301DE097F82F309B00403388
:101E60003B442C3B93ED007A97F82F309B00403396
:101E70003B44383BD3ED007A97F82F3077EE677A02
:101E8000944A9B001344C3ED007A97F82F30013336
:101E900087F82F3097F82F30022BDDD98C4BD3EDFC
:101EA000007AB6EE007AF4EEC77AF1EE10FA2ADC88
:101EB000884BD3ED007A9FED887AF4EEC77AF1EE85
:101EC00010FA20DC834BD3ED017A9FED837AF4EE98
:101ED000C77AF1EE10FA16DC7E4BD3ED027A9FED55
:101EE0007E7AF4EEC77AF1EE10FA0CDC9FED7B0AF5
:101EF000F2F7C6FF7B8E01337B86794B1B887A8E87
:101F00009A42FFF4F5AD7B68D3ED0C6A744B1B88E5
:101F100007EE903AB8EE677AC6EE877A7B68C3ED33
:101F20000C7A002387F82E301EE097F82E307A685E
:101F300008339B0013440433D3ED006A684B1B88BD
:101F400007EE903AB8EE677A97F82E30C6EE877AA9
:101F50007A6808339B0013440433C3ED007A97F882
:101F60002E30013387F82E3097F82E30022BDCD933
:101F700000F00EFCA22000F03BFC07F1200302223F
:101F80001946222000F0DEFB00F00EFC97F820300E
:101F9000DB001AB297F821305B09DBB21BB21343A6
:101FA000FB87B7F93E30B3F5806F04DBFB8FA3F5F9
:101FB00000639BB2FB87B7F93E3007EE903AF8EE2C
:101FC000E77AB4EE007A67EE877AB3EE077A77EEB7
:101FD000877A7B68C3ED067A424BB3F900309BB237
:101FE00001339BB21AB23F4B1A80394BD3ED007AC2
:101FF000B6EE007AF4EEC77AF1EE10FA3FF741AD93
:102000007B68D3ED0C7A9FED387A77EEC77AF0EEE5
:10201000E77AB6EE007AF4EEC77AF1EE10FA3FF7FF
:1020200030AD2C4BD3ED007A9FED2B7AF4EEC77ACE
:10203000F1EE10FA3FF725AD264BD3ED017A9FED77
:10204000267AF4EEC77AF1EE10FA3FF71AAD214B7B
:10205000D3ED027A9FED207AF4EEC77AF1EE10FA12
:102060003FF70FAD7B68D3ED097AF0EEE77A9FED8D
:102070001F7AF4EEC77AF1EE10FA3FF702AD7B68F3
:10208000D3ED0A7AF0EEE77A9FED187AF4EEC77A8C
:10209000F1EE10FA3FF7F5AC7B68D3ED0B7AF0EE7A
:1020A000E77A9FED127AF4EEC77AF1EE10FA3FF775
:1020B000E8AC7B6893ED0C7ADFED0D6AC6EE877AAB
:1020C0007B68C3ED087A00BF4037BD4680BD00BFC6
:1020D000F0A30120E4A301209A99193E6F12033A5C
:1020E00062010020F4A30120CDCC1C410AD7233C7F
:1020F000C3F51C4180B500AF00F04AFB802000F022
:1021000077FB552000F074FB552000F071FB03466F
:102110001A46604B1A7000F047FB0120F4F770FA82
:1021200000F036FB802000F063FB552000F060FBE0
:10213000552000F05DFB03461A46564B1A7000F01E
:1021400033FB0120F4F75CFA00F022FBB6217E207D
:1021500000F0CCFA00F028FB5020F4F751FA00F020
:1021600017FB802000F044FB552000F041FB552078
:1021700000F03EFB03461A46464B1A7000F014FB73
:102180000120F4F73DFA00F003FB802000F030FB63
:10219000552000F02DFB552000F02AFB03461A467F
:1021A0003C4B1A7000F000FB0120F4F729FA394B80
:1021B0001B781E2B01D0FF236AE0374B00221A70D8
:1021C00061E000F0E5FA344B1B781946334A0B46C0
:1021D0005B000B4413441A782F4B1B7818462F4989
:1021E00003465B0003440B4401331B781946104639
:1021F00000F07CFA00F0D8FA0120F4F701FA00F0C0
:10220000C7FA254B1B781946244A0B465B000B4442
:1022100013441B7863F07F03DBB2184600F0E8FA42
:10222000552000F0E5FA552000F0E2FA03461A4680
:10223000184B1A7000F0B8FA0120F4F7E1F9164BC8
:102240001B781946154A0B465B000B4413440133B7
:102250001A78104B1B789A420FD00F4B1B781946F7
:102260000E4A0B465B000B44134402331A780C4BA6
:102270001B781343DAB20A4B1A70074B1B780133F1
:10228000DAB2054B1A70044B1B78052B99D9002341
:10229000184680BDE0A30120E1A301203C010020FD
:1022A000E2A3012080B500AF00F08AFA5049002077
:1022B00000F030FA00F090FA0120F4F7A1F900F0F4
:1022C0007FFA4B49002000F025FA00F085FA012042
:1022D000F4F796F900F074FAB621142000F006FA2B
:1022E00000F07AFA5020F4F78BF900F069FA4049CF
:1022F000002000F00FFA00F06FFA0120F4F780F9E7
:1023000000F05EFA3A49002000F004FA00F064FAA6
:102310000120F4F775F9364B1B780F2B01D0FF2302
:1023200064E0344B00221A705BE000F049FA314B54
:102330001B781946304A0B465B000B4413441A784D
:102340002C4B1B7818462C4903465B0003440B4476
:1023500001331B781946104600F0C8F900F03CFA2A
:102360000120F4F74DF900F02BFA224B1B781946A7
:10237000214A0B465B000B4413441B781C4918464A
:1023800000F0C8F900F028FA0120F4F739F9194BE8
:102390001B781946184A0B465B000B441344013363
:1023A0001A78134B1B789A4215D0124B1B78013BBD
:1023B000DAB2104B1A700F4B1B7819460F4A0B46B6
:1023C0005B000B44134402331A780D4B1B78134304
:1023D000DAB20B4B1A70074B1B780133DAB2054B9C
:1023E0001A70044B1B78052B9FD90023184680BD1B
:1023F000E0A30120E1A30120500100203C010020C6
:10240000E2A3012080B582B000AF786000F0C0F98F
:10241000922000F0EDF90622AF49122000F092F967
:1024200000F0C2F9AC4B5B781B021AB2AA4B1B78C6
:102430001BB213431AB2A94B1A80A84BB3F9003050
:1024400007EE903AB8EEE77AA54BD3ED007A27EE87
:10245000277A7B68D3ED087A67EE277A7B68C3ED2D
:10246000007A9D4BDB781B021AB29B4B9B781BB208
:1024700013431AB2994B1A80984BB3F9003007EE08
:10248000903AB8EEE77A964BD3ED007A27EE277AAA
:102490007B68D3ED087A67EE277A7B68C3ED017A13
:1024A0008D4B5B791B021AB28B4B1B791BB213430A
:1024B0001AB28A4B1A80894BB3F9003007EE903A72
:1024C000B8EEE77A864BD3ED007A27EE277A7B6861
:1024D000D3ED087A67EE277A7B68C3ED027A00F0C5
:1024E0006FF908227C49002000F02CF900F074F903
:1024F000794B1B780F2B40F0B0807A4B1B78002B68
:102500005DD0754BDB781B021AB2734B9B781BB204
:1025100013431AB2714B1A80704BB3F9003007EEB7
:10252000903AB8EEE77A704BD3ED007A27EE277A2F
:102530007B68D3ED097A77EE677A7B68C3ED037A1F
:10254000654B5B791B021AB2634B1B791BB21343B9
:102550001AB2624B1A80614BB3F9003007EE903A21
:10256000B8EEE77A604BD3ED007A27EE277A7B68E6
:10257000D3ED0A7A77EE677A7B68C3ED047A564B1F
:10258000DB791B021AB2544B9B791BB213431AB26C
:10259000524B1A80514BB3F9003007EE903AB8EE27
:1025A000E77A514BD3ED007A27EE277A7B68D3ED9B
:1025B0000B7A77EE677A7B68C3ED057A4DE0464B80
:1025C000DB781B021AB2444B9B781BB213431AB23E
:1025D000424B1A80414BB3F9003007EE903AB8EE07
:1025E000E77A414BD3ED007A67EE277A7B68C3ED3B
:1025F000037A394B5B791B021AB2374B1B791BB23A
:1026000013431AB2354B1A80344BB3F9003007EE3E
:10261000903AB8EEE77A344BD3ED007A67EE277A3A
:102620007B68C3ED047A2C4BDB791B021AB22A4B70
:102630009B791BB213431AB2284B1A80274BB3F96C
:10264000003007EE903AB8EEE77A274BD3ED007AE8
:1026500067EE277A7B68C3ED057A00F099F8A2202F
:1026600000F0C6F802221C49222000F06BF800F0AE
:102670009BF8194B1B78DB001AB2174B5B785B0990
:10268000DBB21BB213431AB2144B1A80134BB3F9CB
:102690000030B3F5806F09DB104BB3F900309BB20B
:1026A000A3F500639BB21AB20C4B1A800B4BB3F923
:1026B000003007EE903AF8EEE77AB4EE007A67EE73
:1026C000877AB3EE077A77EE877A7B68C3ED077A6D
:1026D00000BF0837BD4680BD30A4012038A40120CA
:1026E00030010020380100203401002080B582B084
:1026F00000AF03460A46FB711346BB71FB791846CF
:1027000000F076F8BB79184600F072F800BF083781
:10271000BD4680BD80B582B000AF03463960FB7115
:10272000FB7963F07F03DBB2184600F061F85520B7
:1027300000F05EF803461A463B681A7000BF08377F
:10274000BD4680BD80B582B000AF03463960FB71E5
:102750001346BB71FB7963F07F03DBB2184600F0D0
:1027600047F80CE0552000F043F803461A463B6852
:102770001A703B6801333B60BB79013BBB71BB798D
:10278000002BEFD100BF00BF0837BD4680BD000061
:1027900080B500AF002210210248F5F733FC00BFDE
:1027A00080BD00BF0000024080B500AF01221021B3
:1027B0000248F5F727FC00BF80BD00BF00000240C3
:1027C00080B500AF002201210248F5F71BFC00BFD5
:1027D00080BD00BF0004024080B500AF012201218E
:1027E0000248F5F70FFC00BF80BD00BF00040240A7
:1027F00080B586B002AF0346FB71084B186807F13D
:102800000F02F91D4FF47A7300930123F7F7E5FBEC
:10281000FB7B18461037BD4680BD00BF3CA401209D
:1028200080B588B000AF0823BB6100237B61002323
:102830003B6140F2FF13BB603B1D07F10801094AF1
:102840000948F4F721F94FF40073BB603B1D07F111
:102850000801064A0648F4F717F900BF2037BD46BD
:1028600080BD00BF48A40120580A002060A40120B8
:10287000800A002080B483B000AF78607B68B3F931
:10288000F8207B68A3F8FA207B6893F8FC301B02E1
:102890001AB27B6893F8FD301BB213431AB27B68FF
:1028A000A3F8F8207B6893F8FE301B021AB27B680D
:1028B00093F8FF301BB213431BB207EE903AF8EEC9
:1028C000E77A7B68C3ED047A7B6893F800311B02DA
:1028D0001AB27B6893F801311BB213431BB207EEA7
:1028E000903AF8EEE77A7B68C3ED037A7B6893F859
:1028F000023107EE903AF8EE677A7B68C3ED107A02
:102900007B68B3F9F83007EE903AB8EEE77ADFED7E
:10291000586AC7EE267A9FED577A67EE877A7B680A
:10292000C3ED057A7B68B3F9F8301A467B68B3F9D2
:10293000FA30D31A13F5805F05DA7B68DB695A1C1D
:102940007B68DA610FE07B68B3F9F8301A467B6880
:10295000B3F9FA30D31AB3F5805F04DD7B68DB6925
:102960005A1E7B68DA617B68DB6907EE903AF8EE05
:10297000E77A9FED407A27EE877A7B68D3ED057A78
:1029800077EE277A7B68C3ED087A7B68D3ED046A1B
:102990007B6893ED447AC6EE877A7B68C3ED0A7A4A
:1029A0007B68DB695B037A68B2F9F820134407EEB1
:1029B000903AF8EEE76A7B68D3ED447A86EEA77A20
:1029C000DFED2B6AC7EE267A9FED2A7A67EE877ACB
:1029D0007B68C3ED0E7A7B6893F80431032B24D017
:1029E000032B31DC012B02D0022B0FD02CE07B68B3
:1029F00093ED037ADFED206AC7EE267AB3EE047A10
:102A000067EE877A7B68C3ED037A1EE07B6893EDFF
:102A1000037ADFED1A6AC7EE267AB2EE047A67EE21
:102A2000877A7B68C3ED037A0FE07B6893ED037AC6
:102A3000DFED116AC7EE267AB0EE087A67EE877A84
:102A40007B68C3ED037A00E000BF7B689B685A1C7B
:102A50007B689A607B689B68642B02DD7B6801223F
:102A60001A7100BF0C37BD465DF8047B704700BF8C
:102A7000000000460000B4430000804600401C46B1
:102A800080B582B000AF786087ED000A7B683A6855
:102A9000DA637B681B681B68786898477B6803F17A
:102AA00048027B68D3ED0F7A7B6893ED0A7AF0EEEB
:102AB000470AB0EE670A1046EFF72FFC03461A46A6
:102AC0007B6883F84420786800F004F800BF08377A
:102AD000BD4680BD80B483B000AF78607B6893F85A
:102AE0000431032B6FD17B68D3F80831B3F5027F33
:102AF00034D87B68D3ED237AFDEEE77A17EE903A6F
:102B000019127B6893F805311A467B68D3F80831AF
:102B1000A3F205235B00C8B2644952010A4413447E
:102B2000103302461A707B68D3ED237AFDEEE77A04
:102B3000C7ED007A7B6893F805311A467B68D3F8B5
:102B40000831A3F205235B0001333878574952015D
:102B50000A441344103302461A70A1E07B68D3ED97
:102B6000237AFDEEE77A17EE903A19127B6893F814
:102B700005311A467B68D3F80831A3F209235B00BC
:102B8000C8B24A4952010A441344183302461A7023
:102B90007B68D3ED237AFDEEE77AC7ED007A7B6898
:102BA00093F805311A467B68D3F80831A3F209235C
:102BB0005B00013338783D4952010A44134418330D
:102BC00002461A706CE07B68D3F80831B3F5017FD8
:102BD00032D87B68D3ED237AFDEEE77A17EE903A90
:102BE00019127B6893F805311A467B68D3F80831CF
:102BF000A3F201235B00C8B22C4952010A441344DA
:102C000002461A707B68D3ED237AFDEEE77AC7EDB2
:102C1000007A7B6893F805311A467B68D3F808314F
:102C2000A3F201235B0001333878204952010A44A2
:102C3000134402461A7033E07B68D3ED237AFDEE2D
:102C4000E77A17EE903A19127B6893F805311A4625
:102C50007B68D3F80831A3F205235B00C8B213499F
:102C600052010A441344083302461A707B68D3EDBC
:102C7000237AFDEEE77AC7ED007A7B6893F8053199
:102C80001A467B68D3F80831A3F205235B000133B1
:102C90003878064952010A441344083302461A7030
:102CA00000BF0C37BD465DF8047B704740A401208F
:102CB00080B582B000AF78607B684FF00002C3F847
:102CC0008C207868FFF706FF00BF0837BD4680BD3F
:102CD00080B487B000AF87ED030AC7ED020A87ED25
:102CE000011A386097ED017AD7ED027A77EE677AAC
:102CF000C7ED057ABB683B6197ED037AD7ED047A9F
:102D000037EE677A01223B6802FA03F3013B07EED4
:102D1000903AF8EEE77A67EE276A97ED057AC6EE05
:102D2000877AFDEEE77A17EE903A18461C37BD46D3
:102D30005DF8047B704780B487B000AFF86087ED22
:102D4000020AC7ED010A396097ED017AD7ED027AE0
:102D500077EE677AC7ED057ABB683B61FB6807EEE3
:102D6000903AB8EEE77AD7ED057A67EE276A012246
:102D70003B6802FA03F3013B07EE903AF8EEE77A7C
:102D800086EEA77AD7ED047A77EE277AB0EE670A57
:102D90001C37BD465DF8047B704780B582B000AF3C
:102DA00078607B6893F840311B09DBB21A467B6878
:102DB000A3F84C217B6893F841311B027A6892F8A2
:102DC00042211A437B68C3F850217B6893F8433152
:102DD0001B017A6892F844211209D2B21A437B6827
:102DE000C3F854217B6893F844311B0203F47063E9
:102DF0007A6892F845211A437B68C3F858217B68AA
:102E0000D3F850217B68D3ED1A7A7B6893ED1B7A57
:102E10001021F0EE470AB0EE670A1046FFF78BFF6D
:102E2000F0EE407A7B68C3ED597A7B68D3F8542181
:102E30007B68D3ED1C7A7B6893ED1D7A0C21F0EE54
:102E4000470AB0EE670A1046FFF775FFF0EE407ACA
:102E50007B68C3ED5A7A7B68D3F858217B68D3ED41
:102E6000227A7B6893ED237A0C21F0EE470AB0EECC
:102E7000670A1046FFF75FFFF0EE407A7B68C3ED0C
:102E80005B7A7B6893F8463107EE903AF8EE677A02
:102E90007B68C3ED5E7A7B6893F8473107EE903A22
:102EA000F8EE677A7B68C3ED5F7A00BF0837BD46EE
:102EB00080BD80B58CB000AF786008233B620023F2
:102EC000FB610023BB617B68B3F848313B61FF23A2
:102ED00087F82830FF2387F82930FF2387F82A3026
:102EE000FF2387F82B30FF2387F82C30FF2387F848
:102EF0002D30FF2387F82E30FC2387F82F307B6896
:102F0000986C07F10C0307F1280207F11001F3F7A1
:102F1000BBFD00BF3037BD4680BD80B584B000AF7B
:102F20007860FF233B72FF237B72FF23BB72FF237A
:102F3000FB72FF233B73FF237B73FF23BB73FD23D4
:102F4000FB737B68986C7B6803F14C017B6864338E
:102F500007F10802F3F798FD00BF1037BD4680BDAA
:102F600080B58CB000AF786187ED040AC7ED030A25
:102F700087ED021AC7ED011A87ED002AD7ED007A16
:102F8000BAEE047AF4EEC77AF1EE10FA02D8524B98
:102F90003B600AE0D7ED007AB2EE047AF4EEC77A2D
:102FA000F1EE10FA01DB4D4B3B607B69D3ED1A7AF1
:102FB0007B6993ED1B7A1020B0EE471AF0EE670A9A
:102FC00097ED040AFFF784FE0346FB857B69D3ED8A
:102FD0001C7A7B6993ED1D7A0C20B0EE471AF0EE57
:102FE000670A97ED030AFFF773FE0346BB857B690B
:102FF000D3ED1E7A7B6993ED1F7A0C20B0EE471A51
:10300000F0EE670A97ED020AFFF762FE03467B8542
:103010007B69D3ED207A7B6993ED217A0C20B0EEA9
:10302000471AF0EE670A97ED010AFFF751FE0346D3
:103030003B857B69D3ED227A7B6993ED237A0C2063
:10304000B0EE471AF0EE670A97ED000AFFF740FE70
:103050000346FB84FB8D1B0A9BB2DBB23B77FB8DE7
:10306000DBB27B77BB8D1B099BB2DBB2BB77BB8D21
:103070001B015AB27B8D1B0A9BB25BB213435BB23E
:10308000DBB2FB777B8DDBB287F820303B8D1B09F1
:103090009BB2DBB287F821303B8D1B015AB2FB8C0F
:1030A0001B0A9BB25BB213435BB2DBB287F82230E0
:1030B000FB8CDBB287F823307B69986C7B6903F16A
:1030C0004C017B69643307F11C02F3F7DDFC00BFA0
:1030D0003037BD4680BD00BF000020C10000204148
:1030E00080B584B000AFF86087ED020AC7ED010A31
:1030F000FB68BA68DA63FB681B681B68F868984766
:10310000FB689033D7ED010A97ED020A1846EFF7F6
:1031100004F903461A46FB6883F84420FB68D3F899
:10312000D420FB68C3F8842100BF1037BD4680BDA2
:1031300080B582B000AF786087ED000A7B683A689E
:10314000DA637B681B681B68786898477B6803F1C3
:1031500090027B68D3ED0F7A7B6893ED5A7AF0EE9C
:10316000470AB0EE670A1046EFF7D7F803461A464B
:103170007B6883F844207B68D3F8D4207B68C3F84D
:10318000842100BF0837BD4680BD80B582B000AF46
:1031900078607B6818687B68043315221946F8F755
:1031A00073FA7B681B68DB6B1B681A687B681B689B
:1031B000DB6B1B6822F008021A6000BF0837BD46AF
:1031C00080BD80B582B000AF786039603B681B7805
:1031D000A92B40F040813B6801331B78532B40F012
:1031E0003A8115213868F1F76FFC0346002B14BFB4
:1031F00001230023DBB2002B00F01D817B68AB3381
:1032000015223968184605F0C7FA7B68B3F9B5305E
:103210001AB27B68A3F8D4207B68B3F9B7301AB22E
:103220007B68A3F8D6207B68B3F9B9301AB27B6803
:10323000A3F8D8207B6893F8BB30C3F30103DBB25B
:103240001A467B6883F8DA207B6893F8BB30C3F3B7
:103250008103DBB21A467B6883F8DB207B68B3F816
:10326000BC309BB203F00103002B14BF01230023E9
:10327000DBB21A467B6883F8C3207B68B3F8BC30A6
:103280009BB203F00203002B14BF01230023DBB227
:103290001A467B6883F8C7207B68B3F8BC309BB2C2
:1032A00003F00403002B14BF01230023DBB21A46F2
:1032B0007B6883F8C6207B68B3F8BC309BB203F010
:1032C0000803002B14BF01230023DBB21A467B68DE
:1032D00083F8C8207B68B3F8BC309BB203F01003BE
:1032E000002B14BF01230023DBB21A467B6883F84E
:1032F000D0207B68B3F8BC309BB203F02003002BD6
:1033000014BF01230023DBB21A467B6883F8D12067
:103310007B68B3F8BC309BB203F04003002B14BFB2
:1033200001230023DBB21A467B6883F8C2207B6846
:10333000B3F8BC309BB203F08003002B14BF012311
:103340000023DBB21A467B6883F8C4207B68B3F89D
:10335000BC309BB203F48073002B14BF0123002305
:10336000DBB21A467B6883F8C5207B68B3F8BC30B3
:103370009BB203F40073002B14BF01230023DBB2C4
:103380001A467B6883F8C9207B68B3F8BC309BB2CF
:1033900003F48063002B14BF01230023DBB21A4621
:1033A0007B6883F8CA207B68B3F8BC309BB203F417
:1033B0000063002B14BF01230023DBB21A467B6895
:1033C00083F8CB207B68B3F8BC309BB203F4805306
:1033D000002B14BF01230023DBB21A467B6883F85D
:1033E000CC207B68B3F8BC309BB203F40053002BB5
:1033F00014BF01230023DBB21A467B6883F8CD207B
:103400007B68B3F8BC309BB203F48043002B14BF3D
:1034100001230023DBB21A467B6883F8CE207B6849
:10342000B3F8BC309BB21BB29BB2DB0BDBB21A46CB
:103430007B6883F8CF203B6815331B78A92B0AD112
:103440003B6816331B78532B05D13B68153319465F
:103450007868FFF7B6FE00BF0837BD4680BD0000A4
:1034600080B500AF002212491248FBF70FFA03465D
:10347000002B01D0F2F751F90F490E48FBF736FA4D
:103480000346002B01D0F2F748F90C490948FBF735
:103490002DF90346002B01D0F2F73FF90548FBF761
:1034A0005BFA0346002B01D0F2F737F900BF80BD6D
:1034B0007801002080A40120AC00002064010020DD
:1034C00080B500AF002205490548FBF729F90549F9
:1034D0000348FBF747F90023184680BD5CAF012085
:1034E00080A401205CA7012080B400AF002318460F
:1034F000BD465DF8047B704780B483B000AF0346DF
:103500003960FB711346BB80FB79232B4AD801A29B
:1035100052F823F0A5350108A5350108A5350108A5
:10352000A5350108A5350108A5350108A53501080F
:10353000A5350108A5350108A5350108A5350108FF
:10354000A5350108A5350108A5350108A5350108EF
:10355000A5350108A5350108A5350108A5350108DF
:10356000A5350108A5350108A5350108A5350108CF
:10357000A5350108A5350108A5350108A5350108BF
:10358000A5350108A5350108A5350108A5350108AF
:10359000A5350108A5350108A5350108A53501089F
:1035A000A535010800BF002318460C37BD465DF85D
:1035B000047B704780B582B000AF7860396079686D
:1035C0000848FBF7CFF80748FBF72AF9064B1B68BA
:1035D00001211846FCF7EEFC002318460837BD46CB
:1035E00080BD00BF80A40120BC0A002080B584B04B
:1035F00000AF78600B467B800023FB730D4BD3F844
:10360000BC32BB60BB68D3F81432002B01D001235D
:103610000BE07B881A4679680648FBF781F8054875
:10362000FBF7BEF80346FB73FB7B18461037BD461D
:1036300080BD00BF80A4012080B487B000AFF860D7
:10364000B9601346FB710023FB7597F917301846D4
:103650001C37BD465DF8047B7047000080B483B022
:1036600000AF03463960FB713B6812221A80034B9E
:1036700018460C37BD465DF8047B70479401002066
:1036800080B483B000AF03463960FB713B6804220D
:103690001A80034B18460C37BD465DF8047B704713
:1036A000A801002080B582B000AF03463960FB71ED
:1036B000FB79002B05D13A6807490848FCF7FCFA6A
:1036C00004E03A6804490548FCF7F6FA024B18464C
:1036D0000837BD4680BD00BF5CB70120388C0108AB
:1036E00080B582B000AF03463960FB713A68044987
:1036F0000448FCF7E1FA024B18460837BD4680BD86
:103700005CB70120508C010880B582B000AF034641
:103710003960FB713B681A221A8000F043F8024BB3
:1037200018460837BD4680BDAC01002080B582B088
:1037300000AF03463960FB71FB79002B05D13A6875
:1037400007490848FCF7B8FA04E03A680449054814
:10375000FCF7B2FA024B18460837BD4680BD00BFE1
:103760005CB70120648C010880B582B000AF0346CD
:103770003960FB71FB79002B05D13A68074908488D
:10378000FCF79AFA04E03A6804490548FCF794FA11
:10379000024B18460837BD4680BD00BF5CB701200C
:1037A000708C010880B584B000AF0F4B1B68FB60C4
:1037B0000E4B1B68BB600E4B1B687B60FA687B6816
:1037C0001344FB60FB68002B09D008220949F86804
:1037D00000F014F804220849B86800F00FF800BFA0
:1037E0001037BD4680BD00BF107AFF1F147AFF1F3F
:1037F000187AFF1FAE010020BE01002080B487B000
:1038000000AFF860B9601346FB710023FB7500231D
:10381000FB7527E0FB681B0F092B0BD8FB681B0F00
:10382000DAB2FB7D5B001946BB680B443032D2B282
:103830001A700AE0FB681B0FDAB2FB7D5B001946C9
:10384000BB680B443732D2B21A70FB681B01FB60B5
:10385000FB7D5B000133BA68134400221A70FB7DC4
:103860000133FB75FA7DFB799A42D3D300BF00BFC9
:103870001C37BD465DF8047B7047000080B58AB0F8
:1038800000AF786007F1140300221A605A609A6052
:10389000DA601A617B681B68B3F1A04F3AD100234C
:1038A0003B611E4B1B6B1D4A43F0010313631B4B13
:1038B0001B6B03F001033B613B694FF4C0537B6119
:1038C0000223BB610023FB6103233B620A237B626B
:1038D00007F1140319461248F4F7F8F90F4B5B6B24
:1038E0000E4A43F0800353630023FB600B4B5B6C79
:1038F0000A4A43F480435364084B5B6C03F48043EF
:10390000FB60FB68002205214320F3F7B3FD432051
:10391000F3F7CCFD00BF2837BD4680BD003802401C
:103920000000024080B582B000AF78607B68D3F8B9
:10393000E0247B6803F29C4319461046FBF759F8D4
:1039400000BF0837BD4680BD80B582B000AF78604B
:103950000B46FB707B68D3F8E004FA78796813466D
:10396000DB0013449B000B4403F518731A68FB78C3
:103970001946FBF793F800BF0837BD4680BD80B5F8
:1039800082B000AF78600B46FB707B68D3F8E00430
:10399000FA7879681346DB0013449B000B4420330C
:1039A0001A68FB781946FBF72CF900BF0837BD46AB
:1039B00080BD80B582B000AF78607B68D3F8E0341A
:1039C0001846FBF766FA00BF0837BD4680BD80B5D4
:1039D00084B000AF78600123FB737B68DB79002B38
:1039E00002D10023FB7308E07B68DB79022B02D154
:1039F0000123FB7301E0F1F790FE7B68D3F8E0341C
:103A0000FA7B11461846FBF700FA7B68D3F8E034DE
:103A10001846FBF7A8F900BF1037BD4680BD00006F
:103A200080B582B000AF78607B68D3F8E034184688
:103A3000FBF7FBF97B681B6803F560631B687A681A
:103A4000126802F5606243F0010313607B68DB7A61
:103A5000002B05D0044B1B69034A43F00603136196
:103A600000BF0837BD4680BD00ED00E080B582B0E4
:103A700000AF78607B68D3F8E0341846FBF7F1F9C3
:103A800000BF0837BD4680BD80B582B000AF78600A
:103A90000B46FB707B68D3F8E034FA781146184681
:103AA000FBF749FA00BF0837BD4680BD80B582B03C
:103AB00000AF78600B46FB707B68D3F8E034FA788F
:103AC00011461846FBF705FA00BF0837BD4680BD12
:103AD00080B582B000AF78607B68D3F8E0341846D8
:103AE000FBF75BFA00BF0837BD4680BD80B582B0EA
:103AF00000AF78607B68D3F8E0341846FBF758FADB
:103B000000BF0837BD4680BD80B582B000AF786089
:103B10007B681B78002B3CD1204A7B68C2F8E034DC
:103B20007B681E4AC3F8C8221C4B4FF0A0421A60A3
:103B30001A4B04221A71194B0222DA71174B002218
:103B40009A71164B02225A72144B00229A72134B2E
:103B50000022DA72114B00221A73104B00229A7362
:103B60000E4B0022DA730D48F4F7D1FA0346002B0E
:103B700001D0F1F7D2FD80210848F5F7FEFC402284
:103B800000210648F5F7B2FC802201210348F5F731
:103B9000ADFC002318460837BD4680BD5CB9012046
:103BA00080B584B000AF78600023FB730023BB7343
:103BB0007B68D3F8C8321846F4F7B8FB0346FB73AA
:103BC000FB7B184600F042F90346BB73BB7B1846EB
:103BD0001037BD4680BD80B584B000AF7860084620
:103BE00011461A460346FB700B46BB7013463B80DA
:103BF0000023FB730023BB737B68D3F8C802BB7838
:103C00003A88F978F5F78CF80346FB73FB7B184686
:103C100000F01CF90346BB73BB7B18461037BD464A
:103C200080BD80B584B000AF78600B46FB70002388
:103C3000FB730023BB737B68D3F8C832FA78114654
:103C40001846F5F7D7F80346FB73FB7B184600F0E0
:103C5000FDF80346BB73BB7B18461037BD4680BDDD
:103C600080B584B000AF78600B46FB700023FB7317
:103C70000023BB737B68D3F8C832FA781146184624
:103C8000F5F78FF90346FB73FB7B184600F0DEF86F
:103C90000346BB73BB7B18461037BD4680BD80B55D
:103CA00084B000AF78600B46FB700023FB730023E9
:103CB000BB737B68D3F8C832FA7811461846F5F71B
:103CC000D3F90346FB73FB7B184600F0BFF80346AD
:103CD000BB73BB7B18461037BD4680BD80B485B032
:103CE00000AF78600B46FB707B68D3F8C832FB608E
:103CF00097F90330002B0BDAFB7803F07F02F968A9
:103D00001346DB0013449B000B4416331B780BE077
:103D1000FB7803F07F02F9681346DB0013449B0035
:103D20000B4403F256231B7818461437BD465DF842
:103D3000047B704780B584B000AF78600B46FB70A1
:103D40000023FB730023BB737B68D3F8C832FA7877
:103D500011461846F4F7C0FF0346FB73FB7B184679
:103D600000F074F80346BB73BB7B18461037BD46A2
:103D700080BD80B586B000AFF8607A603B600B46CE
:103D8000FB720023FB750023BB75FB68D3F8C802E8
:103D9000F97A3B687A68F5F7CAF80346FB75FB7D4C
:103DA000184600F053F80346BB75BB7D184618371C
:103DB000BD4680BD80B586B000AFF8607A603B60DC
:103DC0000B46FB720023FB750023BB75FB68D3F821
:103DD000C802F97A3B687A68F5F756F80346FB752E
:103DE000FB7D184600F032F80346BB75BB7D1846D4
:103DF0001837BD4680BD80B582B000AF78600B46F5
:103E0000FB707B68D3F8C832FA7811461846F5F78C
:103E100076F8034618460837BD4680BD80B483B0A7
:103E200000AF7860034B18460C37BD465DF8047B45
:103E3000704700BF40BE012080B483B000AF7860FF
:103E400000BF0C37BD465DF8047B704780B485B079
:103E500000AF0346FB710023FB73FB79032B17D8DC
:103E600001A252F823F000BF793E01087F3E01080D
:103E7000853E01088B3E01080023FB730BE0032302
:103E8000FB7308E00123FB7305E00323FB7302E0EF
:103E90000323FB7300BFFB7B18461437BD465DF858
:103EA000047B704780B584B000AFF86008461146C7
:103EB0001A460346FB720B463B811346FB80FB68A8
:103EC000FA7A83F88420FB683A89A3F88620FB6895
:103ED000FA88A3F88820FB68FA7A1A71B7F90830D3
:103EE0001B121BB2DAB2FB685A713B89DAB2FB686B
:103EF0009A71B7F906301B121BB2DAB2FB68DA719D
:103F0000FB88DAB2FB681A72FB683A7E5A720021AB
:103F1000F86800F004F800BF1037BD4680BD80B5DA
:103F20008AB000AF78600B46FB7008233B62002329
:103F3000FB610023BB61FB7803F580733B617B6809
:103F40001868FB78DB007A6813441A1D07F10C032C
:103F500007F11001F2F798FD0120FCF716F800BFF9
:103F60002837BD4680BD000080B582B000AF7860C4
:103F70007B685B681B681B687A68526810469847C4
:103F80007B689B681B681B687A6892681046984734
:103F90007B68DB681B681B687A68D26810469847A4
:103FA0007B685B691B681B687A6852691046984792
:103FB0007B681B691B681B687A6812691046984702
:103FC000FEF72EFC7B681A697B681B69D3ED617A6A
:103FD000B0EE672ADFED121A9FED111ADFED100A1D
:103FE0009FED100A1046FEF7BBFF0120FBF7CDFF47
:103FF0007B685A697B685B69D3ED617AB0EE672AAA
:10400000DFED071A9FED061ADFED050A9FED050AA1
:104010001046FEF7A5FF00BF0837BD4680BD00BFB4
:1040200000000000DC0F494080B584B000AFF860AC
:1040300087ED020AC7ED010A87ED001AD7ED027A73
:104040009FED187AF4EEC77AF1EE10FA01DD164B07
:10405000BB60D7ED027ABBEE097AF4EEC77AF1EED7
:1040600010FA01D5114BBB60FB68BA68DA61FB68D6
:104070005B69E833D7ED010A97ED020A1846EEF7BF
:104080004CF9FB685A69FB685B69D3ED4B7AD7ED55
:10409000000AB0EE670A1046FFF722F800BF10379B
:1040A000BD4680BD00004042000040420000C8C143
:1040B00080B584B000AFF86087ED020AC7ED010A51
:1040C00087ED001AFB68BA681A62FB681B69E8335F
:1040D000D7ED010A97ED020A1846EEF71EF9FB68C4
:1040E0001A69FB681B69D3ED4B7AD7ED000AB0EE75
:1040F000670A1046FEF7F4FF00BF1037BD4680BDCB
:1041000080B584B002AF78600B46FB70FB78002B63
:1041100002D0012B2DD04FE07B685B689FED280A11
:104120001846FEF7ADFC7B689B689FED250A184694
:10413000FEF7A6FC7B685B699FED210A1846FEF737
:10414000F7FF7B681B699FED1E0A1846FEF7F0FF1C
:104150007B68DB689FED1A0A1846FEF791FC7B68C6
:10416000986900230093002300220121FFF79AFEA3
:1041700022E07B685B681846FEF79AFD7B689B68C7
:104180001846FEF795FD7B685B691846FEF7C5FE8D
:104190007B681B691846FEF7C0FE7B68DB68184623
:1041A000FEF786FD7B6898690023009300230022B8
:1041B0000021FFF777FE00BF00BF0837BD4680BD76
:1041C0000000000000000000B0B582B000AF7860D1
:1041D0000B46FB70504B1B78012B07D17B68DB68CB
:1041E0009A6B7B681A604C4B00221A707B681B68C4
:1041F0001846ECF751F904460D46FB781846ECF7E3
:1042000039F941A3D3E90023ECF79EF902460B46A6
:1042100020462946EBF7E2FF02460B4610461946B8
:10422000ECF754FC02467B681A607B681A681346F8
:104230001A467B68DB68D3ED0E7A07EE102A77EE1C
:10424000677A9FED367AF4EEC77AF1EE10FA1EDD4A
:104250007B681B681846ECF71FF904460D46FB788F
:104260001846ECF707F928A3D3E90023ECF76CF91B
:1042700002460B4620462946EBF7AEFF02460B46A8
:1042800010461946ECF722FC02467B681A607B68F0
:10429000DB6893F84430012B13D17B68DB689B6BA0
:1042A0001846ECF7F9F81AA3D3E90023EBF794FFCB
:1042B00002460B4610461946ECF708FC02467B689E
:1042C0001A607B68DB6803F1A0027B6819680B4603
:1042D00019467B68DB68D3ED0E7AF0EE670A00EED4
:1042E000101A1046EEF719F87B68DA687B68DB680D
:1042F000D3ED397AB0EE670A1046FEF7C1FB00BF76
:104300000837BD46B0BD00BF931804560EE55640B1
:1043100085EB51B81EE54640C6010020000016435B
:1043200080B582B000AF786039607B68DB6893F855
:104330004430002B0CD17B68DB683A6807EE902A8A
:10434000F8EEE77AB0EE670A1846FEF799FB02E04E
:10435000786800F009F8034B01221A7000BF083793
:10436000BD4680BDC601002080B582B000AF786038
:104370007B68DB68D3ED0E7A9FED147A77EEC77A0F
:104380007B6817EE902A1A607B68DB6803F1A00255
:104390007B6819680B4619467B68DB68D3ED0E7A9B
:1043A000F0EE670A00EE101A1046EDF7B6FF7B68D4
:1043B000DA687B68DB68D3ED397AB0EE670A1046BD
:1043C000FEF75EFB00BF0837BD4680BD00003443EA
:1043D00080B483B000AF78607B684FF000021A6051
:1043E0007B684FF000025A607B684FF000029A60D1
:1043F0007B684FF00002DA607B684FF000021A61C0
:104400007B684FF000025A617B684FF000029A61AE
:104410007B684FF00002DA617B684FF000021A629D
:104420007B684FF000025A627B684FF000029A628C
:104430007B682C3300221A605A609A607B684FF0C8
:1044400000029A637B684FF00002DA637B684FF0EA
:1044500000021A647B684FF000025A647B684FF0D8
:1044600000029A647B684FF00002DA647B680022E5
:104470001A657B68002283F854207B6818460C3745
:10448000BD465DF8047B704780B500AF204B4FF010
:104490007E525A601E4B4FF07E529A601C4B4FF07A
:1044A0007E52DA601A4B4FF000021A61184B4FF03F
:1044B00000025A61164B4FF000029A61144B012220
:1044C0001A709FED142AF7EE001A9FED131ADFED14
:1044D000130AB2EE040AEEF7D3FF9FED113ADFEDB7
:1044E000102A9FED102ADFED0E1A9FED0A1AF3EE47
:1044F000040A9FED0D0A00210C48EDF7D9FE0021BA
:104500000B48F6F709F90B4B0B4A1A6400BF80BD44
:10451000E0C00120000000008096184B6F12833A23
:104520000000FA440000964300007A44FCC00120D9
:104530004810002060C0012096430B3C90B589B024
:1045400000AF4FF000033B614FF000037B619B4BDA
:10455000BB619B48F0F760FBF0EE407A994BC3EDEE
:10456000007A994B93ED007A964BD3ED007A77EE73
:10457000277A954BC3ED007A9448FDF743FF934BA0
:104580001B68934AD361914B5B68914A13628F4BCE
:104590009B688F4A53628D4BDB688D4A13618B4B4E
:1045A0001B698B4A5361894B5B69894A9361894ACC
:1045B00089498A4800F080FB854BD3ED077A844B0C
:1045C00093ED097AF0EE470AB0EE670A03F040FA7D
:1045D000F0EE407AF1EE677A9FED817A27EE877AE6
:1045E000DFED806AC7EE267A794BC3ED1A7A784BF5
:1045F000D3ED087A764B93ED097AF0EE470AB0EEE8
:10460000670A03F025FAF0EE407A9FED757A27EEFF
:10461000877ADFED746AC7EE267A6D4BC3ED1B7A9D
:104620006B4BD3ED047A6A4B93ED057A684BD3ED6F
:10463000066A674B93ED076A654BD3ED085A644BE6
:1046400093ED095A5F4BD3ED004AB0EE643AF0EEB9
:10465000452AB0EE652AF0EE461AB0EE661AF0EE84
:10466000470AB0EE670AEEF7BBFF594A5E4B1446A5
:1046700003F5A8730FCB84E80F00554A5B495C48EB
:1046800000F0CAF8524A5B495B4800F0C5F8504A4E
:104690005A495B4800F0C0F8391D07F110034C4A35
:1046A000184600F0E1F90023FB7741E0FB7F484A20
:1046B00006339B001344043393ED007AFB7F9B0089
:1046C00020333B441C3BD3ED007A37EE677A3D4BF9
:1046D000D3ED007A67EE276A3D4B93ED107A394BA4
:1046E000D3ED007A77EE277A86EEA77AFB7F384AF9
:1046F0000A339B001344D3ED006A354BD3ED107A97
:1047000026EEA76A324BD3ED106A2E4BD3ED007A1A
:1047100076EEA76AC6EE267AFB7F77EE277A2C4ADA
:104720000A339B001344C3ED007AFB7F0133FB7710
:10473000FB7F022BBAD9264A3249334800F06CF885
:10474000294BD3F8A831224A9367274BD3F8A431D9
:104750001F4A5367244BD3F8A0311D4A1367224BDD
:10476000D3F8AC311A4AD367194B9B6F274A1360B1
:10477000174B5B6F254A5360154B1B6F234A9360A1
:10478000134B9B69224A1360114B1B69204A5360EB
:104790000F4B5B691E4A93601E4B1B6803F00103BD
:1047A000002B01D100F0D2FC1A4B1B680133194ACF
:1047B000136000BF2437BD4690BD00BFC3F51C4148
:1047C0006CC1012070C1012074C10120F8A3012037
:1047D00060C001207CC0012070C00120E0C0012029
:1047E00000003443DB0F494040070020A4C00120F3
:1047F000848F0108B0C00120908F0108BCC0012047
:104800009C8F010894C0012088C0012054C1012060
:1048100060C1012078C1012080B485B000AFF8608C
:10482000B9607A607B68083393ED007A7B6808335F
:10483000D3ED007A67EE277AB6EE007A37EE677A24
:104840007B680C33D3ED006A7B680C33D3ED007AC0
:1048500066EEA77A37EE677AFB68D3ED007A27EE2B
:10486000277A7B680433D3ED006A7B680833D3ED85
:10487000007A66EEA76A7B6893ED006A7B680C336A
:10488000D3ED007A66EE277A76EEE76AFB680433AA
:10489000D3ED007A66EEA77A37EE277A7B68043389
:1048A000D3ED006A7B680C33D3ED007A66EEA76A1D
:1048B0007B6893ED006A7B680833D3ED007A66EE7F
:1048C000277A76EEA76AFB680833D3ED007A66EEA6
:1048D000A77A77EE277A77EEA77ABB68C3ED007ADE
:1048E0007B68043393ED007A7B680833D3ED007A5C
:1048F00027EE277A7B68D3ED006A7B680C33D3ED13
:10490000007A66EEA77A37EE277AFB68D3ED007A55
:1049100027EE277A7B680433D3ED006A7B68043383
:10492000D3ED007A66EEA77AF6EE006A76EEE76AD5
:104930007B680C3393ED006A7B680C33D3ED007A0F
:1049400066EE277A76EEE76AFB680433D3ED007AE9
:1049500066EEA77A37EE277A7B680833D3ED006AD4
:104960007B680C33D3ED007A66EEA76A7B6893ED23
:10497000006A7B680433D3ED007A66EE277A76EE20
:10498000E76AFB680833D3ED007A66EEA77A77EE24
:10499000277ABB68043377EEA77AC3ED007A7B6889
:1049A000043393ED007A7B680C33D3ED007A27EE65
:1049B000277A7B68D3ED006A7B680833D3ED007AF1
:1049C00066EEA77A37EE677AFB68D3ED007A27EEBA
:1049D000277A7B680833D3ED006A7B680C33D3ED0C
:1049E000007A66EEA76A7B6893ED006A7B68043301
:1049F000D3ED007A66EE277A76EEA76AFB68043379
:104A0000D3ED007A66EEA77A37EE277A7B68043317
:104A1000D3ED006A7B680433D3ED007A66EEA77AA3
:104A2000F6EE006A76EEE76A7B68083393ED006A7B
:104A30007B680833D3ED007A66EE277A76EEE76A74
:104A4000FB680833D3ED007A66EEA77A77EE277A13
:104A5000BB68083377EEA77AC3ED007A00BF14373E
:104A6000BD465DF8047B704780B485B000AFF86048
:104A7000B9607A607B68083393ED007A7B6808330D
:104A8000D3ED007A67EE277AB6EE007A37EE677AD2
:104A90007B680C33D3ED006A7B680C33D3ED007A6E
:104AA00066EEA77A37EE677AFB68D3ED007A27EED9
:104AB000277A7B680433D3ED006A7B680833D3ED33
:104AC000007A66EEA76A7B6893ED006A7B680C3318
:104AD000D3ED007A66EE277A76EEA76AFB68043398
:104AE000D3ED007A66EEA77A37EE277A7B68043337
:104AF000D3ED006A7B680C33D3ED007A66EEA76ACB
:104B00007B6893ED006A7B680833D3ED007A66EE2C
:104B1000277A76EEE76AFB680833D3ED007A66EE13
:104B2000A77A77EE277A77EEA77ABB68C3ED007A8B
:104B30007B68043393ED007A7B680833D3ED007A09
:104B400027EE277A7B68D3ED006A7B680C33D3EDC0
:104B5000007A66EEA77A37EE677AFB68D3ED007AC3
:104B600027EE277A7B680433D3ED006A7B68043331
:104B7000D3ED007A66EEA77AF6EE006A76EEE76A83
:104B80007B680C3393ED006A7B680C33D3ED007ABD
:104B900066EE277A76EEE76AFB680433D3ED007A97
:104BA00066EEA77A37EE277A7B680833D3ED006A82
:104BB0007B680C33D3ED007A66EEA76A7B6893EDD1
:104BC000006A7B680433D3ED007A66EE277A76EECE
:104BD000A76AFB680833D3ED007A66EEA77A77EE12
:104BE000277ABB68043377EEA77AC3ED007A7B6837
:104BF000043393ED007A7B680C33D3ED007A27EE13
:104C0000277A7B68D3ED006A7B680833D3ED007A9E
:104C100066EEA77A37EE277AFB68D3ED007A27EEA7
:104C2000277A7B680833D3ED006A7B680C33D3EDB9
:104C3000007A66EEA76A7B6893ED006A7B680433AE
:104C4000D3ED007A66EE277A76EEE76AFB680433E6
:104C5000D3ED007A66EEA77A37EE277A7B680433C5
:104C6000D3ED006A7B680433D3ED007A66EEA77A51
:104C7000F6EE006A76EEE76A7B68083393ED006A29
:104C80007B680833D3ED007A66EE277A76EEE76A22
:104C9000FB680833D3ED007A66EEA77A77EE277AC1
:104CA000BB68083377EEA77AC3ED007A00BF1437EC
:104CB000BD465DF8047B704780B592B000AFF860E8
:104CC000B9607A60FB6893ED047AC84BD3ED007A43
:104CD00077EE677AF0EEE77A9FEDC57AF4EEC77A61
:104CE000F1EE10FA26DCFB6893ED057AC14BD3EDAB
:104CF000007A77EE677AF0EEE77A9FEDBD7AF4EE10
:104D0000C77AF1EE10FA15DCFB6893ED067ABA4B20
:104D1000D3ED007A77EE677AF0EEE77A9FEDB47A1A
:104D2000F4EEC77AF1EE10FA04DCFB681B78002B76
:104D300000F0DC80FB68D3ED047ADFEDB06A87EE2B
:104D4000A67AB0EE470A02F0B7FCF0EE407AC7ED63
:104D5000107AFB68D3ED057ADFEDA86A87EEA67AB4
:104D6000B0EE470A02F0A8FCF0EE407AC7ED0F7AE9
:104D7000FB68D3ED067ADFEDA16A87EEA67AB0EE86
:104D8000470A02F099FCF0EE407AC7ED0E7AFB6814
:104D9000D3ED047ADFED996A87EEA67AB0EE470A82
:104DA00002F044FCF0EE407AC7ED0D7AFB68D3EDDB
:104DB000057ADFED926A87EEA67AB0EE470A02F036
:104DC00035FCF0EE407AC7ED0C7AFB68D3ED067A3D
:104DD000DFED8A6A87EEA67AB0EE470A02F026FC7B
:104DE000F0EE407AC7ED0B7A97ED107AD7ED0E7A98
:104DF00027EE277AD7ED0D6AD7ED0C7A66EEA76A13
:104E0000D7ED0B7A66EEA77A77EE277A7C4BC3ED67
:104E1000007A97ED0F7AD7ED0D7A67EE277A794B06
:104E2000C3ED007A97ED107AD7ED0B7A27EE277A4B
:104E3000D7ED0E6AD7ED0D7A66EEA76AD7ED0C7A3C
:104E400066EEA77A77EE677A6F4BC3ED007A97ED3F
:104E5000107AD7ED0C7A27EE277AD7ED0B7A27EE6A
:104E6000277AD7ED0E6AD7ED0D7A66EEA77A77EE40
:104E7000677A664BC3ED007A97ED107AD7ED0F7A1B
:104E800067EE277A624BC3ED007AD7ED0D7AB1EE6B
:104E9000677AD7ED0B7A27EE277AD7ED106AD7ED30
:104EA0000E7A66EEA76AD7ED0C7A66EEA77A77EEF1
:104EB000677A584BC3ED007AD7ED0F7AB1EE677A77
:104EC000D7ED0B7A67EE277A534BC3ED007A534A3E
:104ED0003B6B136097ED0F7AD7ED0E7A67EE277A6A
:104EE0004F4BC3ED007AFB6800221A70002387F84D
:104EF00047301DE097F847309B00BA68134493EDA4
:104F0000007A97F84730FA689B0013440433D3EDD6
:104F1000007A97F8473067EE277A9B0048333B4486
:104F2000283BC3ED007A97F84730013387F84730C4
:104F300097F84730022BDDD997ED087A304BD3ED47
:104F4000007A27EE277AD7ED096A2E4BD3ED007A47
:104F500066EEA77A37EE277AD7ED0A6A2A4BD3EDA9
:104F6000007A66EEA77A77EE277ABB68C3ED007AFF
:104F700097ED087A254BD3ED007A27EE277AD7ED07
:104F8000096A234BD3ED007A66EEA77A37EE277ACB
:104F9000D7ED0A6A1F4BD3ED007A66EEA77ABB689D
:104FA000043377EE277AC3ED007A97ED087A1A4B2F
:104FB000D3ED007A27EE277AD7ED096A174BD3EDA8
:104FC000007A66EEA77A37EE277AD7ED0A6A144B95
:104FD000D3ED007A66EEA77ABB68083377EE277ABE
:104FE000C3ED007A002387F846302DE07CC1012014
:104FF0006F12833A80C1012084C10120E12E6542F5
:1050000088C101208CC1012090C1012094C10120E0
:1050100098C101209CC10120A0C10120A4C1012090
:10502000A8C1012097F846309B007A681A4497F887
:10503000463012689B0048333B44343B1A6097F873
:105040004630013387F8463097F84630022BE9D9CD
:1050500097ED057A314BD3ED007A27EE277AD7ED1D
:10506000066A2F4BD3ED007A66EEA77A37EE277AE1
:10507000D7ED076A2B4BD3ED007A66EEA77A77EE71
:10508000277A7B68C3ED007A97ED057A264BD3ED3E
:10509000007A27EE277AD7ED066A244BD3ED007A03
:1050A00066EEA77A37EE277AD7ED076A204BD3ED65
:1050B000007A66EEA77A7B68043377EE277AC3ED31
:1050C000007A97ED057A1B4BD3ED007A27EE277A0D
:1050D000D7ED066A184BD3ED007A66EEA77A37EE65
:1050E000277AD7ED076A154BD3ED007A66EEA77ADB
:1050F0007B68083377EE277AC3ED007AFB681B697B
:105100000F4A1360FB685B690E4A1360FB689B697A
:105110000D4A136000BF4837BD4680BD88C10120DD
:105120008CC1012090C1012094C1012098C10120AF
:105130009CC10120A0C10120A4C10120A8C101205F
:105140007CC1012080C1012084C1012080B500AF55
:10515000154BD3ED007A154B93ED077AF0EE470A25
:10516000B0EE670A1248EDF7D8F8114BD3ED117A7B
:10517000B0EE670AEFF7DAFB07EE900AF8EEE77A8F
:105180009FED0C1ADFED0C0AB0EE670AEFF7A4FBF7
:10519000F0EE407A094B1B68FCEEE77A17EE902A96
:1051A0005A6300BF80BD00BFC8010020F8A30120E2
:1051B000FCC001200000804F0000000048100020CB
:1051C00080B582B000AF786039607B68012B07D171
:1051D0003B684FF6FF72934202D10348FFF7F8F89D
:1051E00000BF0837BD4680BDFCC0012080B500AFC0
:1051F0004FF6FF710120FFF7E3FF80BD80B483B05D
:1052000000AF786039607B683A681A607B6818463E
:105210000C37BD465DF8047B704780B582B000AFA7
:1052200078607B6818687B68043312221946F6F7A9
:105230002BFA7B681B68DB6B1B681A687B681B6832
:10524000DB6B1B6822F008021A6000BF0837BD46FE
:1052500080BD80B483B000AF78607B681B791AB2E0
:105260007B685B791B021BB213431BB2C3F30A03B7
:105270001AB27B68DA827B685B79DB08DBB21AB230
:105280007B689B795B011BB213431BB2C3F30A0318
:105290001AB27B681A837B689B799B09DBB21AB2CE
:1052A0007B68DB799B001BB213431AB27B681B7AC5
:1052B0009B021BB213431BB2C3F30A031AB27B68EF
:1052C0005A837B681B7A5B08DBB21AB27B685B7A15
:1052D000DB011BB213431BB2C3F30A031AB27B6890
:1052E0009A837B681B7D1AB27B685B7D1B021BB2B5
:1052F00013431BB2C3F30A031AB27B68DA837B68D9
:105300005B7A9B09DAB27B6883F820207B685B7A42
:105310001B09DBB203F00303DAB27B6883F82120B8
:105320007B68B3F916309BB2A3F580639BB21AB2C7
:105330007B68DA827B68B3F918309BB2A3F580638F
:105340009BB21AB27B681A837B68B3F91A309BB29E
:10535000A3F580639BB21AB27B685A837B68B3F96A
:105360001C309BB2A3F580639BB21AB27B689A8310
:105370007B68B3F91E309BB2A3F580639BB21AB26F
:105380007B68DA837B689B7A1AB27B68DB7A1B02C4
:105390001BB213431AB27B685A847B681B7B1AB218
:1053A0007B685B7B1B021BB213431AB27B689A8437
:1053B0007B689B7B1AB27B68DB7B1B021BB21343AF
:1053C0001AB27B68DA847B681A7C7B6883F82820B1
:1053D0007B685A7C7B6883F829207B689B7C1AB2A7
:1053E0007B68DB7C1B021BB213431BB29AB27B6847
:1053F0005A857B685B8DDBB203F00103DAB27B6810
:1054000083F82D207B685B8DDBB203F00203DAB2F8
:105410007B6883F831207B685B8DDBB203F004038B
:10542000DAB27B6883F830207B685B8DDBB203F0F7
:105430000803DAB27B6883F832207B685B8DDBB2CD
:1054400003F01003DAB27B6883F83A207B685B8D47
:10545000DBB203F02003DAB27B6883F83B207B6881
:105460005B8DDBB203F04003DAB27B6883F82C205B
:105470007B685B8DDBB223F07F03DAB27B6883F855
:105480002E207B68002283F82F207B68002283F87F
:1054900033207B68002283F834207B68002283F865
:1054A00035207B68002283F836207B68002283F851
:1054B00037207B68002283F838207B68002283F83D
:1054C000392000BF0C37BD465DF8047B704780B4BF
:1054D00083B000AF78607B689B685A1C7B689A60D9
:1054E00000BF0C37BD465DF8047B704780B483B0C5
:1054F00000AF78607B6800229A607B6800221A7196
:1055000000BF0C37BD465DF8047B704780B483B0A4
:1055100000AF7860244A7B681A607B6801221A71A8
:105520007B6800229A607B684FF00002DA607B683B
:105530004FF000021A617B684FF000025A617B68ED
:105540004FF000029A617B680022DA617B684FF0BD
:1055500000021A627B684FF000025A627B684FF0CB
:1055600000029A627B684FF00002DA627B684FF0BB
:1055700000021A637B6800225A637B684FF00002C6
:105580009A637B684FF00002DA637B684FF0000299
:105590001A647B68002283F844207B6818460C3725
:1055A000BD465DF8047B7047B08F010880B586B0BA
:1055B00000AF7861FA60BB6087ED010A0B46FB74AF
:1055C0007B691846FFF7A2FF2A4A7B691A607B694C
:1055D00048331846FEF7FCFE7B69A0331846FEF7F9
:1055E000F7FE7B690022A3F8F8207B690022A3F86C
:1055F000FA207B69FC3300221A605A607B6997F8B5
:10560000202083F804217B69FA7C83F805217B69DB
:10561000FA68C3F808217B69BA68C3F80C21D7ED92
:10562000017AF5EE407AF1EE10FA19D197F82030B0
:10563000032B0FD0032B17DC012B02D0022B04D03D
:1056400012E07B690C4AC3F810217B690B4AC3F84E
:10565000102109E07B694FF07E52C3F8102103E06E
:105660007B697A68C3F810217B6918461837BD46F4
:1056700080BD00BF388F0108000098410000104233
:1056800080B584B000AFF860B9607A603B60FB68B9
:105690001846FFF73BFF334AFB681A60FB68BA689D
:1056A0009A64FB68304A9A66FB68304ADA66FB689F
:1056B0002F4A1A67FB682F4A5A67FB684FF00002AF
:1056C0009A67FB682C4ADA67FB684FF00002C3F860
:1056D0008020FB68294AC3F88420FB68284AC3F865
:1056E0008820FB68274AC3F88C20FB689033184653
:1056F000FEF76EFEFB68E8331846FEF769FE7B682E
:105700009AB2FB68A3F848213B689AB2FB68A3F8F9
:105710004A21FB680822DA65FB6800229A65FB686B
:1057200000225A653B7E022B10D0022B14DC002B8A
:1057300002D0012B04D00FE0FB687A68DA640BE03A
:105740007B6803F58072FB68DA6405E07B6803F52B
:105750000072FB68DA6400BFFB6818461037BD466C
:1057600080BD00BF6C8F0108DC0F49C0DC0F4940D1
:105770000000F0C10000F0410000FA430000A0402A
:10578000000020C10000204180B582B000AF7860E9
:1057900039607B683A681A607B680433892200218B
:1057A000184602F037FF7B68002283F88D207B6863
:1057B0008E3300221A605A609A601A737B689B339A
:1057C00000221A605A609A60DA607B68AB3300226C
:1057D0001A605A609A60DA601A611A757B68C03381
:1057E00000221A605A609A60DA601A617B68D433CA
:1057F00000221A605A607B6818460837BD4680BD93
:1058000080B483B000AF786039607B683A681A6012
:105810007B6818460C37BD465DF8047B704780B541
:1058200082B000AF7860084611461A460346FB7006
:105830000B46BB7013467B707B68FA781A777B68DF
:10584000BA785A777B687A789A777B683A7CDA7785
:105850007B683A7D83F8202003217868FEF75FFBA0
:1058600000BF0837BD4680BD80B483B000AF78600C
:105870007B68A5221A707B6802334FF000021A6021
:105880007B6806334FF000021A607B6800229A7230
:105890000022DA727B6818460C37BD465DF8047B3F
:1058A000704780B483B000AF78607B685A221A706A
:1058B0007B6802334FF000021A607B6806334FF0BA
:1058C00000021A607B680A334FF000021A607B689E
:1058D0004FF000021A617B6800221A7600225A7685
:1058E0007B6818460C37BD465DF8047B70470000A6
:1058F00080B582B000AF78607B681846FFF7B4FFD0
:105900007B680C331846FFF7CCFF7B68064A1A62A7
:105910007A68537B012161F3420353737B68184615
:105920000837BD4680BD00BF0000D84180B582B0B9
:1059300000AF78600C4B1B78A52B11D10C210A48C5
:10594000EFF7C2F80346002B14BF01230023DBB29C
:10595000002B05D07B680C220349184602F01CFF7F
:1059600000BF0837BD4680BD5CA7012080B584B06C
:1059700000AFF8600B4687ED010AC7ED000AFB7225
:10598000FB685A221A73FB7A012B05D1FA68537B04
:1059900043F00103537304E0FA68537B6FF3000391
:1059A0005373FA68537B012161F342035373FA681E
:1059B000537B6FF347135373FB6812337A681A6093
:1059C000FB6816333A681A60FB680C334FF6FF72B7
:1059D00018211846EFF74CF803461A46FB689A84DC
:1059E000FB680C331A211846FDF700FE00BF103784
:1059F000BD4680BD80B485B000AFF860B9607A6004
:105A00003B60FB684FF000021A60FB68BA685A609E
:105A1000FB687A689A60FB68FA69DA60FB68BA69C1
:105A20001A61FB683A685A61FB683A6A9A61FB68D6
:105A30004FF00002DA61FB684FF000021A62FB6867
:105A400018461437BD465DF8047B704780B500AF3B
:105A50000D4B1B6801211846FAF7ACFA0B4B1B687B
:105A600012220B491846F5F70FFE084B1B68DB6B3B
:105A70001B681A68054B1B68DB6B1B6822F0080269
:105A80001A6000BF80BD00BFB40A0020F8C7012023
:105A9000FCC7012080B500AF0D4B1B6801211846E3
:105AA000FAF788FA0B4B1B6815220B491846F5F7D5
:105AB000EBFD084B1B68DB6B1B681A68054B1B680A
:105AC000DB6B1B6822F008021A6000BF80BD00BFBC
:105AD000C80A002038C801203CC8012080B58CB01D
:105AE00000AF786007F1080307F110020021786821
:105AF000F1F79AF83B6940F20722934226D0B3F5BA
:105B0000027F5FD2122B3FD040F20622934259D13E
:105B1000002387F82F3014E097F82F2097F82F30C4
:105B200030323A4412F8281C294A13440A4683F8B2
:105B3000FC202748FFF7DAFC97F82F30013387F86D
:105B40002F3097F82F30072BE6D93CE0002387F859
:105B50002E3014E097F82E2097F82E3030323A4449
:105B600012F8281C1B4A13440A4683F8FC201948E3
:105B7000FFF7BCFC97F82E30013387F82E3097F8EA
:105B80002E30072BE6D91EE0002387F82D3014E0D5
:105B900097F82D2097F82D3030323A4412F8281C0F
:105BA0000D4A13440A4683F840210B48FFF79EFC38
:105BB00097F82D30013387F82D3097F82D30072BCB
:105BC000E6D900E000BF00BF3037BD4680BD00BF52
:105BD000D0C50120E4C6012034C3012080B58CB0BB
:105BE00000AF786007F1080307F11002012178681F
:105BF000F1F71AF83B6940F20222934216D040F2C4
:105C00000222934273D8B3F5937F4BD0B3F5937FC1
:105C10006DD8B3F5817F64D0B3F5817F67D8102B41
:105C200022D040F20112934240D060E0002387F876
:105C30002F3014E097F82F2097F82F3030323A4465
:105C400012F8281C2C4A13440A4683F8FC202A48E0
:105C5000FFF74CFC97F82F30013387F82F3097F877
:105C60002F30072BE6D943E0002387F82E3014E0CD
:105C700097F82E2097F82E3030323A4412F8281C2C
:105C80001E4A13440A4683F840211C48FFF72EFCA5
:105C900097F82E30013387F82E3097F82E30072BE7
:105CA000E6D925E0BB68164A136221E03A89154B14
:105CB0001A807A89144B1A803A7B144B1A707A7BBB
:105CC000134B1A70FA89134B1A80104B1B780A2B4E
:105CD00003D8114B01221A700AE00F4B00221A70F0
:105CE00006E0BB680D4A13603A7B0D4B1A7000BF8B
:105CF00000BF3037BD4680BDBCC40120ACC101200F
:105D0000A0C901200CCA01200ACA012014CA01201E
:105D100018CA01200ECA0120D401002028CA01207F
:105D200019CA012080B500AF564B574A9A60554BAF
:105D3000564A5A61A820EEF72BFF00BF01215448B4
:105D4000FBF730FE0346002B14BF01230023DBB218
:105D5000002BF3D1EEF720FE08214E48F4F7DCFCCF
:105D6000B2EE043AF0EE082AB1EE042AF2EE041A7A
:105D70009FED491ADFED480A9FED480A0021484887
:105D8000ECF796FAB2EE043AF0EE082AB1EE042AE5
:105D9000F2EE041A9FED401ADFED420A9FED420A2F
:105DA00000214248ECF784FAB2EE043AF0EE082AF9
:105DB000B1EE042AF2EE041A9FED371ADFED3C0A29
:105DC000B0EE040A00213B48ECF772FAB3EE043A55
:105DD000F0EE082AB1EE042AF2EE041A9FED2E1A14
:105DE000DFED2D0A9FED340A00213448ECF760FA0C
:105DF0009FED333ADFED332A9FED332ADFED331A7F
:105E0000B7EE081ADFED320A9FED320A0021324860
:105E1000ECF74EFA9FED313ADFED1F2A9FED1E2A77
:105E2000DFED2E1A9FED1C1ADFED1B0AB0EE080AFB
:105E300000212B48ECF73CFA9FED2A3ADFED2A2AA5
:105E40009FED2A2ADFED2A1A9FED131ADFED120AC1
:105E5000B2EE0E0A00212748ECF72AFA9FED213A0C
:105E6000DFED212A9FED212ADFED211A9FED0A1A8D
:105E7000DFED090AB2EE0E0A00211F48ECF718FA0E
:105E800000BF80BD400A00204D5A0108955A010804
:105E9000540E0020001000200000000066664640FE
:105EA0003CC201206F12033A9A99993E94C2012094
:105EB0000AD7A33CC4C30120CDCC4C3F1CC4012055
:105EC0000070144600007A440000FA4300A00C461B
:105ED0000AD7233C0000484204C501200000964335
:105EE0005CC5012000007A460080BB4400C05A45D2
:105EF00000606A4618C601202CC7012080B582B018
:105F000000AF7860FDF7ACFA4FF400610348F2F798
:105F100092F84FF4FA70FAF738F8F5E7001C0240EF
:105F200080B582B000AF7860FEF7AEFAFEF706FBF0
:105F30000120FAF72AF8F9E780B586B000AF78605B
:105F40000D48FFF76AF907F10C03322201211846C8
:105F5000FAF770F8FB68402B03D1084B01221A7046
:105F600005E0064B00221A700348FFF772F9012082
:105F7000FAF70BF8E7E700BFF8C7012015CA0120C0
:105F800080B582B000AF78600B4BD3ED007AB0EEF5
:105F9000670A0A48EDF714FA094B1B78012B02D166
:105FA00000F06AFB01E000F0E3F80648FDF7DCFFD3
:105FB0000120F9F7EAFFEFE7D001002038070020C1
:105FC00015CA0120C8C9012080B586B000AF78602D
:105FD000FDF746FA07F10C034FF0FF320121184696
:105FE000FAF728F80348FFF7A1FC0120F9F7CDFFE5
:105FF000F0E700BFA0C9012080B582B000AF786093
:106000000D4B1B780D4AD2ED1D7A9FED0D7A27EED0
:10601000877A0A4AD2ED1F7ADFED096A67EEA67A1F
:10602000F0EE670AB0EE470A19460648FFF79EFCF5
:106030000520F9F7AAFFE3E7D401002060C00120A2
:1060400035FA8E3CA0C9012080B584B002AF7860DB
:10605000344B93F88530002B08D1002300930023A4
:10606000002200212F48FDF71DFF4BE02D4B93F838
:106070008530012B08D10023009300230022012149
:106080002848FDF70FFF3DE0264B93F88530022BA3
:106090000CD1254BB3F90020244BB3F9003000217B
:1060A000009102211F48FDF7FDFE2BE01D4B93F8E8
:1060B0008530032B0CD11C4BB3F900201B4BB3F9DB
:1060C00000300121009102211648FDF7EBFE19E096
:1060D000144B93F88530042B0CD1134BB3F90020EB
:1060E000124BB3F900300221009102210D48FDF757
:1060F000D9FE07E000230093002300220021094875
:10610000FDF7D0FE0A4BD3F86431064AD360012173
:106110000448FDF704FF0748F1F7E9FF0120F9F70C
:1061200034FF95E714C9012006CA012008CA0120DE
:10613000ACC10120480E002080B586B000AF786069
:106140000948FDF722F807F10C034FF0FF32012157
:106150001846F9F76FFF05490348FDF732F80120AB
:10616000F9F713FFEFE700BF38C801203CC8012052
:1061700080B500AF944B93F82030012B05D0924BA3
:1061800093F82030032B40F04B829048FCF791FEAF
:106190008F48FCF78EFE0120F9F7F7FE8A4BB3F922
:1061A0001E30B3F5257F04D18A4B032283F8852066
:1061B0000EE0854BB3F91E3013F5257F04D1854BD6
:1061C000042283F8852003E0824B022283F8852095
:1061D0007D4BB3F91C20804B1A807B4BB3F91A30EE
:1061E0009BB25B429BB21AB27C4B1A80764B93F8FF
:1061F0002130022B00F08B80794BD3ED007A9FED9C
:10620000797AF4EEC77AF1EE10FA03DB764B0122CD
:106210001A7002E0744B00221A70714BD3ED007AB1
:10622000B3EE027AF4EEC77AF1EE10FA10DD6C4BA1
:106230001B681846EAF730F95FA3D3E90023EAF7B1
:10624000FFFB0346002B03D0684B01221A7002E0CB
:10625000664B00221A70624B93ED007A644BD3EDCB
:10626000007AB4EE677AF1EE10FA03D1614B0022A6
:106270001A8002E05F4B01221A805B4B1B78012BD6
:106280000FD15C4BB3F90030012B0AD15A4BD3ED3F
:10629000007A9FED5A7A77EEC77A574BC3ED007AB2
:1062A00012E0524B1B78012B0ED1524BB3F9003048
:1062B000012B09D1504BD3ED007A9FED517A77EE47
:1062C000877A4D4BC3ED007A4B4BD3ED007AF5EE58
:1062D000C07AF1EE10FA03D5474B4FF000021A6076
:1062E000454BD3ED007AB0EE670A4648FCF7C8FB91
:1062F000414BD3ED007AF1EE677AB0EE670A42487F
:10630000FCF7BEFB364B1B68394A136009E09FED72
:10631000430A3C48FCF7B4FB9FED400A3A48FCF7BF
:10632000AFFB294B93F82030012B22D1264B93F859
:106330002130022B17D0354B1B78032B09D1224B70
:1063400093F82130012B04D101213148FDF73CFFA6
:1063500003E000212E48FDF737FF1B4B93F8212067
:106360002A4B1A7061E09FED2D0A2A48FCF788FB42
:106370005BE0154B93F82030032B56D1124B93F86A
:106380002130012B4CD100F065FD234B1B681846D2
:10639000EAF782F80AA3D3E90023EAF7D5F8024620
:1063A0000B4610461946EAF769FB0346194618489A
:1063B000FDF7B6FF39E000BFCDCCCCCCCC4C35409E
:1063C00085EB51B81E852E40F8C70120ACC10120D5
:1063D00034C3012014C9012006CA012008CA0120C3
:1063E00028CA01200000C44116CA012017CA012092
:1063F0002CCA012004CA0120CC010020000048431F
:106400000000C842E4C60120D0C50120ECC901202B
:10641000C8C90120BCC4012024CA0120000000001A
:106420001FED020A8648FCF72BFB864B5B7803F0D6
:106430000303DBB2012B40F0A480824BD3F802307F
:1064400007EE903AF1EE677A9FED7F7A67EE877AF2
:106450007E4BC3ED077A7B4BD3F80630DFED7A7ABB
:1064600007EE103A67EE277A794BC3ED007A784B46
:1064700093ED007A774BD3ED007A77EE677A9FED54
:10648000767AF4EEC77AF1EE10FA14DD704B93EDE4
:10649000007A704BD3ED007A77EE677A9FED6F7AD2
:1064A00037EEC77A6E4BD3ED1F7A77EE277A674BBC
:1064B000C3ED087A33E0664B93ED007A654BD3ED7C
:1064C000007A77EE677A9FED677AF4EEC77AF1EE9D
:1064D00010FA14D55E4B93ED007A5E4BD3ED007A43
:1064E00077EE677A9FED5D7A37EE877A5C4BD3ED76
:1064F0001F7A77EE277A554BC3ED087A0FE0544B9D
:1065000093ED007A534BD3ED007A37EE677A544B14
:10651000D3ED1F7A77EE277A4C4BC3ED087A504BB8
:106520009B6F4C4A1360494B93ED077A4C4BD3ED6C
:106530001D7AF1EE676A4A4BD3ED047AF1EE677A81
:10654000B0EE671AF0EE660AB0EE470A3F48FDF774
:106550006BFD3E4BD3ED087A414B93ED1F7A404BD8
:10656000D3ED066AB0EE661AF0EE470AB0EE670A9F
:106570003648FDF79DFD334A53786FF3010353709E
:106580005CE0324B93ED087A374BB3F9163007EEE7
:10659000903AF8EEE76A9FED356AC6EE867A77EEB6
:1065A000677A2A4BC3ED087A284B93ED077A2E4B76
:1065B000B3F9183007EE903AF8EEE76A9FED2C6ACF
:1065C000C6EE867A77EE277A204BC3ED077A1F4B0B
:1065D00093ED077A224BD3ED1D7AF1EE676A204BDB
:1065E000D3ED047AF1EE677AB0EE671AF0EE660A40
:1065F000B0EE470A1548FDF717FD144BD3ED087AA6
:10660000174B93ED1F7A164BD3ED066AB0EE661A60
:10661000F0EE470AB0EE670A0C48FDF749FD0DE0C1
:10662000114B93F82030022B08D101210748FDF7C8
:1066300067FD104B002283F88520FFE700BF80BD77
:10664000BCC40120A0C90120E12E6542C8C90120B7
:1066500020CA01201CCA0120000034430000B443BA
:1066600060C00120000034C3F8C7012000002544A9
:1066700000404E4514C9012090B583B002AFA34835
:10668000FCF717FCA248FCF714FC0120F9F77DFC8D
:10669000A04B1B78002B20D19F4B022283F8852032
:1066A0009E4B00221A809E4B00221A809D4BD3EDF8
:1066B0001D7AF1EE677A9C4BC3ED077A994BDB6F3D
:1066C000994A1362914B4FF00002C3F88421904B1A
:1066D0004FF00002C3F884218AE3944B93F8C3304F
:1066E000012B0DD1924B1B781A46920013449B004C
:1066F0009BB203F596739BB21AB28E4B1A8017E0C9
:106700008A4B93F8C730012B0FD1894B1B781A465F
:106710001203D21A9200D31A9B009BB2A3F5967370
:106720009BB21AB2834B1A8002E0824B00221A807D
:106730007E4B93F8C630012B0DD17D4B1B781A464A
:10674000920013449B009BB203F596739BB21AB25E
:10675000794B1A8017E0754B93F8C830012B0FD195
:10676000734B1B781A461203D21A9200D31A9B005D
:106770009BB2A3F596739BB21AB26F4B1A8002E0DC
:106780006D4B00221A80694B93F8CD301A466B4B43
:10679000B3F900309BB2D31A9BB21AB2684B1A807D
:1067A000674BB3F90030012B0CD1664BB3F90030C5
:1067B000002B07D1584B022283F88520614B012220
:1067C0001A8010E05E4BB3F90030012B0BD15D4B0A
:1067D000B3F90030012B06D14F4B042283F88520FA
:1067E000584B00221A80514B93F8CD301AB2534BBC
:1067F0001A804E4B93F8C9301A46534BB3F9003008
:106800009BB2D31A9BB21AB2504B1A804F4BB3F9BA
:106810000030012B08D1414BB3F90030002B03D1DC
:106820003E4B01221A800CE0484BB3F90030012B9B
:1068300007D13A4BB3F90030012B02D1374B00227C
:106840001A803A4B93F8C9301AB23F4B1A80334B37
:10685000B3F90030002B00F08D803D4BD3ED007A72
:106860009FED3C7AF4EEC77AF1EE10FA03DB3A4B77
:1068700001221A7002E0384B00221A70344B93ED5B
:10688000007A364BD3ED007AB4EE677AF1EE10FA67
:1068900003D1334B00221A8002E0314B01221A80CF
:1068A0002D4B1B78012B0ED12D4BB3F90030012B52
:1068B00009D12C4BD3ED007A9FED2B7A77EEC77A76
:1068C000284BC3ED007A274BD3ED007AF5EEC07A62
:1068D000F1EE10FA03D5234B4FF000021A60214B62
:1068E000D3ED007AB0EE670A2048FCF7C9F81D4BDB
:1068F000D3ED007AF1EE677AB0EE670A1C48FCF738
:10690000BFF8134B1B68154A136041E0ACC101206E
:1069100034C3012019CA012014C9012000CA012072
:10692000FEC9012060C00120C8C9012038C801206B
:1069300018CA012006CA012008CA0120FAC901208C
:10694000F2C9012002CA0120F8C90120F0C90120C2
:1069500028CA01200000C44116CA01202CCA012007
:1069600004CA0120CC01002000004843E4C60120F5
:10697000D0C50120BA4B5B689FEDBA0A1846FCF7F8
:106980007FF8B74B9B689FEDB70A1846FCF778F87D
:10699000B54B93F8C5301A46B44BB3F900309BB2EF
:1069A000D31A9BB21AB2B24B1A80B14BB3F9003072
:1069B000012B08D1AF4BB3F90030002B03D1AD4B05
:1069C00001221A800CE0AA4BB3F90030012B07D149
:1069D000A84BB3F90030012B02D1A64B00221A803C
:1069E000A14B93F8C5301AB2A04B1A80A14BB3F952
:1069F0000030012B29D19C4B93F8DA30012B1ED1AA
:106A00009D4B5B7803F02003DBB2002B17D000F026
:106A100021FA9A4B1B681846E9F73EFD8EA3D3E98D
:106A20000023E9F791FD02460B4610461946EAF7A6
:106A300025F8034619468A48FDF772FC2CE09FEDC5
:106A4000890A8F48FCF71CF826E08A4BB3F900301E
:106A5000002B21D1844B93F8DA30012B17D100F0B1
:106A6000F9F9864B1B681846E9F716FD7AA3D3E9B6
:106A70000023E9F769FD02460B4610461946E9F77F
:106A8000FDFF034619467648FDF74AFC04E09FEDFA
:106A9000750A7B48FBF7F4FF734B93F8CF301A4627
:106AA000784BB3F900309BB2D31A9BB21AB2764B33
:106AB0001A806D4B93F8DA30002B0DD1724BB3F97D
:106AC0000030012B04D101216548FDF77DFB03E077
:106AD00000216348FDF778FB634B93F8CF301AB27F
:106AE000684B1A80604B93F8DB30012B40F02D810E
:106AF000614B5B7803F00303DBB2012B40F0D680DF
:106B00005D4BD3F80230DFED617A07EE103A67EEA5
:106B1000277AB0EE670A5E48ECF766FCF0EE407A42
:106B2000F1EE677A4E4BC3ED077A534BD3F806303C
:106B3000DFED567A07EE103A67EE277A554BC3ED34
:106B4000007A544B93ED007A534BD3ED007A77EEF5
:106B5000677A9FED527AF4EEC77AF1EE10FA14DDFF
:106B60004C4B93ED007A4C4BD3ED007A77EE677A7D
:106B70009FED4B7A37EEC77A4A4BD3ED1F7A77EE0B
:106B8000277A374BC3ED087A33E0424B93ED007A16
:106B9000414BD3ED007A77EE677A9FED437AF4EEBE
:106BA000C77AF1EE10FA14D53A4B93ED007A3A4BCE
:106BB000D3ED007A77EE677A9FED397A37EE877AF0
:106BC000384BD3ED1F7A77EE277A254BC3ED087A41
:106BD0000FE0304B93ED007A2F4BD3ED007A37EE78
:106BE000677A304BD3ED1F7A77EE277A1C4BC3EDD3
:106BF000087A2C4B9B6F284A1360194B93ED077A48
:106C0000284BD3ED1D7AF1EE676A264BD3ED047A5B
:106C1000F1EE677AB0EE671AF0EE660AB0EE470A58
:106C20000F48FDF701FA0E4BD3ED087A1D4B93ED9B
:106C30001F7A1C4BD3ED066AB0EE661AF0EE470AD7
:106C4000B0EE670A0648FDF733FA0B4A53786FF344
:106C500001035370CCE000BF85EB51B81E852E4078
:106C6000C8C901200000000038C80120F6C9012071
:106C7000EEC90120FEC90120A0C9012024CA0120BB
:106C8000BCC40120FCC90120F4C90120E12E6542E9
:106C90003807002020CA01201CCA0120000034430C
:106CA0000000B44360C00120000034C35F4B93ED8B
:106CB000087A5F4BB3F9D43007EE903AF8EEE76A02
:106CC0009FED5C6AC6EE867A77EE677A574BC3ED26
:106CD000087A564B93ED077A554BB3F9D63007EE49
:106CE000903AF8EEE76A9FED546AC6EE867A77EE40
:106CF000277A4E4BC3ED077A4C4B93ED077A4F4BF7
:106D0000D3ED1D7AF1EE676A4C4BD3ED047AF1EEC8
:106D1000677AB0EE671AF0EE660AB0EE470A4348AB
:106D2000FDF782F9414BD3ED087A444B93ED1F7A7E
:106D3000424BD3ED066AB0EE661AF0EE470AB0EEAB
:106D4000670A3A48FDF7B4F952E03D4A53786FF3C9
:106D500001035370354B93ED087A354BB3F9D430BA
:106D600007EE903AF8EEE76A9FED326AC6EE867A51
:106D700077EE677A2D4BC3ED087A2C4B93ED077AAB
:106D80002B4BB3F9D63007EE903AF8EEE76A9FED59
:106D90002A6AC6EE867A77EE277A244BC3ED077A05
:106DA000224B93ED077A254BD3ED1D7AF1EE676AFE
:106DB000224BD3ED047AF1EE677AB0EE671AF0EE6B
:106DC000660AB0EE470A1948FDF72EF9174BD3EDC6
:106DD000087A1A4B93ED1F7A184BD3ED066AB0EE82
:106DE000661AF0EE470AB0EE670A1048FDF760F940
:106DF0000F4B93F8CA10134BB3F90030D8B2124BB3
:106E0000B3F90030DCB20A4B93F8D0300F4AB2F934
:106E10000020D2B201920093234602460C48FEF7AE
:106E2000FEFC00BF0437BD4690BD00BFC8C90120AD
:106E300038C801200000484300002F4460C00120F2
:106E4000A0C9012000CA012002CA0120FEC90120F8
:106E500014C9012080B400AF3C4B1B881A463C4B40
:106E60001B88D31A3B4A13603A4B1B68632B04DD23
:106E7000394B4FF083421A6048E0364B1B68282B91
:106E800025DD344B1B68632B21DC324B1B68C3F1BF
:106E900028031A01314B1B883149A1FB0313DB087E
:106EA0009BB219462B4B1B68643B01FB03F3134455
:106EB0002C4A82FB03121A445211DB179B1A07EE6D
:106EC000903AF8EEE77A244BC3ED007A1EE0214BAE
:106ED0001B68142B12DD1F4B1B68282B0EDC1F4B6D
:106EE0001B881F4AA2FB0323DB089BB207EE903AE4
:106EF000F8EEE77A184BC3ED007A07E0154B1B68F4
:106F0000142B03DC144B4FF000021A60124BD3ED2C
:106F1000007AF5EEC07AF1EE10FA04D80E4B4FF07D
:106F200000021A600DE00C4BD3ED007AB3EE027A4A
:106F3000F4EEC77AF1EE10FA00DA02E0064B0A4AE4
:106F40001A6000BFBD465DF8047B70470CCA012083
:106F50000ACA012010CA012024CA01200ECA012039
:106F6000CDCCCCCC898888880000904180B586B093
:106F700004AF786039607B68012B53D13B684FF6D2
:106F8000FF7293424ED10023009310230122274920
:106F90002748FEF775FB00230093122302222549A0
:106FA0002548FEF76DFB022300939FED240A4FF462
:106FB000007340F2022201212148FEF7F7FA012373
:106FC0000093B7EE000A40F2FF1340F206220021C0
:106FD0001C48FEF7EBFA01230093B7EE000A40F2DB
:106FE000FF1340F2072200211748FEF7DFFA174986
:106FF0001748FEF703F917491748FEF7C5FB0B4979
:107000001648FEF7FDFB1648FEF772FC134B029381
:107010000B4B0193064B0093074B0A4A0A49114850
:10702000FEF7E8FC00BF0837BD4680BD800A00209F
:10703000ACC10120580A002034C301200000000028
:10704000BCC40120D0C50120E4C60120D810002016
:10705000F8C701202011002038C8012014C90120E0
:10706000A0C90120C8C9012080B500AF4FF6FF714B
:107070000120FFF77BFF80BD2DE9F04F02884B8890
:10708000D0F804C04F684088934283B04CD1B1F827
:1070900000E0864548D14FEA9E089C000EF0030EA2
:1070A00008FB04F94FEA8E021D01DB004FEA890953
:1070B00007EB040A4FEA081B019200933B46B8F124
:1070C000000F1DD000990CF110023944404652F8CF
:1070D000106C1E6052ED037A1E19C6ED007A52F84C
:1070E000086C0E6052ED017A0E1901382B4402F142
:1070F0001002C6ED007A2944E9D1DC4409EB07030C
:10710000BEF1000F09D07246614651F8040B1860B9
:10711000013A2344F9D1019B9C4404375745CDD112
:10712000002003B0BDE8F08F6FF00200F9E700BF68
:10713000F0B4D1E900470368D0F804C05668A34210
:107140005DD1126893425AD10388448804FB03F44A
:10715000A50832D00CF1100107F1100206F110035E
:10716000284612ED047A51ED047A77EEC77A013899
:1071700043ED047A12ED037A51ED037A77EEC77A84
:1071800001F1100143ED037A12ED027A51ED067A16
:1071900077EEC77A02F1100243ED027A51ED057ADB
:1071A00012ED057A77EEC77A03F1100343ED057A05
:1071B000D7D12B019C441F441E4414F003041BD060
:1071C000DCED007A97ED007A77EEC77A013CC6EDE8
:1071D000007A11D0DCED017A97ED017A77EEC77A6B
:1071E000012CC6ED017A07D0DCED027A97ED027A28
:1071F00077EEC77AC6ED027A0020F0BC70476FF0D8
:107200000200FAE72DE9F04F45880B8806884768A9
:10721000546848688BB0AB4209910496498840F0A5
:107220008A801588B54240F0868052888A4240F0B4
:1072300082804FEA9308011D1601089107EB08119F
:10724000C2EB827C019106FB08F195000391D2000C
:107250004FEA8C0103F003099B0007F1100B04EBCC
:10726000050A079102920693ABF110030593079B61
:10727000DDF820E003EB0A0CDFED317AB8F1000F06
:1072800053D0029B4446C11802465B4692ED006A09
:1072900013ED047A53ED034A53ED026A91ED005A5F
:1072A00053ED015A571927EE067A97ED006A77EEEB
:1072B000277A26EE246A4F1936EE276A26EE857A5B
:1072C000D7ED007A37EE067A67EEA57A013C3244B4
:1072D000314477EE877A03F11003D7D1039B019AEB
:1072E0001844B9F1000F0BD04B46D0ED006AB2EC58
:1072F000017A27EE267A013B284477EE877AF4D18B
:10730000ECEC017AD44570460EF1040EB4D1019A2A
:10731000069B114619449B44049B0191013BAA44DE
:10732000049304D0099B58689EE7059AD9E718464C
:107330000BB0BDE8F08F6FF002000BB0BDE8F08F2E
:10734000000000002DE9F04F438804884E68D0F813
:10735000049087B09C420193039640F0EA800A882B
:107360004B88934240F0E5809C4240F0E2800590DB
:107370000CB34FF07E5B671E46F804BB1BD04FF08A
:107380000108BA0006EB020A4FEA880530460021E0
:1073900001F040F90AEB05062A4600215046B8F1F3
:1073A000000F00F0CB8001F035F9013F08F1010832
:1073B00046F804BBE5D1019B002B00F0B5809D0091
:1073C00009EB0502CC460292DDF80C902A1D0492CE
:1073D0002F469E460026029BDCED006AB442A3EBDA
:1073E000070B00F0A1809FED597A324663460BE00F
:1073F000F4EE477AF1EE10FA02F10102C8BFB0EEE6
:10740000677AA2422B4414D0D3ED007AF5EEC07A0D
:10741000F1EE10FAB1EE676AEADCB4EE476AF1EE1B
:1074200010FA02F10102C8BFB0EE467AA2422B4424
:10743000EAD1B5EE407AF1EE10FA75D0F5EE406A79
:10744000F1EE10FA70D07246634693ED007AC7EE03
:10745000267A013AE3EC017AF7D101994B4693ED94
:10746000007AC7EE267A0139E3EC017AF7D1039866
:107470004FEA8608B14239D0DBED006A5A467346BE
:10748000E246BAEC017AD2ED007A26EE877A013B29
:1074900077EEC77AE2EC017AF3D1019BBB44024656
:1074A000CA46BAEC017AD2ED007A26EE877A013B21
:1074B00077EEC77AE2EC017AF3D1284401318C42AD
:1074C000C344D7D1049BBEF1010E06F101069C44D2
:1074D000A7F10407A9447FF47EAFF5EE406AF1EE10
:1074E00010FA06D0002007B0BDE8F08FBB44284456
:1074F000E4E7059B019A5B68D3ED007AF5EE407AEC
:1075000002FB04F2F1EE10FA144608BF043307D070
:10751000E8E7F3EC017AF5EE407AF1EE10FAE1D10A
:107520000EF1010E7445F4D16FF0040007B0BDE810
:10753000F08F6FF0020007B0BDE8F08F5646013FB4
:1075400046F804BB7FF41BAF35E700BF0000000026
:107550000180428043607047F0B4D1E9004703687E
:10756000D0F804C05668A3425DD1126893425AD144
:107570000388448804FB03F4A50832D00CF1100101
:1075800007F1100206F11003284612ED047A51EDBE
:10759000047A77EE877A013843ED047A12ED037AA4
:1075A00051ED037A77EE877A01F1100143ED037A0A
:1075B00012ED027A51ED067A77EE877A02F1100227
:1075C00043ED027A51ED057A12ED057A77EE877A6E
:1075D00003F1100343ED057AD7D12B019C441F44DE
:1075E0001E4414F003041BD0D7ED007A9CED007A02
:1075F00077EE877A013CC6ED007A11D0DCED017A96
:1076000097ED017A77EE877A012CC6ED017A07D0E3
:10761000DCED027A97ED027A77EE877AC6ED027A90
:107620000020F0BC70476FF00200FAE7DFED1F7A30
:1076300020EE270AB5EEC00AF1EE10FAFDEEC07A90
:1076400004D517EE903A013B07EE903AF8EEE77A50
:107650009FED177A30EE670A20EE070AFCEEC07A3B
:1076600017EE903A9BB2B3F5007F1AD207EE903A2C
:10767000F8EE677A591C30EE670A0E4AF7EE007A88
:1076800002EB830302EB810293ED007AD2ED006AF4
:1076900077EEC07A20EE260A67EE877A37EE800A08
:1076A000704730EE470A01210023E6E783F9223EC6
:1076B00000000044B48F0108DFED217A20EE270A94
:1076C000F5EE007A30EE270AB5EEC00AF1EE10FAB8
:1076D000FDEEC07A04D517EE903A013B07EE903AE2
:1076E000F8EEE77A9FED177A30EE670A20EE070A88
:1076F000FCEEC07A17EE903A9BB2B3F5007F1AD237
:1077000007EE903AF8EE677A591C30EE670A0E4A97
:10771000F7EE007A02EB830302EB810293ED007A2D
:10772000D2ED006A77EEC07A20EE260A67EE877AFD
:1077300037EE800A704730EE470A01210023E6E762
:1077400083F9223E00000044B48F010870B503683D
:1077500084B000249E690394102315460293CDE95A
:1077600000446B461268B0479DF8043003F00603EE
:10777000062B03BF009B2B600120204604B070BD88
:10778000009890420CBF06200120704710B5034BB3
:107790000360044600F0E8F8204610BDF0970108A9
:1077A00010B5054B0360044600F0DEF820460821C2
:1077B00000F04AF8204610BDF09701082DE9F0418D
:1077C000069F0899099E8F42044690461D460CD09C
:1077D0002946204600F0CCF820B10123376086F816
:1077E0000480B3710020BDE8F081079900F0C0F873
:1077F0000028EDD086F805800020BDE8F08100BFAC
:1078000038B515461C4600F0B3F800B938BD08225B
:1078100006232560E260237138BD00BF2DE9F041E9
:10782000064617461D460C4600F0A2F848B9032D3F
:1078300007D823683A46314620465B69BDE8F041E7
:107840001847BDE8F08100BF00F0A8B810B5034BA1
:1078500003600446FFF79AFF204610BD50980108C8
:1078600010B5054B03600446FFF790FF20460C213E
:10787000FFF7EAFF204610BD5098010870B582B0AE
:107880000446069E96420D4609D0A06804680696F6
:10789000246A2946A44602B0BDE8704060471946F4
:1078A0000192009300F064F8DDE900320028ECD08A
:1078B000062002B070BD00BF2DE9F04F0D4681B02B
:1078C0001946DDE90A8BDDE90CA91C460746164678
:1078D00000F04EF880B9D04527D0B8682346046838
:1078E000CDE90CA9CDE90A8BE46932462946A446C4
:1078F00001B0BDE8F04F6047002DC9F8008089F85D
:1079000004600CDBA844C24514BF4FF001084FF0DF
:10791000060889F80680002001B0BDE8F08F023526
:10792000F9D1012389F80630F5E75946384600F0C9
:107930001FF80028D1D089F80560ECE72DE9F04167
:1079400006460F4614461D46FFF75AFF48B9B06871
:10795000016822468C692B463946A446BDE8F041B1
:107960006047BDE8F08100BF704700BF002070474E
:10797000814211D008B5406803782A2B0AD04968A3
:107980000B782A2B08BF0131EAF7F4F9B0FA80F03E
:10799000400908BD002008BD0120704700F0ECBB85
:1079A00008B52DED028BB0EE408A00F083F8B4EEFE
:1079B000488AF1EE10FAF0EE408A15D6B0EE480A89
:1079C00000F066F8F7EE007AB4EEE70AF1EE10FA8E
:1079D0000ADD00F0A9FEBDEC028B21230360BDE8A7
:1079E0000840044800F05CB8B0EE680ABDEC028BB9
:1079F00008BD00BF8C98010808B52DED028BB0EED4
:107A0000408A00F04FF9B4EE488AF1EE10FAF0EE39
:107A1000408A15D6B0EE480A00F03AF8F7EE007A40
:107A2000B4EEE70AF1EE10FA0ADD00F07DFEBDECDF
:107A3000028B21230360BDE80840044800F030B801
:107A4000B0EE680ABDEC028B08BD00BF8C9801083F
:107A500000F00EBA08B52DED028BB0EE408A00F0B2
:107A600025F8B4EE488AF1EE10FA0CD6DFED078A5D
:107A7000B4EEE88AF1EE10FA05D500F055FE88EE76
:107A8000A80A21230360BDEC028B08BD00000000A2
:107A900010EE103A23F0004300EE103A7047000059
:107AA0009FED010A704700BF0000C07FB1EEC00A21
:107AB0007047000008B510EE103A23F00042B2F112
:107AC0007E5F2DED0C8B0AD19FED650ADFED657AA7
:107AD000002BC8BFB0EE670ABDEC0C8B08BD04D903
:107AE00030EE408A88EE080AF6E7B2F17C5F3CD2BD
:107AF000B2F10C5F40F2B18060EE007ADFED5A6ABD
:107B00009FED5A7A9FED5A6AA7EEA67ADFED596A81
:107B1000E7EE276A9FED587AA6EEA77ADFED576A5F
:107B2000E7EE276A9FED567AA6EEA77ADFED556A53
:107B3000A7EEA66ADFED546AE6EE276A9FED536A68
:107B4000A6EEA76AF7EE006AE6EE276A27EE277A26
:107B5000DFED4F7A87EE266AE0EE467A70EE677ABE
:107B60009FED4C0A30EE670AB6E7002BDFED3EDAF8
:107B7000DFED3ECA9FED3FCADFED3FBA9FED3FBA52
:107B8000DFED3F8A9FED3FDADFED39AA9FED3EAA98
:107B9000DFED3E9AB7EE009AF6EE007A28DA30EE84
:107BA000098A28EE270AE0EE2DCAE0EE0DAAACEE17
:107BB00080CAAAEE80AAECEE00BAEAEE009AABEE1A
:107BC00080BAA9EE809AEBEE008A68EE808AFFF711
:107BD0006DFF88EE897ADFED307AE0EE077AB0EE5D
:107BE000007A77EE807A9FED2D0AA7EEC70A73E739
:107BF00039EE408A28EE278AB0EE480AFFF756FF92
:107C0000E8EE2DCAE8EE0DAAACEE88CAAAEE88AA64
:107C1000ECEE08BA10EE103AABEE88BA23F47F63AC
:107C200023F00F03EAEE089A07EE903AEBEE088A8B
:107C3000B0EE486AA7EEE76AA9EE889A70EE276A66
:107C400068EE888A86EE267AC8EE896AA0EE267AE1
:107C500037EE870A30EE000A3EE79FED110A3BE758
:107C6000DB0F49400000000008EF1138047F4F3A55
:107C7000613330BF461124BDA80A4E3E90B0A6BE67
:107C8000ABAA2A3E2EC69D3D2D57014039D119C0C1
:107C90006821A233DA0FC93F6821A2B3DA0F494045
:107CA000DB0FC93F38B510EE105A25F00044B4F18F
:107CB0007E5F2DED048B0CD1DFED5D7A9FED5D7A5B
:107CC00060EE277AE0EE077AB0EE670ABDEC048B2F
:107CD00038BD04D970EE407A87EEA70AF6E7B4F112
:107CE0007C5FF7EE008A0BD2B4F1485F52D2DFED31
:107CF000527A70EE277AF4EEE87AF1EE10FAE5DCCB
:107D0000FFF7C6FE38EEC08AF6EE007A28EE278A24
:107D10009FED4A7ADFED4A7A9FED4A9AA8EE277ADC
:107D2000DFED497AE7EE087A9FED487AA7EE887A88
:107D3000DFED477AE7EE087A9FED467AA7EE889A5C
:107D4000DFED457AE8EE077A9FED447AA7EE887A70
:107D5000DFED437AE7EE087AB0EE480AE7EE888A6C
:107D6000FFF7A4FE3F4B29EE089A9C4289EE286A51
:107D7000F0EE006A3DD9A0EE060ADFED3B7AE0EEB8
:107D8000267A9FED2C0A30EE670A002DD8BFB1EE9F
:107D9000400A9BE760EE007ADFED296A9FED277AC3
:107DA0009FED2C6AA7EEA67ADFED276AE7EE276A39
:107DB0009FED267AA6EEA77ADFED256AE7EE276A21
:107DC0009FED207AA6EEA77ADFED236AE7EE866ABA
:107DD0009FED226AA6EEA76ADFED216AE6EE276A2A
:107DE00027EE277AE6EEA78AC7EE287AA0EE270AC2
:107DF0006CE710EE103A23F47F6323F00F0307EED5
:107E0000103AA7EE478A70EE005A30EE070ADFED0F
:107E1000087A88EE005A9FED150AE5EE667AD5EEEF
:107E2000867AB0EE406AA7EE666A77EEC67AAAE76F
:107E30002EBD3BB3DB0FC93FCAF24971047F4F3AF5
:107E400008EF1138ABAA2A3E461124BDA80A4E3EBF
:107E500090B0A6BE2EC69D3D613330BF2D57014068
:107E600039D119C09999793F2EBD3B33DB0F493F7A
:107E700010EE902A22F00041B1F1FF4F10B5F0EE64
:107E8000407A06D810EE100A20F00043B3F1FF4FFD
:107E900004D977EEA07AB0EE670A10BDB2F17E5F2A
:107EA00003D1BDE8104000F083B8941704F0020439
:107EB00044EAD07443B9022C5ED09FED347A032C8F
:107EC00008BFF0EE477AE6E741B9DFED317A9FED82
:107ED000317A0028B8BFF0EE477ADCE7B1F1FF4F06
:107EE00010D1B3F1FF4F04F1FF3407D1022C46D873
:107EF000294B03EB8403D3ED007ACCE7022C41D865
:107F0000264BF6E7B3F1FF4FDFD05B1AB3F1F45F16
:107F10004FEAE3511ADA002A01DA3C3119DB87EE25
:107F2000A00AFFF7B5FD00F043F8F0EE407A012C0F
:107F300012D0022C17D0002CADD09FED197A77EE1D
:107F4000877A9FED187A77EEC77AA4E7DFED107A8B
:107F5000EDE7DFED157AEAE717EE903A03F100431B
:107F600007EE903A97E79FED0E7A77EE877A9FEDCE
:107F70000D7A77EE677A8EE7DFED0A7A8BE7DFED31
:107F80000B7A88E7DFED087A85E700BFDB0F49C091
:107F9000DB0FC93FDB0FC9BF9C980108909801080F
:107FA0002EBDBB33DB0F494000000000DB0F493F13
:107FB00038B510EE105A25F00044B4F1A14FF0EEA0
:107FC000407A10D3B4F1FF4F04D970EE007AB0EECE
:107FD000670A38BDDFED4D7A9FED4D7A002DC8BFA1
:107FE000F0EE477AF3E74B4B9C4210D8B4F1445F74
:107FF0000AD29FED497A30EE077AF7EE006AB4EEC6
:10800000E67AF1EE10FAE2DC4FF0FF3313E0FFF70F
:108010003FFD424B9C424FD8A3F5D0039C4241D830
:10802000F0EE007ABFEE007AA0EE277A002330EE61
:10803000270AC7EE007A5A1C27EEA76A9FED387A06
:10804000DFED385A9FED385A66EE066AE6EE875A3B
:108050009FED367AA5EEA67ADFED355AE7EE265A81
:108060009FED347AA5EEA67ADFED335AE7EE265A75
:108070009FED327AA6EE875A9FED317AA5EE267AE9
:108080009FED305AA7EE265A9FED2F7AA5EE267A5D
:1080900027EE267AA5EE867A27EE877A21D177EE2B
:1080A000C77A94E7F7EE007A30EE677A30EE270A67
:1080B0000123C7EE007ABEE7244B9C420BD8F7EEB3
:1080C000087AB7EE007AA0EE277A022370EE676A8C
:1080D000C6EE877AAFE7BFEE007AC7EE007A0323D9
:1080E000A9E71B4A1B4902EB830201EB8303D3ED93
:1080F000006A37EE667A002D37EE677AD2ED007AA5
:1081000077EEC77AB8BFF1EE677A60E7DB0FC9BFD9
:10811000DB0FC93FFFFFDF3ECAF24971FFFF973F08
:10812000D769853C59DA4B3D6BF16EBD356B883DA7
:108130006E2EBA3D2549123EABAAAA3E21A215BD1C
:1081400095879DBD388EE3BDCDCC4CBEFFFF1B4057
:10815000B8980108A898010808B5062000F08CFA24
:108160000120EDF745FD0000024B0146186800F0C4
:108170000BB800BFE8050020024B0146186800F06C
:108180007FBB00BFE805002001F10B03162B2DE992
:10819000F74F054606D933F0070704D50C232B60AB
:1081A0000024A3E11027B942F8D8284600F026FAA7
:1081B000B7F5FC7FAF4E37D207F108023244A2F187
:1081C000080154688C424FEAD70302D1D468A24216
:1081D00010D06368D4E9021223F00303CA60234479
:1081E00091605A6842F001025A60284600F00CFA89
:1081F00008347BE1023334699F498C4277D062684E
:1082000022F0030CACEB07000F2848DDE21940F028
:10821000010347F001076760C6E90422C2E90211C1
:10822000536044F80C00E0E77B0A2AD0042B12D8F4
:10823000BB0938335A1C06EBC202A2F1080C546881
:10824000644506D0626822F00302D01B0F281CDDB3
:10825000013B0133CFE7142B01D85B33EAE7542B02
:1082600002D83B0B6E33E5E7B3F5AA7F02D8FB0BD0
:108270007733DFE740F25452934204D8BB0C7C338F
:10828000D8E73F23D6E77E23D4E70028E16804DB64
:10829000A368D9608B60A318A3E70C46D0E7002839
:1082A000C6E9041107DBA444DCF8043043F0010301
:1082B000CCF8043099E7BCF5007F706880F09580B9
:1082C0004FEADC024FEA5C1E4FF0010C01320CFA5F
:1082D0000EFC4CEA0000706056F832C006EBC2009B
:1082E0000838C4E902C046F83240CCF80C40981077
:1082F000012282407068904226D3104206D123F0BA
:1083000003035200104203F10403FAD006EBC30842
:10831000C1469E46D9F80C404C4540F0B9800EF15C
:10832000010E1EF0030F09F10809F3D1980740F080
:10833000E380736823EA020373607068520090421E
:1083400002D3002A40F0E580D6F808A0DAF804301D
:1083500023F00309B94504D3A9EB07020F2A00F360
:108360004181464B1968103139440820019100F0D1
:1083700007FA434A0199136801331FBF01F1FF3126
:1083800009184342194080462846019100F0BCF983
:10839000421C0AEB090B044600F0F7808345019963
:1083A000374A02D9B24540F0F080364B1868A345F1
:1083B00000EB010EC3F800E008F1FF3C40F0AB8099
:1083C0001BEA0C0F40F0A780B268494441F001015C
:1083D00051602D4A1B6811688B4288BF13602B4A7D
:1083E00011688B4288BF1360CFE0BCF5206F4FEA65
:1083F0005C2218D24FEA9C12383202F1010E06EBD1
:10840000C20856F83EE0F0452BD192104FF0010C17
:108410000CFA02F202437260C4E902E8C8F80840AC
:10842000CEF80C4063E7142A01D85B32E5E7542A02
:1084300003D84FEA1C326E32DFE7B2F5AA7F03D8C9
:108440004FEADC327732D8E740F2545E72459ABF89
:108450004FEA9C427C327E22CFE7DEF808E0F0450E
:1084600005D0DEF8042022F003026245F5D8DEF8DC
:108470000C80D1E7E0010020E801002060CA012063
:10848000D801002030CA01205CCA012058CA01204E
:108490006068D4F80CC020F00300A0EB070ABAF122
:1084A0000F0F12DDA368E21947F001076760C3F8F8
:1084B0000CC0CCF808304AF00103C6E90422C2E936
:1084C0000211536044F800A08FE6BAF1000F11DBEF
:1084D0002044436843F00103436054F8083F2846B2
:1084E000C3F80CC0CCF8083000F08EF8204603B07A
:1084F000BDE8F08F64460FE758F80809404503F1DE
:10850000FF333FF413AF18E7043352001042FBD09F
:10851000FCE67346FAE7106801301BBFA4EB0B0BB7
:108520000BEB0E0214601A6014F0070B1ABFCBF1AC
:10853000080024185846621802EA0C018044A8EB8F
:10854000010808EA0C0841462846019200F0DCF8D0
:10855000431C019A284B07D1BBF1000F23D0ABF18C
:10856000080010444FF000081A68B460001B404433
:10857000424440F00100B2451A6060603FF429AF08
:10858000B9F10F0F12D801236360B3685B6823F061
:108590000303BB42A3EB070201D30F2A22DC2846C8
:1085A00000F032F8FCE51046D846DDE7DAF80420A2
:1085B000A9F10C0929F0070902F0010242EA0902B7
:1085C000CAF8042005210AEB0902B9F10F0FC2E92C
:1085D00001117FF6FEAE0AF10801284600F050F9BD
:1085E000054BF6E6B46847F00103274442F0010268
:1085F0006360B7607A60F8E530CA0120014800F096
:10860000BDB800BFA0CB0120014800F0B8B800BF42
:10861000A0CB012002440346934200D1704703F8E7
:10862000011BF9E71F2938B505460C4604D9162366
:1086300003604FF0FF3038BDD0F8182112B152F866
:1086400021304BB9284600F05DF822460146284605
:10865000BDE8384000F044B8012B0AD0591C03D1C2
:10866000162303600120E6E7002142F8241020468B
:1086700098470020DFE70000024B01461868FFF72B
:10868000D1BF00BFE8050020144B1B68834270B5C2
:10869000044622D0436C53B10025636C5959B1B9DB
:1086A0000435802DF9D1616C204600F0E9F8A16B0A
:1086B00011B1204600F0E4F8E16C11B1204600F061
:1086C000DFF8636B4BB12046BDE8704018470E6879
:1086D000204600F0D5F83146E1E770BDE8050020FE
:1086E00038B5074D00230446084611462B60EDF7C8
:1086F0006FFA431C02D12B6803B1236038BD00BF61
:108700009CCB0120EDF75CBA38B5064D002304463A
:1087100008462B60EDF776FA431C02D12B6803B1B3
:10872000236038BD9CCB0120014B1868704700BF07
:10873000E805002070B50D4D0D4C641BA4100026FB
:10874000A64209D10B4D0C4C00F0AEF9641BA410ED
:108750000026A64205D170BD55F8043B9847013666
:10876000EEE755F8043B98470136F2E7C89D01084B
:10877000C89D0108C89D0108D89D01087047704731
:10878000082808B506D0FFF7CFFF162303604FF087
:10879000FF3008BD8020FCE70A44914200F1FF331E
:1087A00000D1704710B511F8014B03F8014F914209
:1087B000F9D110BD024B13B1024800F005B8704763
:1087C00000000000018A0108002301461A461846ED
:1087D00000F02AB92DE9F843064608208946FFF73C
:1087E000CFFF244F80463046FFF708FFBB685D6827
:1087F00025F00305A5F11104A4EB09044444B4FBDE
:10880000F8F4013C08FB04F4A04505DD3046FFF711
:10881000FBFE0020BDE8F88300213046FFF774FF1F
:10882000BB682B449842F1D161423046FFF76CFFA0
:10883000013010D100213046FFF766FFBA68831A75
:108840000F2BE3DD0C490968401A0C4943F0010382
:1088500008605360DAE7BB68084A2D1B45F0010544
:108860005D60136830461B1B1360FFF7CDFE0120CF
:10887000D0E700BFE0010020D801002030CA01206D
:10888000F8B504460F46002900F0B180FFF7B6FEA8
:1088900057F8042C564D22F00100A7F1080303EB12
:1088A000000CA968DCF80460614526F0030602F0BC
:1088B00001021BD106443AB957F8082C9B1A1644FA
:1088C000D3E90212CA60916046F001025A60AB60BF
:1088D000484B1B68B34204D8474B20461968FFF742
:1088E00079FF2046BDE8F840FFF78EBECCF8046063
:1088F000002A38D157F8081C5B1A0844996805F11A
:108900000807B94231D0DF68CF60B9600CEB0601CF
:108910004968C9070BD4DCF8081030443ABB374E1D
:10892000B14224D1C5E90433C3E90211012240F068
:10893000010159601850002AD3D1B0F5007F1BD235
:10894000C208012140098140686801320143696021
:1089500055F8320005EBC2010839C3E9020145F8B8
:108960003230C360BDE70022D0E70122CEE7DCF859
:108970000C60CE60B160DAE7B0F5206F4FEA5022AC
:1089800014D282093832511C05EBC20655F8311059
:108990008E4225D10120921000FA02F2686802434B
:1089A0006A60C3E90216B360CB609AE7142A01D863
:1089B0005B32E8E7542A02D8020B6E32E3E7B2F5E5
:1089C000AA7F02D8C20B7732DDE740F254518A42C7
:1089D0009ABF820C7C327E22D5E789688E4204D011
:1089E0004A6822F003028242F7D8CE68D9E7F8BD80
:1089F000E0010020DC01002060CA0120E801002025
:108A000038B5074D074C641BA4101CB9BDE83840AD
:108A100000F050B8013C55F824309847F5E700BF06
:108A2000D89D0108DC9D01082DE9F047DFF874A00E
:108A30000646DAF8000098460F469146FFF79EFE7C
:108A4000164B1C680CB9164C1C606568DAF80000FF
:108A50001F2D05DDFFF793FE4FF0FF30BDE8F087D7
:108A60009EB104EB85010122C1F88890D4F88831C9
:108A7000AA401343C4F88831022EC1F8088102BF0E
:108A8000D4F88C311343C4F88C316B1C023563600D
:108A900044F82570FFF773FE0020DFE7A4CB012028
:108AA000A8CB012010070020F8B500BFF8BC08BC17
:108AB0009E467047F8B500BFF8BC08BC9E4670479C
:108AC00064656661756C745461736B00C08A0108DB
:108AD000FD5E0108000000000000000080000000B2
:108AE0000000000000000000494D555461736B0008
:108AF000E88A0108215F0108020000000000000070
:108B000000020000000000000000000052656D6FD0
:108B100074655461736B00000C8B0108395F0108A8
:108B20000300000000000000000100000000000041
:108B30000000000047696D62616C5461736B000056
:108B4000348B0108815F0108020000000000000072
:108B50000002000000000000000000005669736978
:108B60006F6E5461736B00005C8B0108C95F010874
:108B700002000000000000000002000000000000F1
:108B800000000000426F617264436F6D6D756E6925
:108B900063617400848B01084960010803000000D0
:108BA00000000000000100000000000000000000C4
:108BB00053686F6F745461736B000000B08B0108D1
:108BC00009540008FDFF0000000000000001000043
:108BD0000000000000000000526566657265655483
:108BE00061736B00D88B0108396101080200000035
:108BF0000000000000010000000000000000000074
:108C000053656E645461736B00000000008C0108B2
:108C1000F95F010802000000000000008000000071
:108C2000000000000000000049444C450000000026
:108C3000000000000000000053544D3332205669FC
:108C4000727475616C20436F6D506F727400000018
:108C500053544D6963726F656C656374726F6E69AE
:108C60006373000043444320436F6E6669670000EE
:108C700043444320496E7465726661636500000079
:108C80000000803F00000000000000000000000025
:108C90000000000000000000000000000000803F15
:108CA00000000000000000000000000000000000C4
:108CB00000000000000000000000803F00000000F5
:108CC00000000000000000000000000000000000A4
:108CD000000000000000803F0000000000000000D5
:108CE0000000000000000000000000000000000084
:108CF0000000803F000000000000000000000000B5
:108D00000000000000000000000000000000803FA4
:108D10000000891112239B322446AD573665BF747B
:108D2000488CC19D5AAFD3BE6CCAE5DB7EE9F7F82B
:108D30008110080193331A22A5562C47B7753E645B
:108D4000C99C408DDBBF52AEEDDA64CBFFF976E80B
:108D500002218B30100299132667AF763444BD553B
:108D60004AADC3BC588ED19F6EEBE7FA7CC8F5D9EB
:108D700083310A2091121803A7772E66B5543C451B
:108D8000CBBD42ACD99E508FEFFB66EAFDD874C9CB
:108D900004428D5316619F702004A9153227BB36FB
:108DA0004CCEC5DF5EEDD7FC6888E1997AABF3BAAB
:108DB00085520C4397711E60A1142805B3373A26DB
:108DC000CDDE44CFDFFD56ECE9986089FBBB72AA8B
:108DD00006638F7214409D512225AB343006B917BB
:108DE0004EEFC7FE5CCCD5DD6AA9E3B8788AF19B6B
:108DF00087730E6295501C41A3352A24B11638079B
:108E0000CFFF46EEDDDC54CDEBB962A8F99A708B4A
:108E1000088481951AA793B62CC2A5D33EE1B7F07A
:108E20004008C919522BDB3A644EED5F766DFF7C2A
:108E3000899400859BB712A6ADD224C3BFF136E05A
:108E4000C1184809D33B5A2AE55E6C4FF77D7E6C0A
:108E50000AA583B4188691972EE3A7F23CC0B5D13A
:108E60004229CB38500AD91B666FEF7E744CFD5DEA
:108E70008BB502A499961087AFF326E2BDD034C11A
:108E8000C3394A28D11A580BE77F6E6EF55C7C4DCA
:108E90000CC685D71EE597F42880A1913AA3B3B2FA
:108EA000444ACD5B5669DF78600CE91D722FFB3EAA
:108EB0008DD604C79FF516E4A9902081BBB332A2DA
:108EC000C55A4C4BD7795E68E11C680DF33F7A2E8A
:108ED0000EE787F61CC495D52AA1A3B03882B193BA
:108EE000466BCF7A5448DD59622DEB3C700EF91F6A
:108EF0008FF706E69DD414C5ABB122A0B99230839A
:108F0000C77B4E6AD5585C49E33D6A2CF11E780F49
:108F10000000000000000000010203040607080929
:108F200000000000010203040006101600061016DF
:108F3000000000003C8F01087528010850980108C6
:108F4000488F0108548F010837444A4D6F746F727F
:108F500000000000F09701085C8F0108354D6F7428
:108F60006F72000000000000708F01089B2D010847
:108F7000509801087C8F0108548F01083644614DD8
:108F800069616F000000803F0000000000000000E9
:108F9000000000000000803F000000000000000012
:108FA000000000000000803F00000000548F010816
:108FB000CF54010800000000920E493CB10AC93CA0
:108FC0002BC3163D2EFB483D752B7B3D04A9963DDA
:108FD00080B6AF3D36BDC83D2FBCE13D73B2FA3D12
:108FE00087CF093E8340163EB5AB223EA2102F3EEE
:108FF000CF6E3B3EC2C5473E0115543E135C603EFA
:109000007F9A6C3ECCCF783EC07D823E938E883E68
:10901000229A8E3E32A0943E86A09A3EE59AA03EC9
:10902000128FA63ED47CAC3EEF63B23E2A44B83EDB
:10903000491DBE3E15EFC33E53B9C93ECA7BCF3E64
:109040004136D53E80E8DA3E4F92E03E7533E63E4B
:10905000BBCBEB3EEA5AF13ECBE0F63E275DFC3E51
:10906000E4E7003F3D9C033F824B063F9BF5083FF2
:109070006B9A0B3FDA390E3FCDD3103F2A68133F6E
:10908000D9F6153FC07F183FC6021B3FD17F1D3F59
:10909000CBF61F3F9967223F25D2243F5636273F04
:1090A0001594293F4AEB2B3FDE3B2E3FBB85303FDB
:1090B000C9C8323FF304353F233A373F4268393F4E
:1090C0003B8F3B3FF9AE3D3F67C73F3F70D8413FC5
:1090D00001E2433F03E4453F65DE473F12D1493F8C
:1090E000F8BB4B3F029F4D3F207A4F3F3D4D513FD4
:1090F0004918533F31DB543FE595563F5348583F9D
:109100006AF2593F1A945B3F532D5D3F05BE5E3FA7
:109110002146603F97C5613F5A3C633F59AA643F6F
:10912000880F663FD86B673F3CBF683FA7096A3F1F
:109130000C4B6B3F5E836C3F93B26D3F9ED86E3F8E
:1091400073F56F3F0809713F5213723F4714733F25
:10915000DD0B743F0BFA743FC6DE753F07BA763FEE
:10916000C58B773FF853783F9812793F9DC7793F79
:1091700002737A3FBE147B3FCDAC7B3F283B7C3FE4
:10918000C9BF7C3FAC3A7D3FCCAB7D3F23137E3FD4
:10919000B0707E3F6DC47E3F580E7F3F6D4E7F3F67
:1091A000AB847F3F0FB17F3F97D37F3F43EC7F3F3F
:1091B00011FB7F3F0000803F11FB7F3F43EC7F3F6F
:1091C00097D37F3F0FB17F3FAB847F3F6D4E7F3F93
:1091D000580E7F3F6DC47E3FB0707E3F23137E3FAD
:1091E000CCAB7D3FAC3A7D3FC9BF7C3F283B7C3F49
:1091F000CDAC7B3FBE147B3F02737A3F9DC7793F66
:109200009812793FF853783FC58B773F07BA763F7E
:10921000C6DE753F0BFA743FDD0B743F4714733F96
:109220005213723F0809713F73F56F3F9ED86E3F2E
:1092300093B26D3F5E836C3F0C4B6B3FA7096A3F57
:109240003CBF683FD86B673F880F663F59AA643FB1
:109250005A3C633F97C5613F2146603F05BE5E3F74
:10926000532D5D3F1A945B3F6AF2593F5348583F74
:10927000E595563F31DB543F4918533F3D4D513F33
:10928000207A4F3F029F4D3FF8BB4B3F12D1493FE1
:1092900065DE473F03E4453F01E2433F70D8413F6D
:1092A00067C73F3FF9AE3D3F3B8F3B3F4268393F89
:1092B000233A373FF304353FC9C8323FBB85303FBF
:1092C000DE3B2E3F4AEB2B3F1594293F5636273F76
:1092D00025D2243F9967223FCBF61F3FD17F1D3F08
:1092E000C6021B3FC07F183FD9F6153F2A68133FBF
:1092F000CDD3103FDA390E3F6B9A0B3F9BF5083FF9
:10930000824B063F3D9C033FE4E7003F275DFC3E68
:10931000CBE0F63EEA5AF13EBBCBEB3E7533E63E80
:109320004F92E03E80E8DA3E4136D53ECA7BCF3EE2
:1093300053B9C93E15EFC33E491DBE3E2A44B83E4F
:10934000EF63B23ED47CAC3E128FA63EE59AA03EBF
:1093500086A09A3E32A0943E229A8E3E938E883EFC
:10936000C07D823ECCCF783E7F9A6C3E135C603EDF
:109370000115543EC2C5473ECF6E3B3EA2102F3E64
:10938000B5AB223E8340163E87CF093E73B2FA3D0D
:109390002FBCE13D36BDC83D80B6AF3D04A9963D2A
:1093A000752B7B3D2EFB483D2BC3163DB10AC93CB6
:1093B000920E493C00000000920E49BCB10AC9BCA3
:1093C0002BC316BD2EFB48BD752B7BBD04A996BDD6
:1093D00080B6AFBD36BDC8BD2FBCE1BD73B2FABD0E
:1093E00087CF09BE834016BEB5AB22BEA2102FBEEA
:1093F000CF6E3BBEC2C547BE011554BE135C60BEF6
:109400007F9A6CBECCCF78BEC07D82BE938E88BE64
:10941000229A8EBE32A094BE86A09ABEE59AA0BEC5
:10942000128FA6BED47CACBEEF63B2BE2A44B8BED7
:10943000491DBEBE15EFC3BE53B9C9BECA7BCFBE60
:109440004136D5BE80E8DABE4F92E0BE7533E6BE47
:10945000BBCBEBBEEA5AF1BECBE0F6BE275DFCBE4D
:10946000E4E700BF3D9C03BF824B06BF9BF508BFEE
:109470006B9A0BBFDA390EBFCDD310BF2A6813BF6A
:10948000D9F615BFC07F18BFC6021BBFD17F1DBF55
:10949000CBF61FBF996722BF25D224BF563627BF00
:1094A000159429BF4AEB2BBFDE3B2EBFBB8530BFD7
:1094B000C9C832BFF30435BF233A37BF426839BF4A
:1094C0003B8F3BBFF9AE3DBF67C73FBF70D841BFC1
:1094D00001E243BF03E445BF65DE47BF12D149BF88
:1094E000F8BB4BBF029F4DBF207A4FBF3D4D51BFD0
:1094F000491853BF31DB54BFE59556BF534858BF99
:109500006AF259BF1A945BBF532D5DBF05BE5EBFA3
:10951000214660BF97C561BF5A3C63BF59AA64BF6B
:10952000880F66BFD86B67BF3CBF68BFA7096ABF1B
:109530000C4B6BBF5E836CBF93B26DBF9ED86EBF8A
:1095400073F56FBF080971BF521372BF471473BF21
:10955000DD0B74BF0BFA74BFC6DE75BF07BA76BFEA
:10956000C58B77BFF85378BF981279BF9DC779BF75
:1095700002737ABFBE147BBFCDAC7BBF283B7CBFE0
:10958000C9BF7CBFAC3A7DBFCCAB7DBF23137EBFD0
:10959000B0707EBF6DC47EBF580E7FBF6D4E7FBF63
:1095A000AB847FBF0FB17FBF97D37FBF43EC7FBF3B
:1095B00011FB7FBF000080BF11FB7FBF43EC7FBF6B
:1095C00097D37FBF0FB17FBFAB847FBF6D4E7FBF8F
:1095D000580E7FBF6DC47EBFB0707EBF23137EBFA9
:1095E000CCAB7DBFAC3A7DBFC9BF7CBF283B7CBF45
:1095F000CDAC7BBFBE147BBF02737ABF9DC779BF62
:10960000981279BFF85378BFC58B77BF07BA76BF7A
:10961000C6DE75BF0BFA74BFDD0B74BF471473BF92
:10962000521372BF080971BF73F56FBF9ED86EBF2A
:1096300093B26DBF5E836CBF0C4B6BBFA7096ABF53
:109640003CBF68BFD86B67BF880F66BF59AA64BFAD
:109650005A3C63BF97C561BF214660BF05BE5EBF70
:10966000532D5DBF1A945BBF6AF259BF534858BF70
:10967000E59556BF31DB54BF491853BF3D4D51BF2F
:10968000207A4FBF029F4DBFF8BB4BBF12D149BFDD
:1096900065DE47BF03E445BF01E243BF70D841BF69
:1096A00067C73FBFF9AE3DBF3B8F3BBF426839BF85
:1096B000233A37BFF30435BFC9C832BFBB8530BFBB
:1096C000DE3B2EBF4AEB2BBF159429BF563627BF72
:1096D00025D224BF996722BFCBF61FBFD17F1DBF04
:1096E000C6021BBFC07F18BFD9F615BF2A6813BFBB
:1096F000CDD310BFDA390EBF6B9A0BBF9BF508BFF5
:10970000824B06BF3D9C03BFE4E700BF275DFCBE64
:10971000CBE0F6BEEA5AF1BEBBCBEBBE7533E6BE7C
:109720004F92E0BE80E8DABE4136D5BECA7BCFBEDE
:1097300053B9C9BE15EFC3BE491DBEBE2A44B8BE4B
:10974000EF63B2BED47CACBE128FA6BEE59AA0BEBB
:1097500086A09ABE32A094BE229A8EBE938E88BEF8
:10976000C07D82BECCCF78BE7F9A6CBE135C60BEDB
:10977000011554BEC2C547BECF6E3BBEA2102FBE60
:10978000B5AB22BE834016BE87CF09BE73B2FABD09
:109790002FBCE1BD36BDC8BD80B6AFBD04A996BD26
:1097A000752B7BBD2EFB48BD2BC316BDB10AC9BCB2
:1097B000920E49BC000000804E31305F5F637878C4
:1097C000616269763131375F5F636C6173735F74B7
:1097D0007970655F696E666F4500000050980108FA
:1097E000B89701088498010800000000DC97010880
:1097F0008D770108A17701086D7901086D7901085D
:109800001D7801084D77010801780108BD7701082E
:10981000817701084E31305F5F63787861626976E5
:109820003132305F5F73695F636C6173735F74794A
:1098300070655F696E666F45000000005098010812
:1098400014980108DC970108000000003C9801080A
:109850004D780108617801086D7901086D7901087A
:109860001D7801084D7701083D790108B978010894
:109870007D780108537439747970655F696E666F1D
:1098800000000000F0970108749801080000000033
:1098900000000080DB0F4940DB0F49C0DB0F49BFF0
:1098A000E4CB1640E4CB16C06937AC3168212233D3
:1098B000B40F14336821A2333863ED3EDA0F493F09
:0898C0005E987B3FDA0FC93FFF
:1098C80001970181B0B00884000000000197018170
:1098D800B0B008840000000001970181B0B008848E
:1098E8000000000001970181B0B00884000000006A
:1098F80001970181B0B00884000000000197018140
:10990800B0B008840000000003970181B0B008845B
:109918000000000005970181B0B008840000000035
:1099280009970181B0B00B840000000007970181FE
:10993800B0B008840000000001970181B0B008842D
:10994800000000000B970181B0B0088400000000FF
:1099580003970181B0B00884000000000B970181D3
:10996800B0B008840000000003970181B0B00884FB
:109978000000000001970181B0B0088400000000D9
:1099880001970181B0B008840000000001970181AF
:10999800B0B008840000000003970181B0B00884CB
:1099A8000000000009970181B0B0088400000000A1
:1099B80001970181B0B0088400000000039701817D
:1099C800B0B008840000000003970181B0B008849B
:1099D8000000000001970181B0B008840000000079
:1099E80001970181B0B00B8400000000019701814C
:1099F800B0B008840000000001970181B0B008846D
:109A08000000000008970181B0B009840000000040
:109A180011970181B0B0088400000000019701810E
:109A2800B0B008840000000001970181B0B008843C
:109A38000000000001970181B0B008840000000018
:109A480003970181B0B00884000000000B970181E2
:109A5800B0B00884000000000B970181B0B0088402
:109A68000000000001970181B0B0088400000000E8
:109A780001970181B0B008840000000005970181BA
:109A8800B0B008840000000001970181B0B00884DC
:109A98000000000005970181B0B0088400000000B4
:109AA80001970181B0B0088400000000019701818E
:109AB800B0B008840000000005970181B0B00884A8
:109AC8000000000000970181B0B009840000000088
:109AD80008B10181B0B000840000000008B1018124
:089AE800B0B000840000000092
:109AF000AC70FE7F010000000074FE7FB0A9028000
:109B00008C74FE7FB0B0A880DC74FE7F0100000082
:109B1000E874FE7FB0B0AA801C75FE7FAE71B28083
:109B2000E875FE7F01000000E475FE7FAB3F3880E2
:109B30004476FE7F010000004C76FE7FB0B0AA8024
:109B40008876FE7F010000003477FE7FAA0DB28088
:109B5000B077FE7FB0AF0880407AFE7F0100000042
:109B6000447AFE7FAD3F0280E47CFE7F010000006E
:109B7000C07EFE7F00840480D47EFE7F0100000052
:109B8000D07EFE7FB0AD04809C81FE7FB0A80380B4
:109B9000C081FE7F44FFFF7FC481FE7F48FFFF7FBF
:109BA000D081FE7F01000000A087FE7F1CFDFF7FAB
:109BB000A88FFE7F010000001C90FE7F18FDFF7F34
:109BC000E090FE7F1CFDFF7F8691FE7F20FDFF7FE2
:109BD000D292FE7F24FDFF7FA093FE7F28FDFF7FB2
:109BE0004494FE7F2CFDFF7FEC95FE7F010000007A
:109BF0009098FE7F28FDFF7FE899FE7F2CFDFF7F78
:109C000058A1FE7F0100000070A5FE7FAB04978085
:109C100004ACFE7F01000000088CFF7F18FDFF7F71
:109C2000548CFF7F01000000588EFF7F14FDFF7FE2
:109C3000A48EFF7F010000007A92FF7F10FDFF7F5E
:109C4000DA92FF7F14FDFF7F1893FF7F18FDFF7FDF
:109C50009094FF7F1CFDFF7FD894FF7F20FDFF7F46
:109C60002A95FF7F24FDFF7F5A95FF7F28FDFF7F08
:109C7000EE97FF7F010000002CA2FF7F24FDFF7FF5
:109C80009EA2FF7F28FDFF7FE0A2FF7F2CFDFF7FCC
:109C900098A3FF7F30FDFF7F18A4FF7F34FDFF7F77
:109CA00060A4FF7F38FDFF7F20A5FF7F3CFDFF7F85
:109CB00070A6FF7F40FDFF7FB0A6FF7F44FDFF7FC2
:109CC00010A7FF7F01000000C0A7FF7F08849780D6
:109CD0006CA8FF7F38FDFF7F40ABFF7F01000000D5
:109CE000D8AFFF7F34FDFF7F64B4FF7F0884978087
:109CF000D0B4FF7F0100000022B5FF7F28FDFF7F69
:109D000052B5FF7F0100000016BBFF7F24FDFF7FDF
:109D100058BBFF7F0100000014BCFF7F20FDFF7FC8
:109D20004CBCFF7F24FDFF7FCCBCFF7F0100000007
:109D30001CBDFF7F08849780A4BDFF7F18FDFF7FB7
:109D40009CBEFF7F1CFDFF7FDCBFFF7F08849780E8
:109D5000ACC1FF7F18FDFF7FC8C1FF7F1CFDFF7FE7
:109D6000D8C1FF7F20FDFF7F18C2FF7F24FDFF7F4A
:109D700058C2FF7F28FDFF7F80C2FF7F2CFDFF7F41
:109D8000C8C2FF7F30FDFF7FB0C3FF7F34FDFF7F80
:109D9000E0C3FF7F08849780E0C8FF7F30FDFF7F2E
:109DA000B4D0FF7F01000000A4D9FF7FB0AA0380D8
:109DB000D0D9FF7F0100000084DBFF7FB0B0AC8012
:089DC000A8DBFF7F0100000099
:109DC800B5870108B5010008ED510108697001085F
:049DD80091010008ED
:109DDC000050C347CDCCCC3DCDCCCC3DCDCCCC3D37
:109DEC00CDCCCC3DCDCCCC3DCDCCCC3D0050C34727
:109DFC00CDCCCC3DCDCCCC3DCDCCCC3DCDCCCC3DCF
:109E0C00CDCCCC3DCDCCCC3D0050C347CDCCCC3D06
:109E1C00CDCCCC3DCDCCCC3DCDCCCC3DCDCCCC3DAE
:109E2C00CDCCCC3D0050C347CDCCCC3DCDCCCC3DE6
:109E3C00CDCCCC3DCDCCCC3DCDCCCC3DCDCCCC3D8E
:109E4C000000C842CDCCCC3DCDCCCC3DCDCCCC3D16
:109E5C00CDCCCC3DCDCCCC3DCDCCCC3D0000C84206
:109E6C00FFFF00000024F4001000000001000000BF
:109E7C000A0600020000004001000000EDDE0008B0
:109E8C00DDE00008E1E100080000000007E5000843
:109E9C0099E3000897E400080000000000000000AF
:109EAC0000000000EDE500087DE500085DE6000817
:109EBC00CDE6000809024300020100C0320904008B
:109ECC00000102020100052400100105240100011B
:109EDC000424020205240600010705820308001071
:109EEC0009040100020A00000007050102400000FD
:109EFC00070581024000008101820000AAAAAAAADB
:109F0C003333EB3A58A08B3A010000007D04017CFE
:109F1C00000240AB0341010553080658040700003A
:109F2C000F000810810911000A15800B16000C187F
:109F3C00010D7017C1340108E9340108F934010826
:109F4C00B5350108393601085D360108813601083E
:109F5C00E1360108A5360108093701082D3701083B
:109F6C0069370108120100020202004083044057C5
:109F7C000002010203010000040309041A0300009B
:109F8C0000000000000000000000000000000000C5
:109F9C000000000000000100000020420020CB4522
:109FAC00CDCC4C3E01000000FFFFFFFF0000020083
:109FBC000000000000000000E0010020E001002093
:109FCC00E8010020E8010020F0010020F001002051
:109FDC00F8010020F80100200002002000020020FF
:109FEC0008020020080200201002002010020020AD
:109FFC00180200201802002020020020200200205D
:10A00C00280200202802002030020020300200200C
:10A01C0038020020380200204002002040020020BC
:10A02C00480200204802002050020020500200206C
:10A03C00580200205802002060020020600200201C
:10A04C0068020020680200207002002070020020CC
:10A05C00780200207802002080020020800200207C
:10A06C00880200208802002090020020900200202C
:10A07C009802002098020020A0020020A0020020DC
:10A08C00A8020020A8020020B0020020B00200208C
:10A09C00B8020020B8020020C0020020C00200203C
:10A0AC00C8020020C8020020D0020020D0020020EC
:10A0BC00D8020020D8020020E0020020E00200209C
:10A0CC00E8020020E8020020F0020020F00200204C
:10A0DC00F8020020F80200200003002000030020FA
:10A0EC0008030020080300201003002010030020A8
:10A0FC001803002018030020200300202003002058
:10A10C002803002028030020300300203003002007
:10A11C0038030020380300204003002040030020B7
:10A12C004803002048030020500300205003002067
:10A13C005803002058030020600300206003002017
:10A14C0068030020680300207003002070030020C7
:10A15C007803002078030020800300208003002077
:10A16C008803002088030020900300209003002027
:10A17C009803002098030020A0030020A0030020D7
:10A18C00A8030020A8030020B0030020B003002087
:10A19C00B8030020B8030020C0030020C003002037
:10A1AC00C8030020C8030020D0030020D0030020E7
:10A1BC00D8030020D8030020E0030020E003002097
:10A1CC00E8030020E8030020F0030020F003002047
:10A1DC00F8030020F80300200004002000040020F5
:10A1EC0008040020080400201004002010040020A3
:10A1FC001804002018040020200400202004002053
:10A20C002804002028040020300400203004002002
:10A21C0038040020380400204004002040040020B2
:10A22C004804002048040020500400205004002062
:10A23C005804002058040020600400206004002012
:10A24C0068040020680400207004002070040020C2
:10A25C007804002078040020800400208004002072
:10A26C008804002088040020900400209004002022
:10A27C009804002098040020A0040020A0040020D2
:10A28C00A8040020A8040020B0040020B004002082
:10A29C00B8040020B8040020C0040020C004002032
:10A2AC00C8040020C8040020D0040020D0040020E2
:10A2BC00D8040020D8040020E0040020E004002092
:10A2CC00E8040020E8040020F0040020F004002042
:10A2DC00F8040020F80400200005002000050020F0
:10A2EC00080500200805002010050020100500209E
:10A2FC00180500201805002020050020200500204E
:10A30C0028050020280500203005002030050020FD
:10A31C0038050020380500204005002040050020AD
:10A32C00480500204805002050050020500500205D
:10A33C00580500205805002060050020600500200D
:10A34C0068050020680500207005002070050020BD
:10A35C00780500207805002080050020800500206D
:10A36C00880500208805002090050020900500201D
:10A37C009805002098050020A0050020A0050020CD
:10A38C00A8050020A8050020B0050020B00500207D
:10A39C00B8050020B8050020C0050020C00500202D
:10A3AC00C8050020C8050020D0050020D0050020DD
:10A3BC00D8050020D8050020F00500200000000082
:10A3CC000000000064CA0120CCCA012034CB01205B
:10A3DC000000000000000000000000000000000071
:10A3EC000000000000000000000000000000000061
:10A3FC000000000000000000000000000000000051
:10A40C000000000000000000000000000000000040
:10A41C000000000000000000000000000000000030
:10A42C000000000000000000000000000000000020
:10A43C000000000000000000000000000000000010
:10A44C000000000000000000000000000000000000
:10A45C0000000000000000000100000000000000EF
:10A46C000E33CDAB34126DE6ECDE05000B000000B4
:10A47C0000000000000000000000000000000000D0
:10A48C0000000000000000000000000000000000C0
:10A49C0000000000000000000000000000000000B0
:10A4AC0000000000000000000000000000000000A0
:10A4BC000000000000000000000000000000000090
:10A4CC000000000000000000000000000000000080
:10A4DC000000000000000000000000000000000070
:04A4EC00A1CB0120DF
:040000050800652961
:00000001FF
